Date(NZST),Rainfall(mm),Deficit(mm)
20090101,25,15.5
20090102,0.2,19.6
20090103,38.4,0
20090104,0.6,3.7
20090105,0,8.1
20090106,0,12.4
20090107,0,16.7
20090108,0,21
20090109,0,25.4
20090110,7.2,22.5
20090111,0,26.8
20090112,0,31.1
20090113,0,35.5
20090114,0,39.8
20090115,0,44.1
20090116,0,48.4
20090117,0,52.8
20090118,10,47.1
20090119,15.6,35.8
20090120,0.6,39.5
20090121,0,43.9
20090122,0,48.2
20090123,0,52.5
20090124,0,56.8
20090125,0,61.2
20090126,0,65.5
20090127,1.4,68.4
20090128,0,72.7
20090129,0,77.1
20090130,0,81.3
20090131,0,85.2
20090201,0,89
20090202,0,91.7
20090203,0,94.3
20090204,1.8,94.9
20090205,1,96.4
20090206,0,98.7
20090207,0,101
20090208,0,103.2
20090209,0,105.3
20090210,0.4,106.8
20090211,0,108.7
20090212,6,104.6
20090213,16.6,90
20090214,1,91.6
20090215,0,94.2
20090216,0,96.7
20090217,0,99.1
20090218,0,101.3
20090219,0,103.5
20090220,23.8,81.7
20090221,22,62.8
20090222,2,64.1
20090223,11,56.4
20090224,0.2,59.5
20090225,1,61.8
20090226,0,65.2
20090227,0,68.5
20090228,0,71.8
20090301,6,69.1
20090302,2.2,69.3
20090303,1,70.7
20090304,0,73.1
20090305,0,75.5
20090306,17.8,60
20090307,6.6,55.8
20090308,1.2,57
20090309,3.8,55.6
20090310,3.6,54.4
20090311,27.8,29
20090312,1.4,30
20090313,0,32.4
20090314,0,34.7
20090315,0,37.1
20090316,0,39.5
20090317,0,41.9
20090318,0,44.3
20090319,6.8,39.9
20090320,0.8,41.5
20090321,0,43.9
20090322,0,46.2
20090323,0,48.6
20090324,0,51
20090325,0,53.4
20090326,0,55.8
20090327,0,58.2
20090328,7.2,53.4
20090329,0.2,55.6
20090330,0,57.9
20090331,0,60.3
20090401,0,62.7
20090402,0,64
20090403,0,65.3
20090404,0,66.7
20090405,0,68
20090406,0,69.3
20090407,21.2,49.4
20090408,22.4,28.3
20090409,15.6,14
20090410,0,15.3
20090411,0,16.6
20090412,0,18
20090413,0.2,19.1
20090414,0.4,20
20090415,0,21.3
20090416,0,22.6
20090417,3.6,20.3
20090418,0.2,21.4
20090419,0.2,22.6
20090420,0.6,23.3
20090421,0,24.6
20090422,0,25.9
20090423,0,27.2
20090424,0,28.5
20090425,0,29.8
20090426,32.6,0
20090427,0,1.3
20090428,86.8,0
20090429,30.4,0
20090430,13,0
20090501,4,0
20090502,0,0.6
20090503,0,1.2
20090504,0,1.7
20090505,0,2.3
20090506,13.8,0
20090507,0,0.6
20090508,6.6,0
20090509,0,0.6
20090510,8.2,0
20090511,0,0.6
20090512,0,1.2
20090513,2.8,0
20090514,5,0
20090515,30.8,0
20090516,4.4,0
20090517,40.2,0
20090518,20.8,0
20090519,22.4,0
20090520,12.6,0
20090521,0,0.6
20090522,0,1.2
20090523,0,1.7
20090524,0,2.3
20090525,0,2.9
20090526,0,3.5
20090527,0,4.1
20090528,0,4.6
20090529,0,5.2
20090530,0.2,5.6
20090531,0,6.2
20090601,0,6.8
20090602,0,7
20090603,0,7.2
20090604,0,7.4
20090605,1.8,5.8
20090606,5,1
20090607,0.2,1
20090608,0,1.2
20090609,5.8,0
20090610,15,0
20090611,19,0
20090612,13.8,0
20090613,10.6,0
20090614,0.4,0
20090615,3,0
20090616,11.8,0
20090617,1,0
20090618,0,0.2
20090619,0,0.4
20090620,0,0.6
20090621,0,0.8
20090622,0.2,0.8
20090623,0,1
20090624,0,1.2
20090625,0,1.5
20090626,5.2,0
20090627,2.6,0
20090628,0,0.2
20090629,0,0.4
20090630,0,0.6
20090701,0,0.8
20090702,0,1.1
20090703,21,0
20090704,1.6,0
20090705,0.4,0
20090706,1.4,0
20090707,11.6,0
20090708,0.6,0
20090709,0,0.3
20090710,0,0.6
20090711,0,0.9
20090712,0,1.1
20090713,0,1.4
20090714,0,1.7
20090715,12.5,0
20090716,0.8,0
20090717,7,0
20090718,7.4,0
20090719,11,0
20090720,8.8,0
20090721,0.8,0
20090722,36.8,0
20090723,16.6,0
20090724,26.6,0
20090725,0.2,0.1
20090726,0,0.4
20090727,0,0.7
20090728,0,0.9
20090729,9.8,0
20090730,7.4,0
20090731,5.2,0
20090801,22,0
20090802,6,0
20090803,20.2,0
20090804,8.8,0
20090805,17,0
20090806,5.4,0
20090807,0,0.8
20090808,0,1.6
20090809,0,2.4
20090810,0,3.2
20090811,0,4
20090812,0.4,4.3
20090813,0.6,4.5
20090814,0.6,4.7
20090815,1,4.5
20090816,3.8,1.5
20090817,0.2,2.1
20090818,0,2.9
20090819,0.6,3.1
20090820,0,3.9
20090821,0,4.7
20090822,0,5.4
20090823,0.2,6
20090824,2.2,4.6
20090825,1,4.4
20090826,48.2,0
20090827,11,0
20090828,13.6,0
20090829,1.6,0
20090830,0,0.8
20090831,39.2,0
20090901,9.6,0
20090902,7.8,0
20090903,7.6,0
20090904,0.2,1.5
20090905,0,3.2
20090906,0,4.9
20090907,0,6.5
20090908,0,8.2
20090909,0,9.9
20090910,0,11.6
20090911,17.6,0
20090912,0.2,1.5
20090913,0,3.2
20090914,0,4.9
20090915,0,6.5
20090916,0,8.2
20090917,0,9.9
20090918,0.2,11.4
20090919,7.2,5.9
20090920,0,7.6
20090921,0,9.3
20090922,2.4,8.6
20090923,3.4,6.8
20090924,1.2,7.3
20090925,3.2,5.8
20090926,0,7.5
20090927,0,9.2
20090928,31,0
20090929,2.6,0
20090930,2.2,0
20091001,0.6,1.1
20091002,4,0
20091003,21.8,0
20091004,6.4,0
20091005,0,2.4
20091006,0,4.9
20091007,0,7.3
20091008,0,9.8
20091009,29,0
20091010,9.2,0
20091011,0,2.4
20091012,0,4.9
20091013,0,7.3
20091014,0,9.8
20091015,17.2,0
20091016,4.2,0
20091017,6.4,0
20091018,7.4,0
20091019,2.2,0.2
20091020,5.4,0
20091021,0,2.4
20091022,7.2,0
20091023,0,2.4
20091024,0,4.9
20091025,0.2,7.1
20091026,0,9.6
20091027,6.6,5.4
20091028,0,7.8
20091029,9.6,0.7
20091030,0,3.1
20091031,0,5.5
20091101,0,8
20091102,0,11.1
20091103,0,14.2
20091104,0,17.3
20091105,5.4,15
20091106,1,17.1
20091107,0,20.1
20091108,0,23.2
20091109,0,26.3
20091110,0,29.4
20091111,0,32.5
20091112,2.2,33.4
20091113,1,35.5
20091114,0.6,38
20091115,0.4,40.7
20091116,13,30.8
20091117,4.8,29.1
20091118,0,32.2
20091119,0,35.3
20091120,0,38.4
20091121,0,41.5
20091122,2.6,41.9
20091123,0,45
20091124,0,48.1
20091125,0,51.2
20091126,0.2,54.1
20091127,0,57.2
20091128,19.4,40.9
20091129,0,44
20091130,2.2,44.9
20091201,16,32
20091202,27.2,8.4
20091203,45.4,0
20091204,0,3.6
20091205,0,7.1
20091206,11,0
20091207,6.2,0
20091208,0,3.6
20091209,0,7.1
20091210,10.8,0
20091211,7.6,0
20091212,26.8,0
20091213,11.4,0
20091214,14.4,0
20091215,2,1.6
20091216,2.8,2.3
20091217,1.2,4.7
20091218,0,8.3
20091219,4.2,7.6
20091220,4.6,6.6
20091221,0.6,9.6
20091222,0,13.1
20091223,0,16.7
20091224,0,20.2
20091225,0,23.8
20091226,0,27.4
20091227,20.6,10.3
20091228,7.8,6.1
20091229,19,0
20091230,0.8,2.8
20091231,1.4,4.9
20100101,0,8.5
20100102,13.2,0
20100103,16.2,0
20100104,27,0
20100105,3,1
20100106,0,5
20100107,0,8.9
20100108,17.6,0
20100109,0.2,3.8
20100110,4.6,3.2
20100111,30.2,0
20100112,0.2,3.8
20100113,0,7.8
20100114,0,11.7
20100115,0,15.7
20100116,0,19.7
20100117,0,23.7
20100118,8.8,18.9
20100119,0.4,22.4
20100120,0,26.4
20100121,31.6,0
20100122,3.2,0.8
20100123,0,4.8
20100124,0,8.7
20100125,0,12.7
20100126,0,16.7
20100127,0,20.7
20100128,0,24.7
20100129,0,28.6
20100130,4.6,28
20100131,0,32
20100201,0,36
20100202,0,39.9
20100203,0,43.7
20100204,0,47.6
20100205,0,51.5
20100206,0,55.3
20100207,0,59.2
20100208,0,63.1
20100209,0,66.9
20100210,0.2,70.6
20100211,23.4,51.1
20100212,0,54.9
20100213,33.8,25
20100214,3.6,25.3
20100215,0,29.1
20100216,0,33
20100217,0,36.9
20100218,7.2,33.5
20100219,2.2,35.2
20100220,0,39.1
20100221,0,42.9
20100222,0,46.8
20100223,0,50.7
20100224,0,54.5
20100225,10.4,48
20100226,0.2,51.7
20100227,0,55.6
20100228,0,59.4
20100301,0,63.3
20100302,6.6,59.1
20100303,1,60.4
20100304,0,62.8
20100305,0,65.2
20100306,0.6,67
20100307,0,69.4
20100308,0,71.8
20100309,0,74.1
20100310,0,76.5
20100311,0,78.8
20100312,0,81.1
20100313,1.2,82.1
20100314,0,84.2
20100315,0,86.3
20100316,0,88.4
20100317,19,71.3
20100318,0,73.7
20100319,0.2,75.9
20100320,0,78.2
20100321,0.2,80.3
20100322,3.4,79.1
20100323,14.8,66.6
20100324,18,50.9
20100325,27,26.3
20100326,0,28.7
20100327,0.2,30.9
20100328,12.4,20.9
20100329,0,23.2
20100330,0.6,25
20100331,0,27.4
20100401,0,29.8
20100402,0,31
20100403,0,32.2
20100404,0,33.5
20100405,0.6,34.1
20100406,0,35.3
20100407,0.4,36.1
20100408,0,37.4
20100409,0,38.6
20100410,0,39.8
20100411,0,41
20100412,0,42.2
20100413,0,43.5
20100414,28.8,15.9
20100415,1.2,15.9
20100416,3.4,13.7
20100417,0,15
20100418,0.4,15.8
20100419,1,16
20100420,0.2,17
20100421,0,18.3
20100422,0,19.5
20100423,0,20.7
20100424,0,21.9
20100425,4.2,19
20100426,4.6,15.6
20100427,5.2,11.6
20100428,31.6,0
20100429,2,0
20100430,19.6,0
20100501,14,0
20100502,0,0.6
20100503,0,1.1
20100504,1,0.7
20100505,0,1.3
20100506,0,1.9
20100507,0.2,2.2
20100508,0.8,2
20100509,13,0
20100510,0,0.6
20100511,0,1.1
20100512,0,1.7
20100513,19.4,0
20100514,1.4,0
20100515,7,0
20100516,4,0
20100517,0.4,0.2
20100518,0,0.7
20100519,0,1.3
20100520,0,1.9
20100521,0,2.5
20100522,0,3
20100523,0.2,3.4
20100524,4.2,0
20100525,3,0
20100526,2.2,0
20100527,0,0.6
20100528,4.8,0
20100529,0.4,0.2
20100530,0.2,0.5
20100531,0,1.1
20100601,0,1.7
20100602,0.2,1.7
20100603,0,2
20100604,0,2.2
20100605,0,2.4
20100606,8.2,0
20100607,48.6,0
20100608,13.8,0
20100609,0,0.2
20100610,0,0.5
20100611,35.6,0
20100612,4.4,0
20100613,7.2,0
20100614,2.4,0
20100615,3.2,0
20100616,0,0.2
20100617,0,0.5
20100618,0.2,0.5
20100619,10,0
20100620,16.8,0
20100621,23,0
20100622,9.2,0
20100623,10,0
20100624,0.6,0
20100625,0,0.2
20100626,0,0.5
20100627,0,0.7
20100628,0,0.9
20100629,2,0
20100630,0,0.2
20100701,0,0.5
20100702,0,0.9
20100703,0.6,0.7
20100704,0.8,0.3
20100705,0,0.6
20100706,0,1
20100707,0,1.4
20100708,0,1.8
20100709,0.2,2
20100710,0,2.4
20100711,0,2.8
20100712,0,3.2
20100713,0,3.6
20100714,0,4
20100715,0,4.4
20100716,0,4.8
20100717,0,5.2
20100718,0,5.6
20100719,0.6,5.4
20100720,0,5.8
20100721,41.2,0
20100722,17.2,0
20100723,0.2,0.2
20100724,0,0.6
20100725,0,1
20100726,1,0.4
20100727,7,0
20100728,9,0
20100729,0.8,0
20100730,0.2,0.2
20100731,0,0.6
20100801,26.4,0
20100802,42.2,0
20100803,1.4,0
20100804,3.2,0
20100805,0,0.8
20100806,0,1.6
20100807,24,0
20100808,9.8,0
20100809,0,0.8
20100810,0,1.6
20100811,0,2.4
20100812,0,3.3
20100813,44,0
20100814,50,0
20100815,0,0.8
20100816,0,1.6
20100817,0.2,2.2
20100818,15.8,0
20100819,0,0.8
20100820,5.8,0
20100821,0,0.8
20100822,0.2,1.4
20100823,2.4,0
20100824,6.4,0
20100825,0.2,0.6
20100826,6.8,0
20100827,5.4,0
20100828,30.8,0
20100829,15.8,0
20100830,0,0.8
20100831,0,1.6
20100901,0,2.4
20100902,11.2,0
20100903,31.4,0
20100904,13.8,0
20100905,0.6,0.5
20100906,32,0
20100907,1.4,0
20100908,0.4,0.7
20100909,2.2,0
20100910,0,1.1
20100911,3,0
20100912,4.2,0
20100913,10.4,0
20100914,14.2,0
20100915,13.4,0
20100916,0.2,0.9
20100917,15.2,0
20100918,25.8,0
20100919,12.2,0
20100920,13.6,0
20100921,26,0
20100922,13.6,0
20100923,19.8,0
20100924,1.8,0
20100925,21.4,0
20100926,11.8,0
20100927,4.6,0
20100928,0,1.1
20100929,13.6,0
20100930,23.2,0
20101001,11,0
20101002,2,0.8
20101003,0,3.5
20101004,0,6.3
20101005,0,9.1
20101006,0,11.9
20101007,0,14.6
20101008,0,17.4
20101009,14.6,5.6
20101010,8,0.3
20101011,13.6,0
20101012,0,2.8
20101013,0,5.5
20101014,0,8.3
20101015,0,11.1
20101016,0,13.9
20101017,9.6,7
20101018,23,0
20101019,7.4,0
20101020,10.8,0
20101021,12.4,0
20101022,2,0.8
20101023,0,3.5
20101024,0,6.3
20101025,0,9.1
20101026,0,11.9
20101027,0,14.6
20101028,0,17.4
20101029,0,20.2
20101030,0,22.9
20101031,0,25.7
20101101,0,28.5
20101102,0,32.7
20101103,0,36.8
20101104,0,41
20101105,4.2,41
20101106,2,43.2
20101107,0,47.4
20101108,0,51.5
20101109,0,55.7
20101110,0,59.9
20101111,0,64.1
20101112,0,68.3
20101113,0,72.4
20101114,0,76.6
20101115,3.6,77.1
20101116,0,81.2
20101117,0,85
20101118,0,88.6
20101119,0,92.1
20101120,0,95.3
20101121,7.2,91.1
20101122,0.2,94.2
20101123,0,97.3
20101124,0,100.3
20101125,0,103
20101126,0,105.6
20101127,0,108.1
20101128,0,110.5
20101129,0,112.7
20101130,0,114.7
20101201,0,116.7
20101202,0,118.6
20101203,0,120.3
20101204,0,122
20101205,0,123.6
20101206,0,125.1
20101207,0,126.5
20101208,0,127.8
20101209,0,129
20101210,0,130.2
20101211,3.6,127.7
20101212,0,129
20101213,2.4,127.8
20101214,0.2,128.8
20101215,0,130
20101216,0,131.1
20101217,20,112.2
20101218,39.8,74.5
20101219,10.2,68.5
20101220,28.6,44.2
20101221,33,15.4
20101222,8.8,10.8
20101223,4,11
20101224,4.6,10.6
20101225,6.8,8.1
20101226,0,12.3
20101227,4.8,11.7
20101228,71.2,0
20101229,5.4,0
20101230,0,4.2
20101231,0,8.4
20110101,0,12.7
20110102,0,17.2
20110103,0.2,21.5
20110104,0,26
20110105,0,30.6
20110106,6.2,28.9
20110107,11.6,21.8
20110108,0,26.4
20110109,0,30.9
20110110,0,35.4
20110111,0,39.9
20110112,0,44.5
20110113,0,49
20110114,0,53.5
20110115,0,58.1
20110116,0,62.6
20110117,0,67.1
20110118,0.8,70.9
20110119,83.6,0
20110120,0,4.5
20110121,0,9.1
20110122,0,13.6
20110123,0,18.1
20110124,0,22.6
20110125,0,27.2
20110126,0,31.7
20110127,0,36.2
20110128,0,40.8
20110129,11.8,33.5
20110130,0,38
20110131,18.2,24.3
20110201,4.8,24.1
20110202,0.2,27.6
20110203,2.2,29.2
20110204,14.4,18.6
20110205,0.2,22.1
20110206,0,25.9
20110207,0,29.6
20110208,17.6,15.8
20110209,1.4,18.2
20110210,0,21.9
20110211,0,25.7
20110212,0,29.4
20110213,0,33.2
20110214,9.6,27.4
20110215,0,31.1
20110216,0,34.9
20110217,0,38.6
20110218,0,42.4
20110219,0,46.2
20110220,3,46.9
20110221,0,50.7
20110222,0,54.5
20110223,13.8,44.4
20110224,0,48.2
20110225,0,51.9
20110226,0,55.7
20110227,2.4,57.1
20110228,0,60.8
20110301,0,64.6
20110302,39.4,28.3
20110303,0.6,30.8
20110304,29.6,4.2
20110305,8.4,0
20110306,9.8,0
20110307,0,3.1
20110308,0,6.2
20110309,0,9.3
20110310,0,12.4
20110311,0,15.5
20110312,0.8,17.7
20110313,0,20.8
20110314,0,23.9
20110315,0.4,26.6
20110316,4.6,25.1
20110317,2.6,25.6
20110318,26.2,2.5
20110319,0.8,4.8
20110320,0.6,7.3
20110321,0,10.4
20110322,0,13.4
20110323,0,16.5
20110324,0,19.6
20110325,0,22.7
20110326,2.4,23.4
20110327,0,26.5
20110328,11.4,18.2
20110329,0,21.3
20110330,0,24.4
20110331,0,27.5
20110401,0,30.5
20110402,0,31.9
20110403,0,33.3
20110404,17,17.6
20110405,45.4,0
20110406,0,1.4
20110407,14,0
20110408,0,1.4
20110409,0,2.7
20110410,0,4.1
20110411,0,5.4
20110412,0,6.8
20110413,0,8.1
20110414,0,9.5
20110415,30.4,0
20110416,15.6,0
20110417,19.2,0
20110418,9.2,0
20110419,0,1.4
20110420,1.4,1.3
20110421,0,2.7
20110422,0,4
20110423,13.4,0
20110424,16.2,0
20110425,2.6,0
20110426,1.8,0
20110427,0,1.4
20110428,0,2.7
20110429,0,4.1
20110430,0,5.4
20110501,0,6.8
20110502,0,7.7
20110503,6.6,2
20110504,10.4,0
20110505,14.8,0
20110506,3.2,0
20110507,1.2,0
20110508,20.2,0
20110509,5.2,0
20110510,1.4,0
20110511,0,0.9
20110512,26,0
20110513,0.2,0.7
20110514,43.4,0
20110515,32,0
20110516,24.6,0
20110517,12.6,0
20110518,18.8,0
20110519,1.4,0
20110520,1.6,0
20110521,1.4,0
20110522,0,0.9
20110523,0,1.8
20110524,0,2.7
20110525,57,0
20110526,59.8,0
20110527,8.8,0
20110528,6.2,0
20110529,1.8,0
20110530,0.4,0.5
20110531,0.8,0.6
20110601,0.2,1.3
20110602,0,1.5
20110603,0,1.8
20110604,0.2,1.8
20110605,21.6,0
20110606,2.6,0
20110607,15.6,0
20110608,8.2,0
20110609,0.2,0
20110610,0.8,0
20110611,16.2,0
20110612,0.8,0
20110613,0.6,0
20110614,0,0.2
20110615,0.4,0.1
20110616,2.6,0
20110617,0,0.2
20110618,1.2,0
20110619,4.6,0
20110620,6,0
20110621,0,0.2
20110622,0,0.5
20110623,7,0
20110624,12.4,0
20110625,0.8,0
20110626,0.2,0
20110627,0,0.3
20110628,1.2,0
20110629,0,0.2
20110630,0,0.5
20110701,0,0.7
20110702,0,0.9
20110703,0,1.2
20110704,0,1.4
20110705,0,1.7
20110706,7.6,0
20110707,27.8,0
20110708,33,0
20110709,27.2,0
20110710,25,0
20110711,26.8,0
20110712,14.4,0
20110713,31,0
20110714,17.8,0
20110715,10.6,0
20110716,0,0.3
20110717,0,0.5
20110718,0,0.8
20110719,0,1
20110720,0,1.3
20110721,0,1.5
20110722,0,1.8
20110723,0,2
20110724,0,2.3
20110725,0.6,1.9
20110726,0,2.2
20110727,1.2,1.3
20110728,4,0
20110729,2.4,0
20110730,11,0
20110731,0,0.3
20110801,0,0.5
20110802,0,1.3
20110803,0,2
20110804,0,2.8
20110805,2.6,0.9
20110806,0,1.7
20110807,18,0
20110808,10.2,0
20110809,3,0
20110810,0,0.7
20110811,0,1.5
20110812,0,2.2
20110813,0.2,2.8
20110814,2.6,0.9
20110815,4.6,0
20110816,1.6,0
20110817,4.6,0
20110818,0,0.7
20110819,0,1.5
20110820,0,2.2
20110821,0,3
20110822,0,3.7
20110823,0,4.5
20110824,0.2,5
20110825,0,5.8
20110826,0.4,6.1
20110827,3.8,3.1
20110828,0.2,3.6
20110829,0.2,4.2
20110830,28.4,0
20110831,1.4,0
20110901,3,0
20110902,1.8,0
20110903,1.2,0.3
20110904,0.4,1.4
20110905,0.2,2.8
20110906,0,4.3
20110907,0,5.8
20110908,0,7.3
20110909,19.2,0
20110910,0,1.5
20110911,1.2,1.8
20110912,9.8,0
20110913,13.4,0
20110914,17.4,0
20110915,8.2,0
20110916,17.2,0
20110917,7.8,0
20110918,0,1.5
20110919,0.4,2.6
20110920,7.4,0
20110921,0,1.5
20110922,0,3
20110923,0,4.6
20110924,0,6.1
20110925,2.6,5
20110926,6,0.5
20110927,0.2,1.8
20110928,0.4,3
20110929,0,4.5
20110930,0,6
20111001,0,7.5
20111002,38.8,0
20111003,55.4,0
20111004,8.8,0
20111005,0,2.5
20111006,0,5
20111007,0,7.5
20111008,0,10
20111009,0.4,12.1
20111010,0,14.6
20111011,12.8,4.3
20111012,0,6.8
20111013,1.2,8.1
20111014,0.6,10
20111015,8.4,4.1
20111016,4.8,1.8
20111017,0,4.3
20111018,8.2,0
20111019,2.2,0.3
20111020,0,2.8
20111021,0,5.3
20111022,4.8,3
20111023,0.4,5.1
20111024,0,7.6
20111025,0,10.1
20111026,8,4.6
20111027,3.2,3.9
20111028,0,6.4
20111029,0.4,8.5
20111030,0.2,10.8
20111031,0.6,12.7
20111101,0.2,15
20111102,13,5.1
20111103,10.8,0
20111104,15.8,0
20111105,20,0
20111106,0.2,3
20111107,0,6.1
20111108,0,9.3
20111109,3,9.5
20111110,6,6.7
20111111,0,9.8
20111112,1.2,11.8
20111113,0,15
20111114,0,18.2
20111115,4.6,16.7
20111116,1.4,18.5
20111117,0,21.7
20111118,7,17.9
20111119,1,20
20111120,0,23.2
20111121,55.8,0
20111122,3.2,0
20111123,1.6,1.6
20111124,54.2,0
20111125,0.8,2.4
20111126,0,5.5
20111127,0,8.7
20111128,1,10.9
20111129,6.6,7.5
20111130,0,10.6
20111201,0,13.8
20111202,0,18.2
20111203,0,22.6
20111204,23.2,3.7
20111205,13.6,0
20111206,0,4.4
20111207,14,0
20111208,0.2,4.2
20111209,0,8.5
20111210,0,12.9
20111211,0,17.3
20111212,0,21.7
20111213,2.2,23.8
20111214,9,19.2
20111215,60.2,0
20111216,1.8,2.6
20111217,1.8,5.1
20111218,0,9.5
20111219,0.4,13.5
20111220,1,16.9
20111221,8,13.2
20111222,21.8,0
20111223,0.4,4
20111224,0,8.3
20111225,0,12.7
20111226,0,17.1
20111227,0,21.5
20111228,0,25.8
20111229,0,30.2
20111230,29.4,5.2
20111231,23.8,0
20120101,0,4.4
20120102,0,8.9
20120103,0,13.4
20120104,0,17.9
20120105,0,22.3
20120106,0,26.8
20120107,0,31.3
20120108,0,35.8
20120109,0,40.3
20120110,0.2,44.6
20120111,3,46.1
20120112,19.6,31
20120113,16.6,18.9
20120114,26.6,0
20120115,5,0
20120116,13,0
20120117,0,4.5
20120118,0,9
20120119,0,13.5
20120120,0,18
20120121,0,22.5
20120122,8.6,18.4
20120123,2.8,20.1
20120124,0,24.5
20120125,0,29
20120126,0,33.5
20120127,9.8,28.2
20120128,0.4,32.3
20120129,1.6,35.2
20120130,0.2,39.5
20120131,0,44
20120201,0,48.5
20120202,7.8,44.2
20120203,0.4,47.2
20120204,0,50.7
20120205,0,54.2
20120206,0.4,57.3
20120207,3.4,57.3
20120208,0,60.8
20120209,0,64.3
20120210,0,67.7
20120211,2.4,68.8
20120212,0,72.3
20120213,0,75.8
20120214,1,78.2
20120215,0.2,81.3
20120216,13.2,71.3
20120217,0,74.8
20120218,0,78.3
20120219,0,81.6
20120220,1.4,83.3
20120221,0,86.4
20120222,4,85.4
20120223,50.6,37.8
20120224,1.8,39.4
20120225,10.2,32.7
20120226,0.8,35.4
20120227,0,38.9
20120228,0,42.3
20120229,0,45.8
20120301,7.6,41.7
20120302,1.6,43
20120303,13,33
20120304,0,35.9
20120305,0,38.8
20120306,0,41.8
20120307,0,44.7
20120308,0,47.7
20120309,0,50.6
20120310,0,53.5
20120311,3.6,52.9
20120312,14,41.8
20120313,0,44.8
20120314,0,47.7
20120315,0,50.7
20120316,0,53.6
20120317,0,56.5
20120318,0,59.5
20120319,3,59.4
20120320,0.2,62.2
20120321,0,65.1
20120322,3,65.1
20120323,24.8,43.2
20120324,0.8,45.3
20120325,16.4,31.9
20120326,13,21.8
20120327,0,24.8
20120328,0,27.7
20120329,0,30.6
20120330,0,33.6
20120331,0,36.5
20120401,0,39.5
20120402,0,41.4
20120403,0,43.4
20120404,0,45.3
20120405,0,47.3
20120406,0,49.3
20120407,0,51.2
20120408,0,53.2
20120409,0,55.1
20120410,0.2,56.9
20120411,12.4,46.4
20120412,16,32.4
20120413,0,34.3
20120414,0.4,35.9
20120415,0,37.9
20120416,0,39.8
20120417,0,41.8
20120418,0,43.7
20120419,0,45.7
20120420,0,47.6
20120421,0,49.6
20120422,0,51.6
20120423,0,53.5
20120424,0,55.5
20120425,0,57.4
20120426,0,59.4
20120427,26.6,34.7
20120428,12.6,24.1
20120429,0,26.1
20120430,26.6,1.4
20120501,6.6,0
20120502,0,0.6
20120503,0,1.2
20120504,0,1.7
20120505,0,2.3
20120506,0,2.9
20120507,0,3.5
20120508,0,4
20120509,0,4.6
20120510,0.8,4.4
20120511,8,0
20120512,1.8,0
20120513,4.4,0
20120514,8.6,0
20120515,22,0
20120516,6.8,0
20120517,0,0.6
20120518,8.4,0
20120519,3,0
20120520,0,0.6
20120521,0,1.2
20120522,0,1.7
20120523,0,2.3
20120524,0,2.9
20120525,2,1.5
20120526,0,2
20120527,16.2,0
20120528,15.2,0
20120529,4.8,0
20120530,0,0.6
20120531,0.2,1
20120601,0,1.5
20120602,0,1.7
20120603,0,1.9
20120604,1.8,0.3
20120605,0,0.5
20120606,94.6,0
20120607,18,0
20120608,1,0
20120609,11.2,0
20120610,9.8,0
20120611,1,0
20120612,4.8,0
20120613,0,0.2
20120614,0,0.4
20120615,0,0.6
20120616,0,0.8
20120617,0,1
20120618,13.8,0
20120619,8.8,0
20120620,4.4,0
20120621,0.2,0
20120622,0,0.2
20120623,0.8,0
20120624,31.2,0
20120625,14.4,0
20120626,25.8,0
20120627,9.4,0
20120628,23.8,0
20120629,24.8,0
20120630,0.4,0
20120701,0,0.2
20120702,0,0.5
20120703,0.2,0.7
20120704,0,1
20120705,0,1.4
20120706,0,1.7
20120707,0.2,1.9
20120708,0,2.2
20120709,0.2,2.3
20120710,0,2.7
20120711,0,3
20120712,0,3.4
20120713,0.2,3.5
20120714,28.8,0
20120715,73.6,0
20120716,3.6,0
20120717,5,0
20120718,0,0.3
20120719,0,0.7
20120720,0,1
20120721,0,1.4
20120722,0,1.7
20120723,0,2.1
20120724,0,2.4
20120725,1.2,1.5
20120726,0,1.9
20120727,0,2.2
20120728,0,2.6
20120729,0,2.9
20120730,0.2,3
20120731,2.4,1
20120801,0,1.3
20120802,0,2.3
20120803,0,3.2
20120804,0,4.1
20120805,0.2,4.9
20120806,0.8,5
20120807,1.4,4.6
20120808,8.2,0
20120809,0,0.9
20120810,0,1.9
20120811,0,2.8
20120812,3.4,0.4
20120813,5.8,0
20120814,0,0.9
20120815,0.6,1.3
20120816,4.8,0
20120817,1.8,0
20120818,0,0.9
20120819,0,1.9
20120820,13,0
20120821,0.8,0.1
20120822,0,1.1
20120823,1.2,0.8
20120824,0,1.8
20120825,0,2.7
20120826,13.2,0
20120827,46.2,0
20120828,1.4,0
20120829,0,0.9
20120830,0,1.9
20120831,0,2.8
20120901,0,3.8
20120902,8.8,0
20120903,40.2,0
20120904,17.6,0
20120905,14.8,0
20120906,0.6,0.9
20120907,27.4,0
20120908,29.2,0
20120909,20.2,0
20120910,11.6,0
20120911,17.6,0
20120912,4.8,0
20120913,0.4,1.1
20120914,0,2.6
20120915,6.6,0
20120916,3.8,0
20120917,0,1.5
20120918,3.8,0
20120919,0,1.5
20120920,0,3
20120921,1.8,2.7
20120922,0,4.3
20120923,0,5.8
20120924,0.8,6.5
20120925,0,8
20120926,10.4,0
20120927,15.8,0
20120928,0,1.5
20120929,0,3
20120930,0,4.5
20121001,10.2,0
20121002,8.4,0
20121003,0,2.1
20121004,12.8,0
20121005,2.6,0
20121006,17.8,0
20121007,14.4,0
20121008,13.6,0
20121009,46.8,0
20121010,11,0
20121011,3.6,0
20121012,0.2,1.9
20121013,35.2,0
20121014,31.8,0
20121015,3.4,0
20121016,4.4,0
20121017,0.8,1.3
20121018,22,0
20121019,18.6,0
20121020,2.4,0
20121021,7,0
20121022,13.2,0
20121023,5.2,0
20121024,0.4,1.7
20121025,0,3.9
20121026,0.2,5.8
20121027,0,7.9
20121028,13,0
20121029,0,2.1
20121030,0,4.3
20121031,0,6.4
20121101,0,8.5
20121102,0,12.1
20121103,15.6,0.1
20121104,1.2,2.5
20121105,0.2,5.9
20121106,0,9.5
20121107,0,13.1
20121108,0,16.7
20121109,0,20.4
20121110,0,24
20121111,0.2,27.4
20121112,1.2,29.8
20121113,0,33.4
20121114,5.6,31.4
20121115,0,35
20121116,3,35.6
20121117,0,39.2
20121118,17,25.8
20121119,0.4,29
20121120,0,32.6
20121121,0,36.2
20121122,0,39.8
20121123,0,43.4
20121124,0.4,46.7
20121125,0,50.3
20121126,0,53.9
20121127,0,57.5
20121128,0,61.1
20121129,0,64.7
20121130,6.6,61.7
20121201,0,65.3
20121202,2.8,66.8
20121203,0,71.2
20121204,0,75.5
20121205,21.2,58.6
20121206,12,51
20121207,18.6,36.7
20121208,3,38.1
20121209,0.2,42.2
20121210,0,46.6
20121211,0,50.9
20121212,0,55.2
20121213,0,59.6
20121214,0,63.9
20121215,0,68.3
20121216,0,72.6
20121217,0,76.9
20121218,15.8,65.4
20121219,0.4,69.3
20121220,0,73.7
20121221,0,78
20121222,3,79.2
20121223,0,83.3
20121224,0,87.1
20121225,0,90.8
20121226,1.6,92.6
20121227,12.8,83.1
20121228,0,87
20121229,2.4,88.2
20121230,8.2,83.6
20121231,21.2,66.3
20130101,5.6,65
20130102,14.4,55.1
20130103,55.6,4
20130104,0.6,7.9
20130105,0,12.4
20130106,0,17
20130107,0,21.5
20130108,7.4,18.6
20130109,0.8,22.3
20130110,29.4,0
20130111,10.2,0
20130112,0.2,4.3
20130113,0,8.8
20130114,33.4,0
20130115,14,0
20130116,14.4,0
20130117,5.8,0
20130118,12,0
20130119,0,4.5
20130120,1.2,7.8
20130121,0,12.3
20130122,0,16.8
20130123,0,21.3
20130124,4.4,21.5
20130125,0,26
20130126,0,30.5
20130127,0,35
20130128,0,39.5
20130129,0,44
20130130,0,48.5
20130131,0,53
20130201,0,57.5
20130202,0,62.2
20130203,0,66.9
20130204,0,71.6
20130205,37,39.3
20130206,0,44
20130207,0,48.7
20130208,0,53.4
20130209,0,58.1
20130210,0,62.8
20130211,0,67.5
20130212,0.4,71.8
20130213,0,76.5
20130214,0,81.1
20130215,0,85.5
20130216,0,89.5
20130217,0,93.3
20130218,0,96.8
20130219,0,100.2
20130220,0,103.3
20130221,0,106.2
20130222,0,109
20130223,0,111.5
20130224,0,113.9
20130225,0,116.2
20130226,0,118.3
20130227,0,120.3
20130228,0,122.2
20130301,0,123.9
20130302,0,124.9
20130303,0,125.9
20130304,0,126.8
20130305,0,127.7
20130306,0,128.6
20130307,0,129.4
20130308,0,130.2
20130309,0,131
20130310,0,131.7
20130311,0,132.4
20130312,0,133.1
20130313,0,133.8
20130314,0,134.4
20130315,0,135
20130316,0,135.6
20130317,0.4,135.7
20130318,7.2,129.1
20130319,28,101.9
20130320,0.6,103.2
20130321,0,105
20130322,0,106.7
20130323,0,108.4
20130324,0,110
20130325,0,111.5
20130326,0.2,112.8
20130327,0,114.3
20130328,0,115.7
20130329,0,117
20130330,2.6,115.7
20130331,6.6,110.4
20130401,18.2,93.7
20130402,0.4,94.3
20130403,10.8,84.4
20130404,23.4,62.1
20130405,0,63.3
20130406,3,61.6
20130407,0,62.9
20130408,0,64.1
20130409,0,65.4
20130410,0,66.6
20130411,0,67.9
20130412,3,66.1
20130413,0,67.4
20130414,5.2,63.4
20130415,0,64.7
20130416,0.2,65.7
20130417,7.6,59.4
20130418,13.6,47
20130419,0.4,47.9
20130420,2.8,46.3
20130421,1,46.6
20130422,21.8,26.1
20130423,2,25.3
20130424,12.2,14.4
20130425,7.8,7.8
20130426,3,6.1
20130427,6.2,1.1
20130428,3,0
20130429,1.6,0
20130430,0.4,0.9
20130501,0,2.1
20130502,0,2.8
20130503,29,0
20130504,0,0.7
20130505,0.4,1
20130506,0.4,1.2
20130507,0,1.9
20130508,0,2.6
20130509,0,3.3
20130510,0.4,3.5
20130511,0,4.2
20130512,0,4.9
20130513,0,5.6
20130514,0,6.3
20130515,0,6.9
20130516,0,7.6
20130517,0.2,8.1
20130518,12.8,0
20130519,0,0.7
20130520,1.2,0.2
20130521,0,0.8
20130522,3.4,0
20130523,1.2,0
20130524,0,0.7
20130525,0.6,0.8
20130526,0.2,1.2
20130527,10.2,0
20130528,8.2,0
20130529,0.2,0.5
20130530,0,1.2
20130531,0,1.8
20130601,1,1.5
20130602,7.4,0
20130603,4.4,0
20130604,51.6,0
20130605,10.6,0
20130606,0,0.3
20130607,0.2,0.4
20130608,0,0.6
20130609,14.6,0
20130610,0,0.3
20130611,0,0.6
20130612,0,0.8
20130613,0,1.1
20130614,0,1.4
20130615,0,1.7
20130616,20,0
20130617,19,0
20130618,3.8,0
20130619,15,0
20130620,29.6,0
20130621,0,0.3
20130622,0,0.6
20130623,0,0.8
20130624,0,1.1
20130625,0,1.4
20130626,0,1.7
20130627,0,2
20130628,0,2.3
20130629,0,2.5
20130630,0,2.8
20130701,0.4,2.7
20130702,6.8,0
20130703,1.4,0
20130704,5.8,0
20130705,0.2,0.2
20130706,23.6,0
20130707,21.6,0
20130708,18.6,0
20130709,3.4,0
20130710,2.8,0
20130711,0,0.4
20130712,0,0.8
20130713,0,1.2
20130714,0,1.7
20130715,0,2.1
20130716,0,2.5
20130717,0,2.9
20130718,0,3.3
20130719,0,3.7
20130720,0,4.1
20130721,0,4.5
20130722,0,5
20130723,6,0
20130724,19.8,0
20130725,3.6,0
20130726,3.2,0
20130727,0,0.4
20130728,0.4,0.4
20130729,0,0.8
20130730,0,1.3
20130731,0,1.7
20130801,0,2.1
20130802,0,3
20130803,0,3.9
20130804,1.4,3.4
20130805,3.8,0.6
20130806,3.4,0
20130807,10.6,0
20130808,26.6,0
20130809,5.6,0
20130810,6.6,0
20130811,0,0.9
20130812,4.2,0
20130813,0,0.9
20130814,17.4,0
20130815,11.6,0
20130816,2.6,0
20130817,0,0.9
20130818,0,1.8
20130819,0,2.8
20130820,0,3.7
20130821,0.8,3.8
20130822,3.4,1.3
20130823,13,0
20130824,1.2,0
20130825,0,0.9
20130826,2.6,0
20130827,0.4,0.5
20130828,0,1.4
20130829,5.8,0
20130830,0,0.9
20130831,0,1.8
20130901,0,2.8
20130902,0,4.4
20130903,0,6.1
20130904,8.6,0
20130905,1,0.7
20130906,0,2.3
20130907,0,4
20130908,10,0
20130909,8.8,0
20130910,2.2,0
20130911,80.8,0
20130912,30.8,0
20130913,6.4,0
20130914,0.4,1.3
20130915,2,0.9
20130916,0,2.6
20130917,0,4.3
20130918,0,5.9
20130919,0,7.6
20130920,25.8,0
20130921,17.4,0
20130922,8.6,0
20130923,10.4,0
20130924,3.4,0
20130925,0.2,1.5
20130926,1.8,1.3
20130927,0,3
20130928,24.4,0
20130929,11.4,0
20130930,7.2,0
20131001,0,1.7
20131002,0,3.7
20131003,3.8,1.9
20131004,3,0.9
20131005,0,2.9
20131006,0,5
20131007,0.6,6.4
20131008,7.4,1
20131009,9,0
20131010,0,2
20131011,1,3
20131012,14.4,0
20131013,10.6,0
20131014,10.2,0
20131015,40.6,0
20131016,14.8,0
20131017,0.2,1.8
20131018,0.8,3
20131019,7.4,0
20131020,0,2
20131021,0,4
20131022,14.6,0
20131023,13.8,0
20131024,5.8,0
20131025,37.4,0
20131026,13,0
20131027,20.4,0
20131028,5.8,0
20131029,0,2
20131030,0,4
20131031,28.6,0
20131101,2,0
20131102,2,1.7
20131103,0,5.4
20131104,0,9.1
20131105,0,12.8
20131106,0,16.5
20131107,0,20.2
20131108,0,23.8
20131109,0,27.5
20131110,0,31.2
20131111,0,34.9
20131112,0,38.6
20131113,0,42.3
20131114,0,46
20131115,0,49.7
20131116,0,53.4
20131117,0.6,56.5
20131118,7.8,52.3
20131119,0,56
20131120,0,59.7
20131121,1,62.4
20131122,0,66.1
20131123,0,69.8
20131124,0,73.5
20131125,0,77.2
20131126,21.8,59
20131127,5,57.7
20131128,0.4,60.9
20131129,0.2,64.4
20131130,14.6,53.5
20131201,14.2,43
20131202,0.8,46.2
20131203,0,50.1
20131204,0,54.1
20131205,0,58
20131206,0,62
20131207,6.6,59.3
20131208,20.8,42.5
20131209,18,28.4
20131210,8.6,23.7
20131211,0.2,27.5
20131212,0,31.4
20131213,13.8,21.6
20131214,0,25.5
20131215,0,29.5
20131216,0,33.4
20131217,3.2,34.2
20131218,0,38.1
20131219,0.2,41.9
20131220,0,45.8
20131221,0,49.8
20131222,12,41.7
20131223,0,45.7
20131224,1,48.6
20131225,15.2,37.4
20131226,0.6,40.7
20131227,1.2,43.5
20131228,0,47.4
20131229,2.8,48.6
20131230,1.4,51.1
20131231,12,43.1
20140101,8.8,38.2
20140102,10,31.8
20140103,31.2,4.3
20140104,2.8,5.1
20140105,3.6,5.1
20140106,5.2,3.6
20140107,1.8,5.4
20140108,11.4,0
20140109,10.8,0
20140110,2.8,0.8
20140111,0,4.5
20140112,0,8.1
20140113,6.4,5.3
20140114,3,6
20140115,0,9.6
20140116,0,13.2
20140117,4,12.9
20140118,0,16.5
20140119,0,20.1
20140120,0,23.8
20140121,4.8,22.6
20140122,2.4,23.8
20140123,4.2,23.3
20140124,4.8,22.1
20140125,0,25.7
20140126,2.2,27.1
20140127,22.6,8.2
20140128,0,11.8
20140129,0,15.4
20140130,0,19.1
20140131,0,22.7
20140201,0,26.3
20140202,0,30.3
20140203,0,34.2
20140204,0,38.1
20140205,0,42
20140206,0.4,45.5
20140207,0,49.5
20140208,2.6,50.8
20140209,0,54.7
20140210,0,58.6
20140211,0,62.6
20140212,0.2,66.3
20140213,1.4,68.8
20140214,0.6,72.1
20140215,0.4,75.6
20140216,0,79.5
20140217,0,83.2
20140218,0,86.7
20140219,4.8,85.2
20140220,0,88.6
20140221,0,91.8
20140222,3.4,91.5
20140223,7.4,87.1
20140224,4.6,85.8
20140225,0,89.2
20140226,0,92.3
20140227,0,95.4
20140228,0,98.2
20140301,3.4,97.5
20140302,0,99.5
20140303,17.8,83.6
20140304,8,78.1
20140305,0,80.7
20140306,0,83.3
20140307,0,85.8
20140308,0,88.2
20140309,0,90.5
20140310,0,92.8
20140311,0,94.9
20140312,0,97
20140313,0,98.9
20140314,0,100.8
20140315,0,102.7
20140316,1,103.5
20140317,5.8,99.4
20140318,12,89.3
20140319,0.8,90.8
20140320,0,93
20140321,0,95.1
20140322,0,97.1
20140323,0,99.1
20140324,0,101
20140325,2.8,100.1
20140326,1.6,100.3
20140327,0,102.2
20140328,0,104
20140329,0,105.7
20140330,0,107.3
20140331,0,108.9
20140401,0,110.5
20140402,0,111.2
20140403,0,111.9
20140404,0,112.6
20140405,0,113.2
20140406,0,113.9
20140407,0,114.5
20140408,8.8,106.4
20140409,0.6,106.5
20140410,8.8,98.5
20140411,6.8,92.6
20140412,19.6,74.1
20140413,3.2,72.2
20140414,2.2,71.3
20140415,2.6,70.1
20140416,58.2,13.2
20140417,5,9.6
20140418,2.2,8.7
20140419,22.6,0
20140420,7.8,0
20140421,15.8,0
20140422,1.4,0
20140423,0,1.3
20140424,0.8,1.9
20140425,2.6,0.6
20140426,15.8,0
20140427,0,1.3
20140428,10.4,0
20140429,8.8,0
20140430,0,1.3
20140501,0,2.7
20140502,0,3.3
20140503,0.2,3.7
20140504,0,4.3
20140505,6.6,0
20140506,41.8,0
20140507,15.4,0
20140508,15.4,0
20140509,1.8,0
20140510,0,0.6
20140511,0,1.2
20140512,0,1.8
20140513,0.6,1.9
20140514,0,2.5
20140515,0.2,2.9
20140516,0,3.5
20140517,0,4.1
20140518,0,4.7
20140519,0.2,5.1
20140520,0.2,5.5
20140521,3.6,2.6
20140522,13.6,0
20140523,0.3,0.3
20140524,0,0.9
20140525,0,1.5
20140526,0,2.2
20140527,0,2.8
20140528,0,3.4
20140529,6.8,0
20140530,4.9,0
20140531,0,0.6
20140601,0,1.2
20140602,0,1.6
20140603,0,1.9
20140604,0,2.3
20140605,2.2,0.4
20140606,0.3,0.5
20140607,1.6,0
20140608,18.5,0
20140609,6.7,0
20140610,0.3,0
20140611,0,0.4
20140612,0,0.7
20140613,0,1.1
20140614,0,1.4
20140615,0.1,1.7
20140616,0.3,1.7
20140617,8.3,0
20140618,3.4,0
20140619,10.8,0
20140620,5.7,0
20140621,0.6,0
20140622,16.2,0
20140623,0,0.3
20140624,0,0.7
20140625,27.8,0
20140626,19.4,0
20140627,8.4,0
20140628,23.4,0
20140629,0.2,0.1
20140630,30.6,0
20140701,14.4,0
20140702,13,0
20140703,1,0
20140704,0.6,0
20140705,5.8,0
20140706,5.8,0
20140707,0,0.4
20140708,0,0.8
20140709,0,1.2
20140710,0.2,1.4
20140711,4.2,0
20140712,5,0
20140713,17,0
20140714,0,0.4
20140715,0,0.8
20140716,0,1.2
20140717,0,1.6
20140718,0,2
20140719,0,2.4
20140720,0,2.8
20140721,0,3.3
20140722,0,3.7
20140723,0,4.1
20140724,0,4.5
20140725,1,3.9
20140726,0.4,3.9
20140727,0.2,4.1
20140728,0,4.5
20140729,6.2,0
20140730,6.8,0
20140731,16.2,0
20140801,8,0
20140802,9.8,0
20140803,26.6,0
20140804,4.2,0
20140805,0,1
20140806,10.8,0
20140807,0.2,0.8
20140808,17.8,0
20140809,2.4,0
20140810,0,1
20140811,0.6,1.3
20140812,30.8,0
20140813,12.2,0
20140814,10.6,0
20140815,8.8,0
20140816,0.2,0.8
20140817,0,1.7
20140818,0,2.7
20140819,0,3.7
20140820,0,4.6
20140821,0,5.6
20140822,0,6.6
20140823,0,7.5
20140824,0,8.5
20140825,0,9.4
20140826,0,10.4
20140827,0,11.4
20140828,0,12.3
20140829,0,13.3
20140830,0,14.3
20140831,0,15.2
20140901,0,16.2
20140902,0,18
20140903,0,19.7
20140904,0,21.5
20140905,0,23.3
20140906,0,25
20140907,0,26.8
20140908,0,28.6
20140909,0,30.3
20140910,0,32.1
20140911,0.2,33.7
20140912,4,31.4
20140913,6.8,26.4
20140914,4.8,23.4
20140915,0.8,24.3
20140916,17.4,8.7
20140917,20.6,0
20140918,0.2,1.6
20140919,22.6,0
20140920,16.6,0
20140921,0.2,1.6
20140922,15.8,0
20140923,0,1.8
20140924,0,3.5
20140925,0,5.3
20140926,0.8,6.3
20140927,0.2,7.8
20140928,5.4,4.2
20140929,0,6
20140930,0,7.7
20141001,0,9.5
20141002,0,11.9
20141003,11.8,2.5
20141004,22.6,0
20141005,4,0
20141006,24.2,0
20141007,9,0
20141008,11.6,0
20141009,1.4,1
20141010,0,3.4
20141011,0,5.8
20141012,0,8.2
20141013,0,10.6
20141014,0,13
20141015,0,15.4
20141016,0,17.7
20141017,18.8,1.3
20141018,0.8,2.9
20141019,4,1.3
20141020,0.8,2.9
20141021,2.2,3.1
20141022,1.2,4.3
20141023,0,6.7
20141024,2,7.1
20141025,0.8,8.7
20141026,0,11.1
20141027,4,9.5
20141028,0,11.9
20141029,4.8,9.5
20141030,16.8,0
20141031,7.4,0
20141101,4.2,0
20141102,0,2.9
20141103,24.6,0
20141104,11.4,0
20141105,0.6,2.3
20141106,0,5.2
20141107,0,8
20141108,0,10.9
20141109,0,13.8
20141110,0,16.7
20141111,2,17.5
20141112,13.4,7
20141113,2,7.9
20141114,0,10.8
20141115,13.4,0.2
20141116,11,0
20141117,0.2,2.7
20141118,2.8,2.8
20141119,11.2,0
20141120,10,0
20141121,1,1.9
20141122,10.8,0
20141123,16,0
20141124,0,2.9
20141125,0,5.8
20141126,16.8,0
20141127,2,0.9
20141128,11.6,0
20141129,5.4,0
20141130,11.6,0
20141201,2.2,0.7
20141202,1.6,3.2
20141203,0,7.2
20141204,0,11.3
20141205,5.8,9.6
20141206,0,13.7
20141207,5,12.8
20141208,0.4,16.4
20141209,0,20.5
20141210,13.6,11
20141211,8.2,6.9
20141212,3.4,7.6
20141213,0,11.6
20141214,0,15.7
20141215,0,19.8
20141216,0,23.9
20141217,0,28
20141218,17,15
20141219,5.2,13.9
20141220,12.8,5.2
20141221,4.4,4.9
20141222,6.4,2.6
20141223,0,6.7
20141224,0,10.7
20141225,0,14.8
20141226,0,18.9
20141227,0.2,22.8
20141228,2.8,24.1
20141229,0.4,27.7
20141230,7.4,24.4
20141231,16.8,11.7
20150101,25.2,0
20150102,0,5.2
20150103,0,10.3
20150104,0,15.5
20150105,0,20.6
20150106,0,25.8
20150107,0,30.9
20150108,0,36.1
20150109,0,41.2
20150110,0,46.4
20150111,0,51.5
20150112,0,56.7
20150113,0,61.9
20150114,0,67
20150115,0,72.2
20150116,0,77.3
20150117,2.2,80.1
20150118,3.4,81.5
20150119,0,86.2
20150120,10.8,79.8
20150121,0.4,84.2
20150122,0,88.8
20150123,0,93
20150124,0,96.9
20150125,0,100.5
20150126,0,103.9
20150127,0,107.1
20150128,0.8,109.2
20150129,0,112.1
20150130,0,114.7
20150131,3.4,113.7
20150201,13,103.2
20150202,8,97.6
20150203,7.6,92.7
20150204,0.4,95.3
20150205,10.4,87.7
20150206,31,60
20150207,0,63.8
20150208,0,67.7
20150209,0,71.6
20150210,12,63.5
20150211,0,67.4
20150212,0,71.3
20150213,0,75.2
20150214,0,79
20150215,0,82.7
20150216,0,86.2
20150217,0,89.5
20150218,0,92.6
20150219,0,95.6
20150220,0.2,98.2
20150221,0,100.9
20150222,7.2,96.2
20150223,1,98
20150224,3.6,97.1
20150225,0.4,99.5
20150226,0,102.1
20150227,0.8,103.8
20150228,0,106.2
20150301,0,108.4
20150302,0,109.9
20150303,0,111.3
20150304,11.8,100.9
20150305,0.2,102.5
20150306,73.6,30.6
20150307,29.6,3.6
20150308,35.8,0
20150309,0.2,2.5
20150310,0,5.1
20150311,0,7.8
20150312,0,10.5
20150313,24.8,0
20150314,0,2.7
20150315,0,5.3
20150316,0,8
20150317,0,10.7
20150318,0,13.4
20150319,0,16
20150320,0,18.7
20150321,3.4,18
20150322,1,19.7
20150323,1,21.3
20150324,0,24
20150325,0,26.7
20150326,0,29.4
20150327,0.2,31.8
20150328,0,34.5
20150329,3.4,33.8
20150330,7.2,29.3
20150331,2.8,29.1
20150401,0,31.8
20150402,0,33.2
20150403,0,34.6
20150404,0,36
20150405,4.8,32.6
20150406,0,34.1
20150407,29.2,6.3
20150408,2,5.7
20150409,0,7.1
20150410,3,5.5
20150411,1,5.9
20150412,0.6,6.7
20150413,26.8,0
20150414,1.4,0
20150415,0.2,1.2
20150416,0,2.6
20150417,0,4
20150418,5.4,0.1
20150419,0,1.5
20150420,0,2.9
20150421,2,2.3
20150422,3.6,0.1
20150423,0,1.5
20150424,0,2.9
20150425,0,4.3
20150426,0.8,4.9
20150427,38,0
20150428,29.2,0
20150429,14.8,0
20150430,16.2,0
20150501,0,1.4
20150502,0,2
20150503,0,2.6
20150504,0,3.1
20150505,0,3.7
20150506,4.4,0
20150507,38.4,0
20150508,4.2,0
20150509,9.4,0
20150510,6.8,0
20150511,3.6,0
20150512,53,0
20150513,4.4,0
20150514,7,0
20150515,7,0
20150516,0,0.6
20150517,0,1.1
20150518,1.8,0
20150519,1.8,0
20150520,0,0.6
20150521,8.4,0
20150522,11.6,0
20150523,0.2,0.4
20150524,0.4,0.5
20150525,6.8,0
20150526,0.4,0.2
20150527,0,0.7
20150528,0,1.3
20150529,0,1.9
20150530,0,2.5
20150531,14.8,0
20150601,0.8,0
20150602,3.8,0
20150603,3.2,0
20150604,0,0.7
20150605,0,1.3
20150606,0.6,1.4
20150607,3.6,0
20150608,0,0.7
20150609,0.4,0.9
20150610,18.4,0
20150611,15.4,0
20150612,5.6,0
20150613,22.6,0
20150614,15,0
20150615,10.4,0
20150616,1.4,0
20150617,0,0.7
20150618,1.2,0.1
20150619,82.8,0
20150620,13.2,0
20150621,0.4,0.3
20150622,15,0
20150623,0,0.7
20150624,0,1.3
20150625,0,2
20150626,0,2.7
20150627,15,0
20150628,0.8,0
20150629,2.4,0
20150630,10.4,0
20150701,1.8,0
20150702,0,0.4
20150703,22.8,0
20150704,7,0
20150705,0,0.4
20150706,9.8,0
20150707,7,0
20150708,0,0.4
20150709,0.2,0.6
20150710,0,0.9
20150711,0,1.3
20150712,0,1.7
20150713,0,2.1
20150714,0,2.5
20150715,23.8,0
20150716,34.2,0
20150717,1.8,0
20150718,0,0.4
20150719,12.4,0
20150720,0.2,0.2
20150721,5.6,0
20150722,0.2,0.2
20150723,0,0.6
20150724,0,0.9
20150725,0,1.3
20150726,10.8,0
20150727,25.4,0
20150728,10.8,0
20150729,3.6,0
20150730,0,0.4
20150731,0,0.8
20150801,1.4,0
20150802,3.6,0
20150803,17.4,0
20150804,22.2,0
20150805,7.6,0
20150806,0,0.8
20150807,17.6,0
20150808,22.6,0
20150809,0,0.8
20150810,0,1.6
20150811,0,2.5
20150812,0,3.3
20150813,0,4.1
20150814,10.6,0
20150815,0.8,0
20150816,0,0.8
20150817,0,1.7
20150818,1,1.5
20150819,50,0
20150820,2.4,0
20150821,0,0.8
20150822,0,1.6
20150823,0,2.5
20150824,0,3.3
20150825,13.2,0
20150826,1.2,0
20150827,0,0.8
20150828,0,1.6
20150829,0.2,2.3
20150830,10,0
20150831,0,0.8
20150901,0,1.6
20150902,4,0
20150903,10.2,0
20150904,0,1.7
20150905,0.6,2.8
20150906,16.8,0
20150907,0.2,1.5
20150908,0,3.2
20150909,0,5
20150910,9.6,0
20150911,6,0
20150912,3,0
20150913,0.4,1.3
20150914,0,3
20150915,0,4.8
20150916,1,5.5
20150917,1.2,6
20150918,7.8,0
20150919,4,0
20150920,0,1.7
20150921,0,3.4
20150922,0,5.2
20150923,0,6.9
20150924,0,8.6
20150925,0,10.3
20150926,0,12
20150927,0,13.8
20150928,0,15.5
20150929,0,17.2
20150930,0,18.9
20151001,6.8,13.8
20151002,20.8,0
20151003,0.4,2
20151004,0,4.4
20151005,10.2,0
20151006,0,2.4
20151007,0,4.8
20151008,4.8,2.4
20151009,2.8,2.1
20151010,0,4.5
20151011,0,6.9
20151012,0,9.3
20151013,23.8,0
20151014,1,1.4
20151015,0,3.8
20151016,0,6.2
20151017,0.8,7.9
20151018,15.6,0
20151019,2.4,0
20151020,1.8,0.6
20151021,0.2,2.8
20151022,17.4,0
20151023,0,2.4
20151024,0.8,4
20151025,0,6.4
20151026,0,8.9
20151027,0,11.3
20151028,21,0
20151029,5,0
20151030,0.4,2
20151031,0,4.4
20151101,0,6.8
20151102,0,10.2
20151103,0,13.5
20151104,4.2,12.7
20151105,0,16
20151106,0,19.4
20151107,0,22.7
20151108,0,26.1
20151109,2,27.4
20151110,11.4,19.4
20151111,0,22.7
20151112,0,26.1
20151113,0,29.4
20151114,0,32.8
20151115,2.2,33.9
20151116,2,35.3
20151117,0.2,38.4
20151118,0,41.8
20151119,0,45.1
20151120,7.8,40.7
20151121,7,37
20151122,2.8,37.6
20151123,1.6,39.3
20151124,0,42.7
20151125,0,46
20151126,0,49.4
20151127,1.8,50.9
20151128,13.8,40.5
20151129,0.8,43
20151130,0,46.4
20151201,0,49.7
20151202,11,42.9
20151203,3.2,43.8
20151204,7.4,40.5
20151205,0,44.7
20151206,9.6,39.2
20151207,0.2,43.1
20151208,2,45.3
20151209,0,49.4
20151210,0,53.5
20151211,0,57.7
20151212,3.8,58
20151213,22.4,39.7
20151214,4.4,39.5
20151215,0,43.6
20151216,1.2,46.5
20151217,2.8,47.9
20151218,0,52
20151219,0,56.1
20151220,0,60.3
20151221,0,64.4
20151222,4,64.5
20151223,0,68.7
20151224,0,72.8
20151225,0,76.9
20151226,0,80.9
20151227,0,84.8
20151228,0,88.3
20151229,0,91.7
20151230,0,95
20151231,0,98
20160101,0,100.9
20160102,1.4,102.1
20160103,27.2,77.5
20160104,1,80.4
20160105,0,84.2
20160106,0,87.8
20160107,0,91.1
20160108,28,66.3
20160109,18.8,51.6
20160110,0,55.7
20160111,0.4,59.3
20160112,0,63.4
20160113,0,67.5
20160114,0,71.5
20160115,0,75.6
20160116,2.2,77.4
20160117,1.4,80
20160118,2.4,81.4
20160119,19.2,65.9
20160120,13,56.9
20160121,0,61
20160122,0,65.1
20160123,0,69.1
20160124,0,73.2
20160125,3,74.3
20160126,2.6,75.7
20160127,6.8,72.9
20160128,16.4,60.6
20160129,0,64.7
20160130,0,68.7
20160131,0,72.8
20160201,0,76.9
20160202,0,81
20160203,0,84.8
20160204,0,88.4
20160205,0.6,91.3
20160206,1.4,93.2
20160207,0,96.3
20160208,0,99.3
20160209,0,102.2
20160210,0,104.8
20160211,0,107.3
20160212,0,109.7
20160213,0,112
20160214,0,114.1
20160215,0,116.1
20160216,0,118
20160217,19.2,100.6
20160218,65,38.3
20160219,25.4,17.1
20160220,3.2,18.1
20160221,0,22.3
20160222,0,26.5
20160223,0,30.7
20160224,0,34.9
20160225,0,39
20160226,0,43.2
20160227,0,47.4
20160228,0.8,50.8
20160229,0,55
20160301,0,59.2
20160302,0,61.7
20160303,0,64.2
20160304,0,66.7
20160305,0,69.3
20160306,0,71.8
20160307,0,74.3
20160308,6.4,70.4
20160309,1.6,71.4
20160310,0,73.9
20160311,5.2,71.2
20160312,0,73.7
20160313,0,76.2
20160314,0,78.7
20160315,0,81.1
20160316,16.2,67.2
20160317,6.4,63.4
20160318,0,65.9
20160319,1.2,67.2
20160320,0.2,69.5
20160321,0,72.1
20160322,0,74.6
20160323,0,77.1
20160324,82.2,0
20160325,0.6,1.9
20160326,0.6,3.8
20160327,2.2,4.2
20160328,0.4,6.3
20160329,0,8.8
20160330,0,11.3
20160331,0,13.9
20160401,0.4,16
20160402,9.4,7.9
20160403,7.4,1.8
20160404,5,0
20160405,0,1.3
20160406,0,2.6
20160407,0,4
20160408,14.2,0
20160409,0.8,0.5
20160410,0,1.8
20160411,0,3.2
20160412,8.2,0
20160413,2.8,0
20160414,0,1.3
20160415,0,2.6
20160416,0,4
20160417,0,5.3
20160418,0,6.6
20160419,0,7.9
20160420,0,9.3
20160421,0,10.6
20160422,0,11.9
20160423,0,13.2
20160424,27.8,0
20160425,0.6,0.7
20160426,1.6,0.4
20160427,0.2,1.6
20160428,0,2.9
20160429,0,4.2
20160430,0,5.5
20160501,0,6.9
20160502,0.2,7.1
20160503,14.4,0
20160504,3.4,0
20160505,18.4,0
20160506,0,0.5
20160507,0,1
20160508,0,1.4
20160509,0,1.9
20160510,0,2.4
20160511,4.2,0
20160512,20.6,0
20160513,36.6,0
20160514,10,0
20160515,3.8,0
20160516,7.2,0
20160517,26.2,0
20160518,20.6,0
20160519,25,0
20160520,10.4,0
20160521,31.4,0
20160522,0.6,0
20160523,5.8,0
20160524,13,0
20160525,11.8,0
20160526,12,0
20160527,18.8,0
20160528,49,0
20160529,13,0
20160530,0,0.5
20160531,0.2,0.8
20160601,0,1.2
20160602,0,1.5
20160603,0,1.7
20160604,0,2
20160605,0,2.2
20160606,0,2.4
20160607,0,2.7
20160608,0,2.9
20160609,0.2,3
20160610,19,0
20160611,16.2,0
20160612,19.4,0
20160613,11.4,0
20160614,0.2,0
20160615,0.2,0.1
20160616,10.6,0
20160617,0,0.2
20160618,0,0.5
20160619,0.2,0.5
20160620,0.2,0.6
20160621,0.2,0.6
20160622,27,0
20160623,30.8,0
20160624,22.4,0
20160625,1.6,0
20160626,5.6,0
20160627,12.2,0
20160628,0.2,0
20160629,0.4,0
20160630,0,0.2
20160701,0,0.5
20160702,0.2,0.6
20160703,0.2,0.8
20160704,0,1.1
20160705,2.4,0
20160706,0,0.3
20160707,0,0.7
20160708,0,1
20160709,0,1.3
20160710,0,1.7
20160711,0,2
20160712,0,2.3
20160713,2,0.7
20160714,66.4,0
20160715,25.6,0
20160716,7,0
20160717,13.8,0
20160718,10,0
20160719,0,0.3
20160720,33,0
20160721,7.8,0
20160722,0.2,0.1
20160723,0.6,0
20160724,55.2,0
20160725,24.2,0
20160726,4.2,0
20160727,4.2,0
20160728,11,0
20160729,44.8,0
20160730,7.4,0
20160731,28.8,0
20160801,9.2,0
20160802,0,0.8
20160803,23.6,0
20160804,7.8,0
20160805,0,0.8
20160806,0,1.6
20160807,0,2.5
20160808,0,3.3
20160809,0,4.1
20160810,0,4.9
20160811,0,5.8
20160812,0,6.6
20160813,13,0
20160814,0,0.8
20160815,2.8,0
20160816,0,0.8
20160817,0,1.6
20160818,0,2.5
20160819,0,3.3
20160820,0,4.1
20160821,0.4,4.5
20160822,22.6,0
20160823,0,0.8
20160824,0,1.6
20160825,1.8,0.7
20160826,0,1.5
20160827,14,0
20160828,14.2,0
20160829,1.2,0
20160830,0.2,0.6
20160831,0,1.4
20160901,0,2.3
20160902,2.4,1.7
20160903,3,0.5
20160904,0.8,1.5
20160905,29,0
20160906,0,1.8
20160907,1.4,2.2
20160908,10.8,0
20160909,3.4,0
20160910,0,1.8
20160911,0,3.6
20160912,0,5.4
20160913,0.2,7
20160914,0,8.9
20160915,0,10.7
20160916,20.2,0
20160917,16.6,0
20160918,0,1.8
20160919,0,3.6
20160920,2.2,3.2
20160921,0,5
20160922,0,6.9
20160923,0,8.7
20160924,0,10.5
20160925,7.2,5.1
20160926,11.4,0
20160927,2.6,0
20160928,7.8,0
20160929,0.2,1.6
20160930,3.6,0
20161001,0.6,1.2
20161002,1.8,2
20161003,1,3.5
20161004,7.4,0
20161005,7.4,0
20161006,9.4,0
20161007,9,0
20161008,0.8,1.8
20161009,4.6,0
20161010,1.8,0.8
20161011,0,3.3
20161012,13,0
20161013,9.2,0
20161014,29.8,0
20161015,7,0
20161016,0,2.6
20161017,0,5.1
20161018,0,7.7
20161019,2.8,7.4
20161020,0,10
20161021,4.4,8.1
20161022,0,10.7
20161023,0,13.2
20161024,0,15.8
20161025,12,6.3
20161026,7.8,1.1
20161027,1,2.6
20161028,0,5.2
20161029,7.6,0.1
20161030,10.6,0
20161031,0.6,2
20161101,0,4.5
20161102,1.4,5.9
20161103,2.6,6.1
20161104,3.8,5
20161105,0.2,7.6
20161106,0.6,9.8
20161107,7.4,5.2
20161108,0,8
20161109,0,10.7
20161110,5.6,7.9
20161111,13.4,0
20161112,37.4,0
20161113,0,2.8
20161114,0.8,4.8
20161115,17.2,0
20161116,6.2,0
20161117,7,0
20161118,0.2,2.6
20161119,0,5.4
20161120,5.2,2.9
20161121,0.2,5.5
20161122,0,8.3
20161123,0,11.1
20161124,0,13.9
20161125,1,15.6
20161126,17.2,1.2
20161127,19.8,0
20161128,22.6,0
20161129,3.8,0
20161130,20,0
20161201,0,2.8
20161202,0,6.7
20161203,0,10.6
20161204,0,14.5
20161205,0,18.4
20161206,0,22.3
20161207,0.4,25.9
20161208,14,15.8
20161209,0,19.7
20161210,0.4,23.2
20161211,18,9.1
20161212,6,7
20161213,2.2,8.7
20161214,0.2,12.4
20161215,26.4,0
20161216,10,0
20161217,0,3.9
20161218,0,7.8
20161219,5.2,6.5
20161220,0.4,10.1
20161221,0,14
20161222,13.2,4.7
20161223,13.6,0
20161224,0,3.9
20161225,0,7.8
20161226,0,11.7
20161227,0,15.7
20161228,0.6,19
20161229,0,22.9
20161230,0,26.8
20161231,0,30.7
20170101,13,21.6
20170102,0,24.7
20170103,5.2,22.6
20170104,7.6,18
20170105,2.6,18.5
20170106,0,21.6
20170107,1,23.6
20170108,1,25.7
20170109,0,28.8
20170110,4.4,27.4
20170111,2,28.5
20170112,11.6,20
20170113,6.2,16.8
20170114,0,19.9
20170115,7.4,15.6
20170116,0,18.6
20170117,0.2,21.5
20170118,18,6.6
20170119,84.4,0
20170120,5.4,0
20170121,0,3.1
20170122,32.6,0
20170123,18.6,0
20170124,0,3.1
20170125,6,0.1
20170126,2.2,1
20170127,9.2,0
20170128,1,2.1
20170129,0,5.1
20170130,0,8.2
20170131,0,11.3
20170201,1.6,12.7
20170202,19.8,0
20170203,3.6,0
20170204,0,3.6
20170205,0,7.2
20170206,0,10.8
20170207,7.6,6.8
20170208,0,10.4
20170209,0,14
20170210,0.6,17
20170211,0,20.6
20170212,0,24.2
20170213,12.4,15.4
20170214,3.6,15.4
20170215,5.4,13.6
20170216,0,17.2
20170217,0,20.8
20170218,0,24.4
20170219,2.8,25.2
20170220,8.8,20
20170221,0,23.6
20170222,0,27.2
20170223,0,30.8
20170224,0,34.4
20170225,0,38
20170226,0,41.6
20170227,0,45.2
20170228,0,48.8
20170301,0,52.4
20170302,0,54.9
20170303,0,57.4
20170304,1.6,58.3
20170305,0,60.8
20170306,0,63.3
20170307,0,65.8
20170308,6.6,61.7
20170309,0,64.1
20170310,0,66.6
20170311,2.8,66.3
20170312,13,55.8
20170313,11,47.3
20170314,6.8,43
20170315,0,45.5
20170316,0,48
20170317,0,50.5
20170318,0,53
20170319,0.2,55.3
20170320,0,57.8
20170321,0,60.3
20170322,0.6,62.2
20170323,0,64.7
20170324,0,67.2
20170325,5.2,64.4
20170326,8.2,58.7
20170327,6.2,55
20170328,3.6,53.9
20170329,0,56.4
20170330,0,58.9
20170331,0,61.4
20170401,0,63.9
20170402,0,65.2
20170403,7.6,58.9
20170404,0.2,60
20170405,0,61.2
20170406,11.6,50.9
20170407,0.4,51.8
20170408,0,53.1
20170409,0,54.4
20170410,0,55.7
20170411,0.4,56.6
20170412,59.6,0
20170413,32,0
20170414,12,0
20170415,25.4,0
20170416,9.2,0
20170417,0,1.3
20170418,0,2.6
20170419,2.6,1.3
20170420,2.8,0
20170421,0,1.3
20170422,0,2.6
20170423,0,3.9
20170424,0.6,4.5
20170425,0,5.8
20170426,0,7.1
20170427,0,8.4
20170428,9.4,0.3
20170429,3.2,0
20170430,0.4,0.9
20170501,5.8,0
20170502,0,0.5
20170503,0,0.9
20170504,37,0
20170505,3.2,0
20170506,0,0.5
20170507,0,0.9
20170508,0,1.4
20170509,0.4,1.5
20170510,4.6,0
20170511,7.4,0
20170512,24.8,0
20170513,0.2,0.3
20170514,0,0.7
20170515,0,1.2
20170516,0,1.7
20170517,10.6,0
20170518,43.4,0
20170519,8.4,0
20170520,20.6,0
20170521,0.2,0.3
20170522,0,0.7
20170523,0.2,1
20170524,8.2,0
20170525,0,0.5
20170526,0,0.9
20170527,41,0
20170528,0.2,0.3
20170529,0,0.7
20170530,0.4,0.8
20170531,0,1.3
20170601,0,1.8
20170602,0,2
20170603,0,2.3
20170604,0,2.6
20170605,1.8,1
20170606,0,1.3
20170607,0,1.6
20170608,0,1.8
20170609,0,2.1
20170610,0.6,1.8
20170611,0.2,1.8
20170612,0,2.1
20170613,17,0
20170614,18,0
20170615,0,0.3
20170616,0.4,0.1
20170617,0,0.4
20170618,0,0.7
20170619,0,0.9
20170620,0.2,1
20170621,0,1.3
20170622,0,1.5
20170623,0,1.8
20170624,0.6,1.5
20170625,4.2,0
20170626,0.4,0
20170627,0,0.3
20170628,0,0.5
20170629,0.2,0.6
20170630,0,0.9
20170701,46.6,0
20170702,21.8,0
20170703,0.2,0.2
20170704,4.8,0
20170705,2,0
20170706,0,0.4
20170707,0,0.7
20170708,0,1.1
20170709,0.2,1.2
20170710,0.4,1.2
20170711,0.8,0.7
20170712,4.2,0
20170713,0,0.4
20170714,0,0.7
20170715,0,1.1
20170716,0,1.4
20170717,27,0
20170718,0.2,0.2
20170719,0,0.5
20170720,0,0.9
20170721,10,0
20170722,13.8,0
20170723,0,0.4
20170724,0,0.7
20170725,10.2,0
20170726,0,0.4
20170727,10.8,0
20170728,8.6,0
20170729,0,0.4
20170730,0,0.7
20170731,0,1.1
20170801,15.4,0
20170802,0,0.8
20170803,0,1.7
20170804,0,2.5
20170805,0,3.3
20170806,13.4,0
20170807,15,0
20170808,0,0.8
20170809,32.8,0
20170810,26.4,0
20170811,2.4,0
20170812,15.2,0
20170813,10.6,0
20170814,13.6,0
20170815,1.6,0
20170816,3.2,0
20170817,43.2,0
20170818,15.4,0
20170819,4,0
20170820,0,0.8
20170821,0,1.7
20170822,0,2.5
20170823,0,3.3
20170824,0,4.1
20170825,0,5
20170826,0,5.8
20170827,2.4,4.2
20170828,7.2,0
20170829,17.8,0
20170830,0,0.8
20170831,0.2,1.5
20170901,0,2.3
20170902,0,3.7
20170903,0,5.1
20170904,0,6.5
20170905,0,7.9
20170906,17.2,0
20170907,28.4,0
20170908,23.6,0
20170909,18.8,0
20170910,15,0
20170911,6,0
20170912,0.8,0.6
20170913,1.4,0.6
20170914,1.2,0.8
20170915,1.2,1
20170916,25.6,0
20170917,12.6,0
20170918,46,0
20170919,7.2,0
20170920,0,1.4
20170921,8.8,0
20170922,0,1.4
20170923,0,2.8
20170924,0,4.2
20170925,5.8,0
20170926,33.2,0
20170927,17.8,0
20170928,10.6,0
20170929,1.2,0.2
20170930,1.4,0.2
20171001,0,1.6
20171002,2.2,1.7
20171003,4.2,0
20171004,0,2.4
20171005,2,2.7
20171006,0.4,4.7
20171007,11.8,0
20171008,13.4,0
20171009,0,2.4
20171010,3.2,1.5
20171011,10,0
20171012,2.4,0
20171013,0.2,2.2
20171014,0.4,4.1
20171015,14.2,0
20171016,2.8,0
20171017,3.4,0
20171018,0,2.4
20171019,0,4.7
20171020,0,7.1
20171021,0,9.5
20171022,1.4,10.4
20171023,2.4,10.4
20171024,11.8,1
20171025,0,3.3
20171026,17.8,0
20171027,0,2.4
20171028,0,4.7
20171029,0,7.1
20171030,0.2,9.3
20171031,0,11.6
20171101,0,14
20171102,0,17.9
20171103,20.6,1.3
20171104,5.2,0
20171105,3.4,0.6
20171106,15,0
20171107,0,3.9
20171108,45,0
20171109,1.4,2.5
20171110,1,5.5
20171111,0,9.4
20171112,0,13.3
20171113,0.8,16.5
20171114,0,20.4
20171115,0,24.4
20171116,0,28.3
20171117,3.2,29
20171118,0,33
20171119,0,36.9
20171120,0,40.8
20171121,0,44.8
20171122,0,48.7
20171123,0,52.7
20171124,0,56.6
20171125,0,60.5
20171126,0,64.5
20171127,0,68.4
20171128,0,72.3
20171129,0,76.3
20171130,0,80.1
20171201,0.8,83
20171202,0,87.5
20171203,0,91.7
20171204,0,95.6
20171205,0,99.2
20171206,0,102.7
20171207,0,105.8
20171208,0,108.8
20171209,0,111.6
20171210,2.8,111.3
20171211,0,113.9
20171212,0,116.3
20171213,0.2,118.4
20171214,12.2,108.3
20171215,0,111.1
20171216,0,113.7
20171217,0,116.2
20171218,0,118.4
20171219,0,120.5
20171220,2.2,120.3
20171221,0,122.3
20171222,0,124.2
20171223,0,125.9
20171224,0,127.5
20171225,0,129
20171226,12.6,117.8
20171227,0,120
20171228,0,122
20171229,0,123.9
20171230,0,125.6
20171231,0,127.3
20180101,0,128.8
20180102,0,130
20180103,0,131.2
20180104,0,132.3
20180105,11.6,121.8
20180106,2.6,120.8
20180107,0,122.5
20180108,0,124.1
20180109,0,125.7
20180110,16.6,110.5
20180111,33,79.8
20180112,45.2,38.7
20180113,12.2,31
20180114,0.6,34.8
20180115,0,39.2
20180116,0,43.6
20180117,0,48
20180118,30.4,22
20180119,0.8,25.6
20180120,0,30
20180121,0,34.4
20180122,0,38.8
20180123,0,43.3
20180124,0,47.7
20180125,0,52.1
20180126,0,56.5
20180127,0,60.9
20180128,0,65.3
20180129,0,69.7
20180130,0,74.1
20180131,0,78.5
20180201,21.4,61.3
20180202,17.8,46.9
20180203,1.6,48.6
20180204,0,52
20180205,0.4,55
20180206,8,50.3
20180207,0.2,53.5
20180208,0,56.8
20180209,0,60.2
20180210,0,63.5
20180211,33.4,33.5
20180212,53.6,0
20180213,0,3.4
20180214,0,6.7
20180215,0,10.1
20180216,0,13.4
20180217,7.6,9.2
20180218,25.4,0
20180219,0,3.4
20180220,5.6,1.1
20180221,33.4,0
20180222,5.6,0
20180223,0,3.4
20180224,0,6.7
20180225,0,10.1
20180226,15,0
20180227,0.2,3.2
20180228,4.8,1.7
20180301,0.6,4.5
20180302,5.6,1.3
20180303,2.8,0.9
20180304,0.6,2.7
20180305,2.6,2.5
20180306,0,4.9
20180307,3.6,3.7
20180308,0,6
20180309,0,8.4
20180310,0,10.8
20180311,0,13.2
20180312,0,15.6
20180313,0.8,17.2
20180314,8.6,11
20180315,1,12.4
20180316,0.6,14.2
20180317,0,16.6
20180318,0,19
20180319,0,21.4
20180320,0,23.8
20180321,0,26.2
20180322,14.4,14.2
20180323,15,1.6
20180324,4.6,0
20180325,4.8,0
20180326,1.2,1.2
20180327,1.2,2.4
20180328,20.8,0
20180329,0,2.4
20180330,0,4.8
20180331,0,7.2
20180401,7.6,2
20180402,0,3
20180403,6.8,0
20180404,0,1.1
20180405,4.2,0
20180406,0,1.1
20180407,1.2,0.9
20180408,0,2
20180409,0.4,2.6
20180410,21.4,0
20180411,2.4,0
20180412,0,1.1
20180413,1.8,0.3
20180414,0,1.4
20180415,0,2.4
20180416,81,0
20180417,21,0
20180418,7.6,0
20180419,3.8,0
20180420,1.6,0
20180421,5.2,0
20180422,5.8,0
20180423,0,1.1
20180424,0,2.1
20180425,0.2,3
20180426,0,4
20180427,0,5.1
20180428,1.2,4.9
20180429,11,0
20180430,19.2,0
20180501,10,0
20180502,0,0.5
20180503,0,1
20180504,0,1.5
20180505,0,1.9
20180506,13.8,0
20180507,6.2,0
20180508,0.2,0.3
20180509,7.6,0
20180510,0,0.5
20180511,1.4,0
20180512,12,0
20180513,2.8,0
20180514,8.8,0
20180515,1.6,0
20180516,18.2,0
20180517,17.6,0
20180518,5,0
20180519,11.6,0
20180520,2.8,0
20180521,15.2,0
20180522,4.4,0
20180523,37.4,0
20180524,5,0
20180525,18,0
20180526,0,0.5
20180527,6.6,0
20180528,0.2,0.3
20180529,0,0.8
20180530,0,1.3
20180531,0,1.7
20180601,0,2.2
20180602,0,2.6
20180603,0,2.9
20180604,0,3.2
20180605,0,3.5
20180606,1.6,2.2
20180607,0.2,2.3
20180608,0,2.7
20180609,0,3
20180610,0,3.3
20180611,0,3.6
20180612,0,3.9
20180613,0,4.2
20180614,0,4.6
20180615,0,4.9
20180616,0.4,4.8
20180617,12.8,0
20180618,5.2,0
20180619,0,0.3
20180620,0,0.6
20180621,0,1
20180622,0,1.3
20180623,0,1.6
20180624,0.8,1.1
20180625,20.8,0
20180626,14.4,0
20180627,0,0.3
20180628,0,0.6
20180629,0,1
20180630,0,1.3
20180701,1.8,0
20180702,28.6,0
20180703,0.2,0.1
20180704,0,0.4
20180705,0,0.7
20180706,0.2,0.8
20180707,6.2,0
20180708,45.2,0
20180709,51,0
20180710,8.6,0
20180711,0.4,0
20180712,8,0
20180713,1.6,0
20180714,0.2,0.1
20180715,0,0.4
20180716,3.6,0
20180717,9.2,0
20180718,0,0.3
20180719,0,0.6
20180720,0,0.9
20180721,0,1.2
20180722,36.8,0
20180723,29.6,0
20180724,7.2,0
20180725,2.6,0
20180726,5.6,0
20180727,2,0
20180728,13.4,0
20180729,13.4,0
20180730,5.2,0
20180731,2.8,0
20180801,10.4,0
20180802,23.2,0
20180803,22.8,0
20180804,0,0.8
20180805,0,1.6
20180806,0,2.5
20180807,0.2,3.1
20180808,9,0
20180809,29.8,0
20180810,0,0.8
20180811,0,1.6
20180812,0,2.5
20180813,0,3.3
20180814,0,4.1
20180815,4.2,0.7
20180816,0,1.6
20180817,23,0
20180818,2.2,0
20180819,0,0.8
20180820,9.6,0
20180821,36.2,0
20180822,10.6,0
20180823,2.8,0
20180824,0.2,0.6
20180825,0.8,0.6
20180826,1.2,0.3
20180827,0,1.1
20180828,0,1.9
20180829,0.2,2.5
20180830,13.8,0
20180831,0,0.8
20180901,0,1.6
20180902,1.6,1.8
20180903,21,0
20180904,0,1.7
20180905,0,3.4
20180906,0,5.2
20180907,0,6.9
20180908,0,8.6
20180909,0,10.3
20180910,0,12
20180911,0,13.8
20180912,0,15.5
20180913,0,17.2
20180914,2.8,16.1
20180915,0.2,17.6
20180916,0,19.4
20180917,8.4,12.7
20180918,19.6,0
20180919,0,1.7
20180920,0,3.4
20180921,0,5.2
20180922,0,6.9
20180923,0,8.6
20180924,0.2,10.1
20180925,8.8,3
20180926,6,0
20180927,1.2,0.5
20180928,1,1.2
20180929,0,3
20180930,0.4,4.3
20181001,8,0
20181002,3.2,0
20181003,0,2.5
20181004,0,5
20181005,0,7.5
20181006,0.2,9.8
20181007,0,12.3
20181008,0,14.8
20181009,0,17.3
20181010,0,19.7
20181011,0,22.2
20181012,21,3.7
20181013,0,6.2
20181014,0,8.7
20181015,0,11.2
20181016,0,13.7
20181017,0,16.2
20181018,0,18.7
20181019,0.2,21
20181020,0,23.5
20181021,0,26
20181022,0,28.5
20181023,0,31
20181024,0,33.5
20181025,0,36
20181026,6.4,32
20181027,0,34.5
20181028,0,37
20181029,0.8,38.7
20181030,9.6,31.6
20181031,0.2,33.9
20181101,3.8,32.6
20181102,0,36
20181103,2.4,36.9
20181104,20,20.3
20181105,4,19.6
20181106,0,23
20181107,0,26.3
20181108,5.4,24.3
20181109,54.2,0
20181110,19.8,0
20181111,0,3.4
20181112,0,6.7
20181113,0,10.1
20181114,0,13.4
20181115,0,16.8
20181116,0,20.1
20181117,0.6,22.9
20181118,0.2,26
20181119,7.2,22.2
20181120,0.8,24.7
20181121,0,28.1
20181122,6.2,25.2
20181123,0,28.6
20181124,1,30.9
20181125,1.2,33.1
20181126,0,36.5
20181127,0,39.8
20181128,0,43.2
20181129,3.8,42.7
20181130,6.2,39.9
20181201,0,43.2
20181202,0,47.3
20181203,2.6,48.9
20181204,8,45
20181205,17.2,31.9
20181206,13.8,22.2
20181207,0,26.3
20181208,0,30.4
20181209,0,34.5
20181210,0,38.7
20181211,0,42.8
20181212,19,27.9
20181213,1.8,30.2
20181214,48.6,0
20181215,0.2,3.9
20181216,0,8
20181217,0,12.1
20181218,0,16.3
20181219,3.2,17.2
20181220,16,5.3
20181221,0.6,8.8
20181222,12.8,0.1
20181223,0,4.2
20181224,0,8.4
20181225,0,12.5
20181226,0,16.6
20181227,0,20.7
20181228,0,24.8
20181229,0.6,28.3
20181230,0,32.5
20181231,0,36.6
20190101,0,40.7
20190102,0.6,44.6
20190103,0,49.2
20190104,0,53.7
20190105,0,58.2
20190106,0,62.8
20190107,1.6,65.7
20190108,0,70.3
20190109,0,74.8
20190110,2.2,77.1
20190111,2,79.5
20190112,0,83.8
20190113,0,87.8
20190114,12.8,78.8
20190115,0,83.1
20190116,0,87.1
20190117,0,90.9
20190118,0,94.5
20190119,0,97.9
20190120,8.6,92.4
20190121,9,86.9
20190122,0.4,90.3
20190123,1.4,92.5
20190124,21.6,74.4
20190125,0,79
20190126,0,83.3
20190127,0,87.3
20190128,0,91.1
20190129,1.4,93.3
20190130,0,96.7
20190131,0,99.9
20190201,0,102.9
20190202,3.2,102.1
20190203,0,104.6
20190204,0,106.9
20190205,0,109.1
20190206,0,111.2
20190207,0,113.2
20190208,0,115.1
20190209,1.4,115.4
20190210,0,117.2
20190211,0,118.9
20190212,1.4,119.1
20190213,0,120.6
20190214,0,122.1
20190215,5,118.6
20190216,1.8,118.4
20190217,0,120
20190218,0,121.5
20190219,0,123
20190220,0,124.4
20190221,0,125.7
20190222,0.2,126.7
20190223,0,127.9
20190224,10.6,118.4
20190225,0,120
20190226,0,121.6
20190227,0,123
20190228,1.4,123
20190301,0,124.4
20190302,0,125.3
20190303,0,126.1
20190304,0,126.9
20190305,0,127.7
20190306,0,128.5
20190307,0,129.3
20190308,26.2,103.8
20190309,0,105.4
20190310,0,106.9
20190311,0,108.4
20190312,2.2,107.7
20190313,13.4,95.7
20190314,2,95.6
20190315,7.6,89.9
20190316,2,90
20190317,1.2,90.8
20190318,0,92.9
20190319,0,94.9
20190320,0,96.8
20190321,0,98.6
20190322,0,100.4
20190323,0,102.1
20190324,0,103.8
20190325,0,105.4
20190326,1.4,105.5
20190327,57.8,49.3
20190328,10.4,41.5
20190329,0,44.1
20190330,0,46.6
20190331,0,49.2
20190401,29.6,22.2
20190402,4.4,19.3
20190403,0,20.8
20190404,0,22.4
20190405,0,23.9
20190406,0,25.4
20190407,0,26.9
20190408,0,28.4
20190409,0,29.9
20190410,1.4,30
20190411,44.6,0
20190412,3.2,0
20190413,0,1.5
20190414,0,3
20190415,0,4.5
20190416,0,6
20190417,0,7.5
20190418,0,9
20190419,0,10.5
20190420,0,12
20190421,23.4,0
20190422,3.8,0
20190423,0,1.5
20190424,0,3
20190425,0,4.5
20190426,0,6
20190427,4.8,2.7
20190428,26,0
20190429,26.8,0
20190430,2.2,0
20190501,0,1.5
20190502,0,2.1
20190503,0.8,1.9
20190504,0,2.5
20190505,0,3.1
20190506,0,3.7
20190507,0,4.3
20190508,0,4.9
20190509,1.4,4.2
20190510,21.4,0
20190511,0,0.6
20190512,0,1.2
20190513,32.2,0
20190514,0.6,0
20190515,14,0
20190516,7.6,0
20190517,13.4,0
20190518,0,0.6
20190519,13.6,0
20190520,0.8,0
20190521,0,0.6
20190522,0,1.2
20190523,0,1.8
20190524,0,2.4
20190525,0.6,2.4
20190526,0.2,2.8
20190527,0.2,3.2
20190528,33.2,0
20190529,47,0
20190530,32,0
20190531,29.4,0
20190601,32,0
20190602,0,0.6
20190603,0,1.1
20190604,0,1.7
20190605,12.4,0
20190606,0,0.6
20190607,15.6,0
20190608,8.6,0
20190609,1.4,0
20190610,0,0.6
20190611,0,1.1
20190612,12.8,0
20190613,1.1,0
20190614,0,0.6
20190615,0,1.1
20190616,5.6,0
20190617,15.2,0
20190618,3,0
20190619,0,0.6
20190620,0,1.1
20190621,10.6,0
20190622,0,0.6
20190623,0,1.1
20190624,0,1.7
20190625,0,2.3
20190626,0,2.9
20190627,0,3.4
20190628,0,4
20190629,0,4.6
20190630,0,5.1
20190701,0.2,5.5
20190702,0,5.8
20190703,35.6,0
20190704,18.6,0
20190705,0.2,0.1
20190706,0,0.4
20190707,0,0.7
20190708,3,0
20190709,0.4,0
20190710,0,0.3
20190711,19.4,0
20190712,1.4,0
20190713,21.8,0
20190714,48.4,0
20190715,18.8,0
20190716,32,0
20190717,17,0
20190718,11,0
20190719,6.2,0
20190720,19.2,0
20190721,2,0
20190722,0,0.3
20190723,0,0.6
20190724,0,0.9
20190725,0,1.2
20190726,0,1.5
20190727,0,1.8
20190728,0.2,1.9
20190729,9.2,0
20190730,8.4,0
20190731,8.4,0
20190801,0,0.3
20190802,8.2,0
20190803,27,0
20190804,14.2,0
20190805,8.8,0
20190806,13.2,0
20190807,2.4,0
20190808,2,0
20190809,3.2,0
20190810,2.2,0
20190811,55.4,0
20190812,16,0
20190813,1.2,0
20190814,5.2,0
20190815,0.4,0.6
20190816,0.2,1.4
20190817,24,0
20190818,2.4,0
20190819,0,1
20190820,1,1
20190821,25.8,0
20190822,13.6,0
20190823,5.8,0
20190824,1.6,0
20190825,0.4,0.6
20190826,12.6,0
20190827,8.4,0
20190828,0.4,0.6
20190829,4.2,0
20190830,2.4,0
20190831,0.2,0.8
20190901,0,1.8
20190902,0,3.5
20190903,0,5.3
20190904,0,7
20190905,7.6,1.1
20190906,3.4,0
20190907,0,1.7
20190908,0,3.5
20190909,0,5.2
20190910,0,6.9
20190911,0,8.7
20190912,0.6,9.8
20190913,0.6,10.9
20190914,16.6,0
20190915,38.4,0
20190916,0.8,0.9
20190917,34,0
20190918,0.6,1.1
20190919,0,2.9
20190920,0,4.6
20190921,0,6.3
20190922,0,8.1
20190923,0,9.8
20190924,13.8,0
20190925,5.8,0
20190926,26,0
20190927,18.4,0
20190928,7.2,0
20190929,8.6,0
20190930,24.4,0
20191001,13.6,0
20191002,4,0
20191003,10.2,0
20191004,2.4,0
20191005,1.6,0.5
20191006,5.2,0
20191007,0,2.1
20191008,0,4.3
20191009,5.4,1
20191010,6.6,0
20191011,22.6,0
20191012,2.6,0
20191013,0,2.1
20191014,3.6,0.7
20191015,0,2.8
20191016,0,5
20191017,0.2,6.9
20191018,4.2,4.9
20191019,44,0
20191020,0,2.1
20191021,6,0
20191022,15,0
20191023,10.6,0
20191024,7.2,0
20191025,14.8,0
20191026,0.8,1.3
20191027,0,3.5
20191028,12.4,0
20191029,6.4,0
20191030,1.6,0.5
20191031,1,1.7
20191101,5.2,0
20191102,0.2,3.3
20191103,0,6.8
20191104,0,10.2
20191105,0,13.7
20191106,0,17.2
20191107,9.8,10.9
20191108,25.4,0
20191109,0,3.5
20191110,22.2,0
20191111,33.2,0
20191112,0.4,3.1
20191113,0,6.6
20191114,39.6,0
20191115,7,0
20191116,4.2,0
20191117,12.4,0
20191118,9.6,0
20191119,4.6,0
20191120,16.4,0
20191121,1.4,2.1
20191122,0,5.6
20191123,0,9
20191124,0,12.5
20191125,0,16
20191126,0,19.5
20191127,0,23
20191128,0,26.5
20191129,0,29.9
20191130,0,33.4
20191201,0.2,36.7
20191202,15.8,24.2
20191203,89,0
20191204,11.8,0
20191205,24.6,0
20191206,0,3.3
20191207,3.8,2.7
20191208,23.8,0
20191209,13,0
20191210,0,3.3
20191211,0,6.5
20191212,0,9.8
20191213,0,13.1
20191214,1.6,14.8
20191215,0,18
20191216,4.2,17.1
20191217,32.6,0
20191218,20.6,0
20191219,0,3.3
20191220,33.6,0
20191221,12.6,0
20191222,0,3.3
20191223,0,6.5
20191224,0,9.8
20191225,0,13.1
20191226,0.4,16
20191227,0,19.2
20191228,4.2,18.3
20191229,0.2,21.4
20191230,0,24.6
20191231,0,27.9
20200101,0,31.2
20200102,0,35.5
20200103,0,39.8
20200104,1.2,42.9
20200105,0,47.3
20200106,5,46.6
20200107,7.6,43.3
20200108,0,47.6
20200109,0.4,51.5
20200110,0,55.9
20200111,0,60.2
20200112,2.4,62.1
20200113,19,47.4
20200114,0,51.7
20200115,0,56.1
20200116,0,60.4
20200117,0,64.7
20200118,0,69
20200119,0,73.3
20200120,0,77.6
20200121,0,81.8
20200122,0,85.7
20200123,0,89.4
20200124,0,92.9
20200125,0,96.2
20200126,0,99.3
20200127,0,102.2
20200128,0,105
20200129,0.6,107
20200130,8.2,101.3
20200131,0.2,103.9
20200201,0.2,106.3
20200202,0,108.3
20200203,0.2,110
20200204,12,99.8
20200205,32,70.1
20200206,0.6,72.9
20200207,0.6,75.8
20200208,0,79.1
20200209,0.4,82
20200210,0,85.1
20200211,0,88
20200212,0,90.8
20200213,0,93.5
20200214,0,96.1
20200215,0,98.6
20200216,0,100.9
20200217,7.2,95.9
20200218,6.2,92.2
20200219,11.4,83.4
20200220,0,86.5
20200221,0,89.4
20200222,17.8,74.3
20200223,6.6,71.2
20200224,0,74.6
20200225,0,78
20200226,0,81.3
20200227,0,84.4
20200228,0,87.4
20200229,23.2,67
20200301,0.2,70.3
20200302,0,72.6
20200303,1.8,73.2
20200304,13,62.6
20200305,0,64.9
20200306,0,67.3
20200307,0,69.6
20200308,0,72
20200309,5.4,69
20200310,1.2,70.1
20200311,0.4,72.1
20200312,0,74.5
20200313,0,76.8
20200314,0,79.1
20200315,0,81.4
20200316,0,83.5
20200317,0,85.6
20200318,0,87.7
20200319,0,89.6
20200320,0,91.5
20200321,0,93.4
20200322,22.2,73
20200323,1.4,73.9
20200324,13.8,62.5
20200325,0.2,64.7
20200326,0,67
20200327,9.6,59.8
20200328,7.4,54.7
20200329,0,57.1
20200330,0,59.5
20200331,0,61.8
20200401,0,64.2
20200402,0,65.3
20200403,0,66.5
20200404,0,67.6
20200405,0,68.8
20200406,0,69.9
20200407,0.2,70.9
20200408,5.8,66.2
20200409,5.8,61.6
20200410,0,62.7
20200411,0,63.8
20200412,0,65
20200413,50.8,15.3
20200414,25.2,0
20200415,3.2,0
20200416,1.4,0
20200417,1.8,0
20200418,14.4,0
20200419,11.6,0
20200420,6.4,0
20200421,0.6,0.5
20200422,0.2,1.5
20200423,0.2,2.4
20200424,15.8,0
20200425,0,1.1
20200426,0.4,1.9
20200427,1.2,1.8
20200428,18.8,0
20200429,0,1.1
20200430,0,2.3
20200501,0,3.4
20200502,0,3.9
20200503,73.4,0
20200504,17.2,0
20200505,48.6,0
20200506,1.4,0
20200507,0.4,0.1
20200508,0,0.6
20200509,0,1.1
20200510,0,1.5
20200511,0,2
20200512,10.2,0
20200513,0,0.5
20200514,0,1
20200515,0,1.5
20200516,0,1.9
20200517,0,2.4
20200518,0,2.9
20200519,0,3.4
20200520,0,3.9
20200521,0,4.4
20200522,0,4.8
20200523,0,5.3
20200524,0,5.8
20200525,34,0
20200526,0,0.5
20200527,0,1
20200528,0,1.5
20200529,0,1.9
20200530,0,2.4
20200531,0,2.9
20200601,0,3.4
20200602,0,3.7
20200603,0,4
20200604,16.6,0
20200605,5.4,0
20200606,0,0.3
20200607,8.2,0
20200608,1.6,0
20200609,3.4,0
20200610,0,0.3
20200611,0,0.6
20200612,10.4,0
20200613,1,0
20200614,0,0.3
20200615,0,0.6
20200616,12,0
20200617,3.8,0
20200618,6.4,0
20200619,0.4,0
20200620,0,0.3
20200621,0,0.6
20200622,0,0.9
20200623,0,1.2
20200624,0,1.5
20200625,0,1.8
20200626,0.2,1.9
20200627,0,2.2
20200628,7,0
20200629,0.4,0
20200630,0,0.3
20200701,0,0.6
20200702,0,0.9
20200703,0,1.2
20200704,0,1.5
20200705,4.2,0
20200706,11.8,0
20200707,1.2,0
20200708,1.8,0
20200709,0,0.3
20200710,0.2,0.4
20200711,0,0.7
20200712,0.2,0.8
20200713,22.4,0
20200714,0,0.3
20200715,0,0.6
20200716,0,0.9
20200717,0,1.2
20200718,0,1.5
20200719,0,1.8
20200720,0.8,1.3
20200721,13,0
20200722,8,0
20200723,10.2,0
20200724,9.4,0
20200725,0,0.3
20200726,0,0.6
20200727,0,0.9
20200728,0,1.2
20200729,0.2,1.3
20200730,0,1.6
20200731,0,1.9
20200801,0,2.1
20200802,0,3
20200803,0,3.8
20200804,0.6,4
20200805,0.2,4.6
20200806,0.2,5.2
20200807,8.4,0
20200808,0,0.8
20200809,0,1.6
20200810,2.6,0
20200811,0,0.8
20200812,0,1.6
20200813,0,2.4
20200814,0,3.2
20200815,0,4
20200816,0,4.9
20200817,0,5.7
20200818,0,6.5
20200819,15.8,0
20200820,13.2,0
20200821,15.6,0
20200822,26.8,0
20200823,4.2,0
20200824,9.8,0
20200825,0.8,0
20200826,5.4,0
20200827,5.8,0
20200828,0.4,0.4
20200829,2.8,0
20200830,0.8,0
20200831,0.2,0.6
20200901,16.8,0
20200902,12.6,0
20200903,0,1.4
20200904,0,2.8
20200905,1.4,2.7
20200906,31,0
20200907,11.4,0
20200908,0,1.4
20200909,0,2.8
20200910,0.2,3.9
20200911,1.6,3.7
20200912,0,5.1
20200913,0,6.5
20200914,0.4,7.5
20200915,9.2,0
20200916,20.2,0
20200917,4.8,0
20200918,32,0
20200919,4.6,0
20200920,0,1.4
20200921,0,2.8
20200922,0,4.1
20200923,13.6,0
20200924,0,1.4
20200925,4.4,0
20200926,1.4,0
20200927,33.4,0
20200928,14.6,0
20200929,18.6,0
20200930,11.2,0
20201001,0.2,1.2
20201002,0,3.5
20201003,0,5.8
20201004,0.6,7.5
20201005,0,9.8
20201006,0,12.1
20201007,8.4,6
20201008,0.6,7.7
20201009,3.8,6.2
20201010,3.8,4.7
20201011,19.6,0
20201012,27.4,0
20201013,14.8,0
20201014,1.2,1.1
20201015,0,3.4
20201016,0,5.7
20201017,0.2,7.8
20201018,4.4,5.7
20201019,3.4,4.6
20201020,7.4,0
20201021,0,2.3
20201022,0,4.6
20201023,0,6.9
20201024,0,9.2
20201025,0,11.5
20201026,0,13.8
20201027,17.6,0
20201028,10,0
20201029,2.2,0.1
20201030,23.2,0
20201031,1.2,1.1
20201101,3.2,0.2
20201102,0,3.5
20201103,8.4,0
20201104,28.2,0
20201105,6.2,0
20201106,1.8,1.5
20201107,5.4,0
20201108,33.4,0
20201109,0.2,3.1
20201110,0,6.4
20201111,0,9.8
20201112,0,13.1
20201113,0.2,16.2
20201114,1.8,17.7
20201115,0,21
20201116,2,22.3
20201117,0.8,24.9
20201118,13.2,15
20201119,1,17.3
20201120,0,20.6
20201121,0,23.9
20201122,5.8,21.4
20201123,0,24.8
20201124,0.2,27.9
20201125,0,31.2
20201126,0,34.5
20201127,0,37.8
20201128,0.4,40.7
20201129,8.2,35.9
20201130,3,36.2
20201201,22.2,17.3
20201202,0,21.4
20201203,5,20.4
20201204,0.2,24.3
20201205,8,20.4
20201206,10.2,14.2
20201207,5.6,12.7
20201208,6.2,10.6
20201209,10.2,4.5
20201210,0,8.5
20201211,4,8.6
20201212,11.6,1.1
20201213,2,3.1
20201214,0,7.2
20201215,0,11.3
20201216,0,15.3
20201217,0,19.4
20201218,0,23.5
20201219,0,27.6
20201220,0,31.6
20201221,7.6,28.1
20201222,27.4,4.8
20201223,0.4,8.4
20201224,36.6,0
20201225,4.8,0
20201226,5.4,0
20201227,0.6,3.5
20201228,0,7.5
20201229,0,11.6
20201230,0,15.7
20201231,0,19.8
20210101,0,23.8
20210102,5,22.8
20210103,6.8,19.9
20210104,0.8,23.1
20210105,0,27.1
20210106,0,31
20210107,0.2,34.8
20210108,0,38.8
20210109,0.6,42.1
20210110,0,46.1
20210111,1,49
20210112,0,53
20210113,0,57
20210114,0,60.9
20210115,0,64.9
20210116,0,68.8
20210117,2,70.8
20210118,30.8,44
20210119,8.6,39.3
20210120,37.8,5.5
20210121,42.2,0
20210122,18.2,0
20210123,0,4
20210124,1.2,6.7
20210125,0.2,10.5
20210126,0,14.4
20210127,0,18.4
20210128,9.4,13
20210129,0,16.9
20210130,0,20.9
20210131,0,24.9
20210201,0,28.8
20210202,0,32.9
20210203,0,37
20210204,0,41.1
20210205,0,45.2
20210206,0,49.3
20210207,0,53.4
20210208,0,57.5
20210209,1,60.6
20210210,58,6.7
20210211,0,10.8
20210212,0,15
20210213,0,19.1
20210214,0,23.2
20210215,0,27.3
20210216,0,31.4
20210217,0,35.5
20210218,0,39.6
20210219,0,43.7
20210220,0,47.8
20210221,0,51.9
20210222,0,56
20210223,0,60.1
20210224,0,64.2
20210225,4.8,63.5
20210226,5,62.6
20210227,2,64.7
20210228,0,68.8
20210301,4.8,68.1
20210302,4.8,65.8
20210303,2.6,65.6
20210304,2.2,65.9
20210305,2.8,65.6
20210306,30.6,37.4
20210307,17,22.9
20210308,3.4,21.9
20210309,0,24.4
20210310,1,25.9
20210311,10.6,17.7
20210312,1.2,19
20210313,0,21.4
20210314,0,23.9
20210315,0,26.4
20210316,20.6,8.2
20210317,0.2,10.5
20210318,0,13
20210319,0,15.4
20210320,0,17.9
20210321,0,20.3
20210322,0,22.8
20210323,0,25.3
20210324,0,27.7
20210325,0,30.2
20210326,0,32.6
20210327,0,35.1
20210328,6.4,31.2
20210329,15.2,18.4
20210330,7.8,13.1
20210331,0,15.6
20210401,11.2,6.8
20210402,0,7.9
20210403,4.2,4.9
20210404,0.2,5.8
20210405,0,7
20210406,0,8.1
20210407,0,9.2
20210408,0,10.4
20210409,0,11.5
20210410,14,0
20210411,41.6,0
20210412,6.8,0
20210413,18,0
20210414,13.2,0
20210415,0,1.1
20210416,0.6,1.7
20210417,15,0
20210418,0.4,0.7
20210419,0.2,1.7
20210420,0,2.8
20210421,1.8,2.1
20210422,0,3.3
20210423,0.6,3.8
20210424,20.2,0
20210425,0.8,0.3
20210426,7.2,0
20210427,18.2,0
20210428,0,1.1
20210429,0,2.3
20210430,0,3.4
20210501,0,4.5
20210502,0,5
20210503,0,5.6
20210504,0,6.1
20210505,0.4,6.2
20210506,1.6,5.1
20210507,0,5.6
20210508,0,6.1
20210509,19.6,0
20210510,6.8,0
20210511,32.2,0
20210512,15.6,0
20210513,0.2,0.3
20210514,0,0.8
20210515,24.2,0
20210516,0.8,0
20210517,9.4,0
20210518,14.8,0
20210519,14.6,0
20210520,2.2,0
20210521,0,0.5
20210522,0.2,0.8
20210523,0,1.3
20210524,0,1.8
20210525,0,2.3
20210526,0,2.8
20210527,0,3.3
20210528,1.4,2.4
20210529,8,0
20210530,1.8,0
20210531,16.6,0
20210601,0.2,0.3
20210602,0,0.6
20210603,0,0.8
20210604,0,1.1
20210605,0.2,1.2
20210606,37.4,0
20210607,6.2,0
20210608,1,0
20210609,0,0.3
20210610,0.2,0.3
20210611,0,0.6
20210612,0.2,0.7
20210613,0.2,0.7
20210614,27.8,0
20210615,2.6,0
20210616,7.2,0
20210617,1.8,0
20210618,18.4,0
20210619,0.2,0.1
20210620,0.8,0
20210621,0,0.3
20210622,0,0.5
20210623,0,0.8
20210624,0,1.1
20210625,0,1.3
20210626,38.2,0
20210627,14.4,0
20210628,16.6,0
20210629,13.6,0
20210630,0.2,0.1
20210701,0,0.3
20210702,0,0.6
20210703,0,0.9
20210704,0,1.1
20210705,0,1.4
20210706,0.6,1.1
20210707,54.4,0
20210708,3.6,0
20210709,2.8,0
20210710,6.4,0
20210711,0.2,0.1
20210712,0,0.3
20210713,0,0.6
20210714,0,0.9
20210715,6,0
20210716,55,0
20210717,95.4,0
20210718,48.4,0
20210719,8,0
20210720,0.4,0
20210721,0,0.3
20210722,25.8,0
20210723,5.2,0
20210724,0,0.3
20210725,0.2,0.3
20210726,2.8,0
20210727,34,0
20210728,5.2,0
20210729,0,0.3
20210730,1,0
20210731,0,0.3
20210801,0,0.5
20210802,1.4,0
20210803,6.2,0
20210804,0,0.7
20210805,8,0
20210806,13.8,0
20210807,3.2,0
20210808,23.6,0
20210809,3.2,0
20210810,0,0.7
20210811,1.6,0
20210812,0,0.7
20210813,16.6,0
20210814,4.6,0
20210815,6.8,0
20210816,0,0.7
20210817,31,0
20210818,18,0
20210819,0.4,0.3
20210820,5.2,0
20210821,0,0.7
20210822,0,1.4
20210823,8.6,0
20210824,1.6,0
20210825,0,0.7
20210826,1,0.4
20210827,26.2,0
20210828,9.4,0
20210829,0.6,0.1
20210830,0.2,0.6
20210831,0,1.3
20210901,0,2.1
20210902,0,3.4
20210903,0,4.8
20210904,0,6.1
20210905,0,7.4
20210906,0.2,8.6
20210907,39.2,0
20210908,29.8,0
20210909,6.6,0
20210910,10,0
20210911,31,0
20210912,4,0
20210913,30.8,0
20210914,7,0
20210915,0,1.3
20210916,0,2.7
20210917,0,4
20210918,0,5.4
20210919,1.2,5.5
20210920,18.6,0
20210921,0,1.3
20210922,21.8,0
20210923,4,0
20210924,10.4,0
20210925,1.8,0
20210926,42.2,0
20210927,3.4,0
20210928,1.2,0.1
20210929,0.4,1.1
20210930,9,0
20211001,1.2,0.1
20211002,0.4,2.2
20211003,0,4.6
20211004,6.4,0.6
20211005,4.6,0
20211006,0,2.4
20211007,38.2,0
20211008,0.2,2.2
20211009,2.8,1.8
20211010,2.8,1.5
20211011,0.4,3.5
20211012,34,0
20211013,4.6,0
20211014,0,2.4
20211015,0,4.8
20211016,0,7.3
20211017,19,0
20211018,41.4,0
20211019,1.8,0.6
20211020,0.4,2.6
20211021,0,5.1
20211022,0,7.5
20211023,0,9.9
20211024,0,12.3
20211025,0.2,14.6
20211026,0,17
20211027,10.6,8.8
20211028,0,11.2
20211029,27,0
20211030,7.8,0
20211031,5,0
20211101,8.2,0
20211102,0.8,3
20211103,0,6.7
20211104,0,10.5
20211105,0,14.2
20211106,0,18
20211107,0,21.7
20211108,0,25.5
20211109,0,29.2
20211110,0,33
20211111,1.8,34.9
20211112,0,38.7
20211113,3,39.4
20211114,13.2,30
20211115,9,24.7
20211116,22.6,5.9
20211117,12.2,0
20211118,1.4,2.4
20211119,0,6.1
20211120,0,9.9
20211121,0,13.6
20211122,19.4,0
20211123,0,3.8
20211124,0,7.5
20211125,0,11.3
20211126,0,15
20211127,0,18.8
20211128,49.6,0
20211129,10.4,0
20211130,0,3.8
20211201,0,7.5
20211202,0,11
20211203,19.4,0
20211204,12.8,0
20211205,3.2,0.3
20211206,20.2,0
20211207,7.4,0
20211208,0.4,3.1
20211209,9.8,0
20211210,12,0
20211211,8.6,0
20211212,5.6,0
20211213,0.8,2.7
20211214,0.6,5.6
20211215,11.8,0
20211216,0.2,3.3
20211217,2.4,4.4
20211218,2,5.9
20211219,0.4,9.1
20211220,0,12.6
20211221,7.8,8.3
20211222,0,11.8
20211223,2.8,12.5
20211224,0,16
20211225,0,19.5
20211226,2,21
20211227,0,24.6
20211228,13.6,14.5
20211229,7.4,10.6
20211230,0.6,13.5
20211231,0,17
20220101,0,20.5
20220102,0,25.7
20220103,0,30.8
20220104,0,36
20220105,0,41.1
20220106,0,46.2
20220107,0,51.4
20220108,0,56.5
20220109,0,61.7
20220110,0.4,66.4
20220111,0.2,71.4
20220112,0,76.5
20220113,0,81.6
20220114,0,86.3
20220115,0,90.6
20220116,0,94.7
20220117,0,98.5
20220118,0,102
20220119,0.2,105.1
20220120,19.4,88.8
20220121,2.2,90.8
20220122,0,94.9
20220123,0,98.6
20220124,0,102.2
20220125,0,105.4
20220126,4.2,104.3
20220127,0.6,106.8
20220128,0,109.8
20220129,0,112.6
20220130,0,115.1
20220131,0,117.5
20220201,0,119.7
20220202,2.2,118.9
20220203,51.8,68.5
20220204,22,49.8
20220205,50,3.2
20220206,3.4,3.1
20220207,0,6.5
20220208,0,9.8
20220209,13.4,0
20220210,166.6,0
20220211,8.8,0
20220212,0,3.4
20220213,42,0
20220214,1.2,2.2
20220215,0,5.5
20220216,0,8.9
20220217,0,12.2
20220218,0,15.6
20220219,0,18.9
20220220,21,1.3
20220221,0,4.6
20220222,0,8
20220223,0,11.3
20220224,1.2,13.5
20220225,0,16.8
20220226,0,20.2
20220227,0,23.5
20220228,0,26.9
20220301,0,30.2
20220302,0,33.4
20220303,0,36.5
20220304,0,39.7
20220305,0,42.8
20220306,0,46
20220307,0,49.2
20220308,0,52.3
20220309,0,55.5
20220310,0,58.7
20220311,0,61.8
20220312,3.6,61.4
20220313,0,64.5
20220314,0,67.7
20220315,0,70.9
20220316,0,74
20220317,0,77.2
20220318,0,80.3
20220319,0,83.2
20220320,0,86
20220321,1,87.7
20220322,2.2,88.1
20220323,15.8,74.9
20220324,1,77.1
20220325,0.2,80
20220326,0,82.9
20220327,0,85.8
20220328,0,88.5
20220329,0,91.1
20220330,0,93.5
20220331,0,95.9
20220401,0,98.2
20220402,0,99.2
20220403,0,100.2
20220404,0,101.2
20220405,0,102.1
20220406,5.6,97.5
20220407,15,83.5
20220408,0,84.8
20220409,0,86.1
20220410,0,87.3
20220411,0,88.6
20220412,0.8,89
20220413,10.4,79.8
20220414,0,81.1
20220415,0,82.5
20220416,0,83.8
20220417,0,85.1
20220418,0,86.4
20220419,0,87.6
20220420,9.8,79
20220421,30.8,49.6
20220422,22.2,28.9
20220423,3.4,27
20220424,3,25.4
20220425,6.4,20.5
20220426,0,22
20220427,0,23.5
20220428,0,24.9
20220429,0,26.4
20220430,0,27.9
20220501,0.2,29.1
20220502,17.4,12.2
20220503,3.8,8.9
20220504,0.2,9.2
20220505,0,9.7
20220506,0,10.2
20220507,0,10.7
20220508,0,11.2
20220509,33,0
20220510,0.4,0.1
20220511,0,0.6
20220512,0,1.1
20220513,0,1.6
20220514,1.2,0.9
20220515,4,0
20220516,9.2,0
20220517,0,0.5
20220518,0,1
20220519,9.4,0
20220520,32.8,0
20220521,21.4,0
20220522,16,0
20220523,12.4,0
20220524,0,0.5
20220525,1,0
20220526,3.2,0
20220527,0,0.5
20220528,0,1
20220529,0,1.5
20220530,10,0
20220531,13.2,0
20220601,59.8,0
20220602,39.4,0
20220603,4.4,0
20220604,1.8,0
20220605,0,0.2
20220606,2.4,0
20220607,1.4,0
20220608,14.8,0
20220609,32.6,0
20220610,29.8,0
20220611,20.6,0
20220612,16.4,0
20220613,33.6,0
20220614,19.8,0
20220615,21.2,0
20220616,11.6,0
20220617,3.6,0
20220618,0.2,0
20220619,0,0.2
20220620,0,0.4
20220621,0,0.6
20220622,0,0.8
20220623,0,1
20220624,0.2,1
20220625,17,0
20220626,4.6,0
20220627,0,0.2
20220628,14.8,0
20220629,0.6,0
20220630,0,0.2
20220701,4.4,0
20220702,0.2,0.1
20220703,0,0.5
20220704,0.6,0.2
20220705,0,0.5
20220706,0,0.9
20220707,0,1.2
20220708,10.8,0
20220709,34.2,0
20220710,17,0
20220711,0.2,0.1
20220712,9.2,0
20220713,6.6,0
20220714,0.8,0
20220715,0,0.3
20220716,2.6,0
20220717,0,0.3
20220718,0.8,0
20220719,20.8,0
20220720,21.8,0
20220721,3,0
20220722,0,0.3
20220723,0,0.7
20220724,0,1
20220725,0,1.3
20220726,14,0
20220727,2.2,0
20220728,3.8,0
20220729,10.8,0
20220730,2,0
20220731,48.8,0
20220801,0.2,0.1
20220802,0.6,0.3
20220803,13.6,0
20220804,1.2,0
20220805,0,0.8
20220806,4,0
20220807,40.8,0
20220808,5.4,0
20220809,0.2,0.6
20220810,0,1.3
20220811,0,2.1
20220812,0,2.9
20220813,0,3.7
20220814,0,4.4
20220815,0,5.2
20220816,20.6,0
20220817,35.2,0
20220818,52.4,0
20220819,12.6,0
20220820,56.4,0
20220821,6.2,0
20220822,10,0
20220823,0,0.8
20220824,0,1.5
20220825,0,2.3
20220826,2,1.1
20220827,0,1.9
20220828,0,2.6
20220829,0,3.4
20220830,0,4.2
20220831,0.2,4.7
20220901,0.2,5.3
20220902,0,6.8
20220903,18.2,0
20220904,8,0
20220905,1.6,0
20220906,0.2,1.3
20220907,0,2.9
20220908,0,4.4
20220909,0,6
20220910,0,7.5
20220911,0,9
20220912,0,10.6
20220913,8.8,3.3
20220914,12.6,0
20220915,0,1.5
20220916,1.4,1.7
20220917,0,3.2
20220918,0,4.8
20220919,2.8,3.5
20220920,9,0
20220921,4.8,0
20220922,2.2,0
20220923,0,1.5
20220924,0,3.1
20220925,0,4.6
20220926,0,6.2
20220927,0,7.7
20220928,1.2,8
20220929,17.4,0
20220930,1,0.5
20221001,0,2.1
20221002,0,4.5
20221003,0,6.9
20221004,0,9.3
20221005,10.2,1.5
20221006,9.6,0
20221007,2,0.4
20221008,0,2.8
20221009,0,5.2
20221010,0.2,7.4
20221011,12.6,0
20221012,0,2.4
20221013,0,4.8
20221014,0,7.2
20221015,0,9.6
20221016,0,12
20221017,0,14.4
20221018,0,16.8
20221019,2.8,16.4
20221020,3.4,15.4
20221021,0.2,17.6
20221022,0.2,19.8
20221023,0,22.2
20221024,0,24.6
20221025,3.2,23.8
20221026,4.6,21.6
20221027,0,24.1
20221028,0.6,25.9
20221029,32.6,0
20221030,17.2,0
20221031,0,2.4
20221101,5.4,0
20221102,4.6,0
20221103,53.4,0
20221104,0.2,3
20221105,1,5.2
20221106,0,8.4
20221107,0,11.6
20221108,0,14.8
20221109,0,18
20221110,0,21.2
20221111,0,24.4
20221112,11.8,15.8
20221113,8.8,10.2
20221114,0,13.4
20221115,0,16.6
20221116,0,19.8
20221117,0,23
20221118,2.4,23.8
20221119,24.8,2.3
20221120,13.6,0
20221121,1.6,1.6
20221122,12.6,0
20221123,12.8,0
20221124,19.6,0
20221125,10.6,0
20221126,5.8,0
20221127,7.8,0
20221128,13.8,0
20221129,0.2,3
20221130,4.8,1.4
20221201,4,0.6
20221202,0,4.9
20221203,0,9.2
20221204,0,13.6
20221205,0,17.9
20221206,0,22.2
20221207,0,26.5
20221208,0,30.8
20221209,0,35.1
20221210,22.2,17.3
20221211,0,21.6
20221212,7.6,18.3
20221213,0,22.6
20221214,0,26.9
20221215,6.8,24.4
20221216,7.8,21
20221217,5.6,19.7
20221218,0,24
20221219,27.8,0.5
20221220,4.6,0.2
20221221,4,0.5
20221222,2.6,2.2
20221223,0.2,6.4
20221224,0,10.7
20221225,0,15
20221226,0,19.3
20221227,0,23.6
20221228,2.4,25.5
20221229,0,29.9
20221230,0,34.2
20221231,0,38.5
20230101,0,42.8
20230102,0,47.5
20230103,0,52.1
20230104,0,56.7
20230105,0.4,61
20230106,18.8,46.8
20230107,2,49.5
20230108,0,54.1
20230109,0,58.8
20230110,0,63.4
20230111,0,68.1
20230112,0,72.7
20230113,0,77.4
20230114,0.2,81.7
20230115,5.6,80.3
20230116,0,84.6
20230117,0,88.7
20230118,0,92.5
20230119,0,96
20230120,0,99.4
20230121,0.8,101.7
20230122,0,104.7
20230123,0,107.5
20230124,0,110.1
20230125,0,112.6
20230126,7.8,107.1
20230127,0.4,109.4
20230128,0,111.9
20230129,0,114.2
20230130,1,115.5
20230131,11,106.6
20230201,0.2,109.1
20230202,14.6,96.5
20230203,5.8,93.4
20230204,0.8,95.4
20230205,2.6,95.5
20230206,11.8,86.4
20230207,0.4,89.2
20230208,2.6,89.6
20230209,0.2,92.4
20230210,0,95.3
20230211,0,98
20230212,0,100.6
20230213,0,103.1
20230214,0,105.4
20230215,0,107.6
20230216,0,109.7
20230217,0,111.8
20230218,0,113.7
20230219,0,115.5
20230220,0,117.2
20230221,0,118.8
20230222,0,120.4
20230223,12.4,109.5
20230224,0,111.5
20230225,0,113.4
20230226,0,115.2
20230227,0,116.9
20230228,0,118.6
20230301,0,120.2
20230302,0.4,120.7
20230303,0,121.5
20230304,2.8,119.6
20230305,0,120.5
20230306,0.6,120.8
20230307,0,121.7
20230308,0,122.6
20230309,46,77.4
20230310,8.8,70.8
20230311,0.4,72.6
20230312,0,74.9
20230313,7.4,69.8
20230314,4,68.1
20230315,0,70.3
20230316,0,72.6
20230317,45.2,29.7
20230318,25.4,6.5
20230319,0,8.8
20230320,0,11.1
20230321,11.4,1.9
20230322,5.4,0
20230323,0,2.3
20230324,0,4.5
20230325,0,6.8
20230326,5.2,3.9
20230327,0,6.1
20230328,5,3.4
20230329,8.6,0
20230330,0,2.3
20230331,0,4.5
20230401,21.6,0
20230402,8.6,0
20230403,0,1.2
20230404,0,2.4
20230405,0,3.7
20230406,2,2.9
20230407,0,4.1
20230408,0,5.3
20230409,0,6.5
20230410,12.4,0
20230411,40.6,0
20230412,21.2,0
20230413,18,0
20230414,19,0
20230415,0,1.2
20230416,0,2.4
20230417,0,3.7
20230418,0,4.9
20230419,26.2,0
20230420,0,1.2
20230421,13.8,0
20230422,7.4,0
20230423,0,1.2
20230424,5.6,0
20230425,0.6,0.6
20230426,12,0
20230427,0.2,1
20230428,0,2.2
20230429,0,3.5
20230430,0.2,4.5
20230501,0,5.7
20230502,4.6,1.6
20230503,34.6,0
20230504,29.4,0
20230505,0,0.5
20230506,26.8,0
20230507,22.4,0
20230508,8.4,0
20230509,15,0
20230510,35,0
20230511,21.2,0
20230512,0,0.5
20230513,0,1
20230514,0,1.6
20230515,6.8,0
20230516,0,0.5
20230517,0.2,0.8
20230518,1.4,0
20230519,3.8,0
20230520,2.6,0
20230521,2.2,0
20230522,2.6,0
20230523,0,0.5
20230524,0,1
20230525,0,1.6
20230526,0,2.1
20230527,6,0
20230528,0.8,0
20230529,1.6,0
20230530,21.4,0
20230531,15.4,0
20230601,0.2,0.3
20230602,12.6,0
20230603,9,0
20230604,0,0.3
20230605,15.8,0
20230606,0,0.3
20230607,0.2,0.4
20230608,0,0.7
20230609,0,1.1
20230610,0,1.4
20230611,0,1.7
20230612,0.2,1.8
20230613,0,2.1
20230614,0,2.4
20230615,0,2.7
20230616,0,3
20230617,0.2,3.2
20230618,0,3.5
20230619,0.2,3.6
20230620,0,3.9
20230621,0.4,3.8
20230622,0,4.1
20230623,0,4.4
20230624,1.2,3.6
20230625,2.2,1.7
20230626,2,0
20230627,21.6,0
20230628,0.2,0.1
20230629,3,0
20230630,11.4,0
20230701,20.6,0
20230702,13.6,0
20230703,9.8,0
20230704,4.4,0
20230705,7.4,0
20230706,0.4,0
20230707,0,0.3
20230708,4.6,0
20230709,0.8,0
20230710,0.4,0
20230711,0,0.3
20230712,3.4,0
20230713,12.8,0
20230714,18.4,0
20230715,6.6,0
20230716,0,0.3
20230717,6.4,0
20230718,0.8,0
20230719,0.8,0
20230720,0.4,0
20230721,0,0.3
20230722,0,0.7
20230723,0,1
20230724,0.2,1.1
20230725,0,1.5
20230726,10,0
20230727,9.4,0
20230728,0.4,0
20230729,0,0.3
20230730,0,0.7
20230731,0,1
20230801,8,0
20230802,18.2,0
20230803,0.2,0.9
20230804,0,1.9
20230805,0,3
20230806,0,4
20230807,0.2,4.9
20230808,0.2,5.7
20230809,2,4.8
20230810,2.4,3.4
20230811,0,4.5
20230812,0,5.5
20230813,0.4,6.2
20230814,12.2,0
20230815,6.2,0
20230816,19.4,0
20230817,1,0.1
20230818,0.2,0.9
20230819,0,2
20230820,45,0
20230821,1.8,0
20230822,0,1.1
20230823,0,2.1
20230824,0,3.2
20230825,0,4.2
20230826,0,5.3
20230827,1.2,5.2
