Station,Date(NZST),Tmax(C),Period(Hrs),Tmin(C),Period(Hrs),Tgmin(C),Period(Hrs),Tmean(C),RHmean(%),Period(Hrs),Freq
3925,20190101:0800,25.6,24,14.3,24,12.5,24,20,-,24,D
3925,20190102:0800,26.9,24,16.6,24,15.8,24,21.8,-,24,D
3925,20190103:0800,24.8,24,16,24,13.2,24,20.4,-,24,D
3925,20190104:0800,23.1,24,13.3,24,10.2,24,18.2,-,24,D
3925,20190105:0800,22.1,24,8.4,24,5.4,24,15.3,-,24,D
3925,20190106:0800,25.8,24,14.4,24,14.5,24,20.1,-,24,D
3925,20190107:0800,27.2,24,13.7,24,13.3,24,20.5,-,24,D
3925,20190108:0800,23.1,24,9.6,24,6,24,16.4,-,24,D
3925,20190109:0800,24.5,24,9.2,24,6.4,24,16.9,-,24,D
3925,20190110:0800,26.5,24,15.8,24,13.3,24,21.2,-,24,D
3925,20190111:0800,27.3,24,15.5,24,13.8,24,21.4,-,24,D
3925,20190112:0800,23.8,24,8.7,24,6.1,24,16.3,-,24,D
3925,20190113:0800,26,24,10,24,6.8,24,18,-,24,D
3925,20190114:0800,22.2,24,10.5,24,9.9,24,16.4,-,24,D
3925,20190115:0800,22.2,24,7.7,24,5.5,24,15,-,24,D
3925,20190116:0800,29.3,24,6.2,24,2,24,17.8,-,24,D
3925,20190117:0800,28.6,24,10.2,24,7.2,24,19.4,-,24,D
3925,20190118:0800,27.7,24,14.9,24,12.7,24,21.3,-,24,D
3925,20190119:0800,28.7,24,15,24,12.8,24,21.9,-,24,D
3925,20190120:0800,23.9,24,12.2,24,10,24,18.1,-,24,D
3925,20190121:0800,20.7,24,12.9,24,12.8,24,16.8,-,24,D
3925,20190122:0800,17.5,24,11.6,24,10.3,24,14.6,-,24,D
3925,20190123:0800,20.6,24,13,24,14.6,24,16.8,-,24,D
3925,20190124:0800,24.1,24,10,24,7.9,24,17.1,-,24,D
3925,20190125:0800,21,24,8.1,24,5.3,24,14.6,-,24,D
3925,20190126:0800,21,24,10.2,24,7.2,24,15.6,-,24,D
3925,20190127:0800,23.3,24,13.8,24,12.2,24,18.6,-,24,D
3925,20190128:0800,28.2,24,16.4,24,17,24,22.3,-,24,D
3925,20190129:0800,27.5,24,13.3,24,10.4,24,20.4,-,24,D
3925,20190130:0800,31.1,24,13.2,24,9.9,24,22.2,-,24,D
3925,20190131:0800,30.8,24,14.4,24,12.6,24,22.6,-,24,D
3925,20190201:0800,32.1,24,16.2,24,16.2,24,24.2,-,24,D
3925,20190202:0800,23.3,24,6.6,24,2.9,24,15,-,24,D
3925,20190203:0800,25.6,24,7.1,24,3.9,24,16.4,-,24,D
3925,20190204:0800,26.9,24,10.9,24,9.1,24,18.9,-,24,D
3925,20190205:0800,27.1,24,13,24,10.7,24,20.1,-,24,D
3925,20190206:0800,23.2,24,15.2,24,15.8,24,19.2,-,24,D
3925,20190207:0800,26.6,24,13.3,24,12.5,24,20,-,24,D
3925,20190208:0800,26.2,24,12.5,24,9.2,24,19.4,-,24,D
3925,20190209:0800,24.9,24,15.1,24,14.9,24,20,-,24,D
3925,20190210:0800,22.3,24,12.8,24,9.5,24,17.6,-,24,D
3925,20190211:0800,26.6,24,9.4,24,7,24,18,-,24,D
3925,20190212:0800,27.9,24,13.1,24,13.1,24,20.5,-,24,D
3925,20190213:0800,25.2,24,14,24,12.3,24,19.6,-,24,D
3925,20190214:0800,28.8,24,11.6,24,8.2,24,20.2,-,24,D
3925,20190215:0800,28.5,24,12.9,24,10.5,24,20.7,-,24,D
3925,20190216:0800,22.7,24,11.9,24,8.2,24,17.3,-,24,D
3925,20190217:0800,23.9,24,9.2,24,5.5,24,16.6,-,24,D
3925,20190218:0800,22.7,24,12.3,24,10.6,24,17.5,-,24,D
3925,20190219:0800,24.2,24,14.7,24,13.4,24,19.5,-,24,D
3925,20190220:0800,27.4,24,15.4,24,13.9,24,21.4,-,24,D
3925,20190221:0800,23.4,24,15,24,11.1,24,19.2,-,24,D
3925,20190222:0800,26.1,24,16.2,24,14.1,24,21.2,-,24,D
3925,20190223:0800,25.6,24,8.8,24,4.4,24,17.2,-,24,D
3925,20190224:0800,20.5,24,9.5,24,6.7,24,15,-,24,D
3925,20190225:0800,18.3,24,5.2,24,2,24,11.8,-,24,D
3925,20190226:0800,22.4,24,4.5,24,1.2,24,13.5,-,24,D
3925,20190227:0800,22.2,24,8.3,24,7.5,24,15.3,-,24,D
3925,20190228:0800,19.2,24,5.9,24,2.7,24,12.6,-,24,D
3925,20190301:0800,21.1,24,2.8,24,-0.5,24,12,-,24,D
3925,20190302:0800,22.4,24,4.2,24,1.3,24,13.3,-,24,D
3925,20190303:0800,26.3,24,6.4,24,2.9,24,16.4,-,24,D
3925,20190304:0800,27.6,24,9.2,24,7.7,24,18.4,-,24,D
3925,20190305:0800,23.4,24,10,24,6.1,24,16.7,-,24,D
3925,20190306:0800,22,24,14.2,24,13.6,24,18.1,-,24,D
3925,20190307:0800,23.6,24,13.3,24,11,24,18.5,-,24,D
3925,20190308:0800,22,24,13,24,12,24,17.5,-,24,D
3925,20190309:0800,21.4,24,9.2,24,7,24,15.3,-,24,D
3925,20190310:0800,24.7,24,12.2,24,13.7,24,18.5,-,24,D
3925,20190311:0800,26.2,24,14.5,24,13.4,24,20.4,-,24,D
3925,20190312:0800,22.4,24,14.9,24,13.7,24,18.7,-,24,D
3925,20190313:0800,21.8,24,15.4,24,15.8,24,18.6,-,24,D
3925,20190314:0800,21.9,24,15.3,24,15.7,24,18.6,-,24,D
3925,20190315:0800,25.4,24,13.3,24,13.1,24,19.4,-,24,D
3925,20190316:0800,21.6,24,15.2,24,16,24,18.4,-,24,D
3925,20190317:0800,21,24,14.3,24,12.2,24,17.7,-,24,D
3925,20190318:0800,26.6,24,16.3,24,15.6,24,21.5,-,24,D
3925,20190319:0800,26.4,24,13.3,24,10.9,24,19.9,-,24,D
3925,20190320:0800,27.2,24,14.8,24,15.2,24,21,-,24,D
3925,20190321:0800,27.4,24,14.7,24,11.4,24,21.1,-,24,D
3925,20190322:0800,25.4,24,15,24,12.1,24,20.2,-,24,D
3925,20190323:0800,24.4,24,13,24,11.3,24,18.7,-,24,D
3925,20190324:0800,23.8,24,11.6,24,8.3,24,17.7,-,24,D
3925,20190325:0800,25.4,24,13.8,24,11.5,24,19.6,-,24,D
3925,20190326:0800,21.8,24,15.9,24,16.3,24,18.9,-,24,D
3925,20190327:0800,19.4,24,15.4,24,15.5,24,17.4,-,24,D
3925,20190328:0800,19.3,24,7.2,24,4.8,24,13.3,-,24,D
3925,20190329:0800,22.4,24,8,24,5.5,24,15.2,-,24,D
3925,20190330:0800,24.2,24,9.1,24,10.5,24,16.7,-,24,D
3925,20190331:0800,26.1,24,12.8,24,11.1,24,19.5,-,24,D
3925,20190401:0800,24.8,24,14.1,24,14,24,19.5,-,24,D
3925,20190402:0800,19.9,24,6.4,24,3.2,24,13.2,-,24,D
3925,20190403:0800,17.8,24,2.9,24,-0.4,24,10.4,-,24,D
3925,20190404:0800,19.5,24,4.4,24,1.7,24,12,-,24,D
3925,20190405:0800,18,24,6,24,6.5,24,12,-,24,D
3925,20190406:0800,16.5,24,2.4,24,-2.1,24,9.5,-,24,D
3925,20190407:0900,16.2,24,4.2,24,0.5,24,10.2,-,24,D
3925,20190408:0900,19.9,24,2.3,24,-0.1,24,11.1,-,24,D
3925,20190409:0900,21.6,24,5.6,24,3.2,24,13.6,-,24,D
3925,20190410:0900,19.2,24,9.2,24,7.5,24,14.2,-,24,D
3925,20190411:0900,21,24,13.2,24,12.8,24,17.1,-,24,D
3925,20190412:0900,15.8,24,9.7,24,6.2,24,12.8,-,24,D
3925,20190413:0900,19.3,24,1.6,24,-1.4,24,10.5,-,24,D
3925,20190414:0900,18.4,24,2.6,24,1.2,24,10.5,-,24,D
3925,20190415:0900,19.2,24,3.2,24,-0.2,24,11.2,-,24,D
3925,20190416:0900,20.5,24,6.2,24,4.2,24,13.4,-,24,D
3925,20190417:0900,20.5,24,4.7,24,2.3,24,12.6,-,24,D
3925,20190418:0900,20.1,24,6.3,24,3.8,24,13.2,-,24,D
3925,20190419:0900,20,24,7.6,24,3,24,13.8,-,24,D
3925,20190420:0900,19.1,24,7.2,24,3.3,24,13.2,-,24,D
3925,20190421:0900,14.4,24,8.5,24,9.6,24,11.5,-,24,D
3925,20190422:0900,16.8,24,9.1,24,7.2,24,13,-,24,D
3925,20190423:0900,19.6,24,5.1,24,1.9,24,12.4,-,24,D
3925,20190424:0900,21.2,24,6.4,24,3.9,24,13.8,-,24,D
3925,20190425:0900,19.1,24,7.6,24,5.3,24,13.4,-,24,D
3925,20190426:0900,18.4,24,9.7,24,7,24,14.1,-,24,D
3925,20190427:0900,19.9,24,9.2,24,4.6,24,14.6,-,24,D
3925,20190428:0900,17.2,24,7,24,3.8,24,12.1,-,24,D
3925,20190429:0900,16.4,24,8.6,24,9.6,24,12.5,-,24,D
3925,20190430:0900,13.8,24,0.6,24,-2.6,24,7.2,-,24,D
3925,20190501:0900,14.7,24,-0.3,24,-2.5,24,7.2,-,24,D
3925,20190502:0900,16.2,24,1.9,24,3.4,24,9.1,-,24,D
3925,20190503:0900,15,24,7,24,8.2,24,11,-,24,D
3925,20190504:0900,18.6,24,7.9,24,2.9,24,13.3,-,24,D
3925,20190505:0900,16.7,24,10.2,24,8.3,24,13.5,-,24,D
3925,20190506:0900,19,24,8.1,24,4.7,24,13.6,-,24,D
3925,20190507:0900,20,24,8.1,24,7,24,14.1,-,24,D
3925,20190508:0900,20.1,24,5.7,24,2.7,24,12.9,-,24,D
3925,20190509:0900,14.6,24,8.4,24,9.8,24,11.5,-,24,D
3925,20190510:0900,16.6,24,11.5,24,9.8,24,14.1,-,24,D
3925,20190511:0900,19.1,24,11.9,24,10.7,24,15.5,-,24,D
3925,20190512:0900,17.4,24,9.8,24,5.2,24,13.6,-,24,D
3925,20190513:0900,14.5,24,7.3,24,3.7,24,10.9,-,24,D
3925,20190514:0900,16.1,24,7.9,24,6.4,24,12,-,24,D
3925,20190515:0900,15.4,24,8.4,24,8.5,24,11.9,-,24,D
3925,20190516:0900,13.3,24,8,24,5.7,24,10.7,-,24,D
3925,20190517:0900,11,24,5.2,24,1,24,8.1,-,24,D
3925,20190518:0900,14,24,4.5,24,1.9,24,9.3,-,24,D
3925,20190519:0900,13.4,24,5.8,24,7.4,24,9.6,-,24,D
3925,20190520:0900,12.5,24,6.9,24,4.6,24,9.7,-,24,D
3925,20190521:0900,14.4,24,5.7,24,1.6,24,10.1,-,24,D
3925,20190522:0900,15.2,24,4.8,24,2.6,24,10,-,24,D
3925,20190523:0900,14.2,24,6,24,2.7,24,10.1,-,24,D
3925,20190524:0900,15.9,24,6.7,24,2.7,24,11.3,-,24,D
3925,20190525:0900,15.6,24,7.1,24,2.8,24,11.4,-,24,D
3925,20190526:0900,13.2,24,6,24,5.2,24,9.6,-,24,D
3925,20190527:0900,15.3,24,6.4,24,3.6,24,10.9,-,24,D
3925,20190528:0900,15.6,24,9.5,24,10.9,24,12.6,-,24,D
3925,20190529:0900,13.4,24,7.3,24,3.6,24,10.4,-,24,D
3925,20190530:0900,13.8,24,8.7,24,10.2,24,11.3,-,24,D
3925,20190531:0900,14.3,24,7.4,24,5.6,24,10.9,-,24,D
3925,20190601:0900,10.7,24,4,24,1,24,7.4,-,24,D
3925,20190602:0900,9.3,24,0.4,24,-2.5,24,4.9,-,24,D
3925,20190603:0900,11.3,24,-3.7,24,-6.1,24,3.8,-,24,D
3925,20190604:0900,6.7,24,-2.7,24,-2.6,24,2,-,24,D
3925,20190605:0900,8.4,24,0.7,24,-1.6,24,4.6,-,24,D
3925,20190606:0900,8.1,24,-2.7,24,-5.2,24,2.7,-,24,D
3925,20190607:0900,9.4,24,-1.5,24,-1.9,24,4,-,24,D
3925,20190608:0900,10.4,24,0.6,24,0,24,5.5,-,24,D
3925,20190609:0900,12.4,24,2.7,24,1,24,7.6,-,24,D
3925,20190610:0900,11.4,24,3,24,3.3,24,7.2,-,24,D
3925,20190611:0900,11.1,24,5.1,24,5.3,24,8.1,-,24,D
3925,20190612:0900,10.2,24,6.1,24,8.3,24,8.2,-,24,D
3925,20190613:0900,-,-,-,-,4.8,24,-,-,-,D
3925,20190614:0900,-,-,-,-,5.4,24,-,-,-,D
3925,20190615:0900,-,-,-,-,6.2,24,-,-,-,D
3925,20190616:0900,-,-,-,-,2.3,24,-,-,-,D
3925,20190617:0900,-,-,-,-,2.6,24,-,-,-,D
3925,20190618:0900,-,-,-,-,-1,24,-,-,-,D
3925,20190619:0900,-,-,-,-,-3,24,-,-,-,D
3925,20190620:0900,-,-,-,-,-2.4,24,-,-,-,D
3925,20190621:0900,-,-,-,-,0.3,24,-,-,-,D
3925,20190622:0900,-,-,-,-,-0.4,24,-,-,-,D
3925,20190623:0900,-,-,-,-,0.7,24,-,-,-,D
3925,20190624:0900,-,-,-,-,-0.6,24,-,-,-,D
3925,20190625:0900,-,-,-,-,-2.9,24,-,-,-,D
3925,20190626:0900,-,-,-,-,-3.7,24,-,-,-,D
3925,20190627:0900,-,-,-,-,-2,24,-,-,-,D
3925,20190628:0900,-,-,-,-,-4.4,24,-,-,-,D
3925,20190629:0900,9.9,24,-1.1,24,-4.2,24,4.4,-,24,D
3925,20190630:0900,7.5,24,1.5,24,-1.2,24,4.5,-,24,D
3925,20190701:0900,7.4,24,-0.5,24,-3.5,24,3.5,-,24,D
3925,20190702:0900,8.5,24,1.3,24,1,24,4.9,-,24,D
3925,20190703:0900,13.8,24,4.4,24,5.7,24,9.1,-,24,D
3925,20190704:0900,16.7,24,5.2,24,1.6,24,11,-,24,D
3925,20190705:0900,12.2,24,0.8,24,-0.7,24,6.5,-,24,D
3925,20190706:0900,11.7,24,-1.3,24,-3.4,24,5.2,-,24,D
3925,20190707:0900,13.7,24,-2.3,24,-5,24,5.7,-,24,D
3925,20190708:0900,6.9,24,-1.9,24,-1.3,24,2.5,-,24,D
3925,20190709:0900,9.4,24,4.4,24,2,24,6.9,-,24,D
3925,20190710:0900,11.1,24,3.9,24,2.6,24,7.5,-,24,D
3925,20190711:0900,10.5,24,4.9,24,2.8,24,7.7,-,24,D
3925,20190712:0900,14.6,24,2.5,24,0,24,8.6,-,24,D
3925,20190713:0900,10.4,24,4.7,24,3.2,24,7.6,-,24,D
3925,20190714:0900,15,24,5.4,24,6.4,24,10.2,-,24,D
3925,20190715:0900,11,24,3.8,24,1.8,24,7.4,-,24,D
3925,20190716:0900,11.3,24,4.1,24,5.4,24,7.7,-,24,D
3925,20190717:0900,11.7,24,5.4,24,3,24,8.6,-,24,D
3925,20190718:0900,8,24,2.8,24,2.2,24,5.4,-,24,D
3925,20190719:0900,11.2,24,2.9,24,4.7,24,7.1,-,24,D
3925,20190720:0900,9.3,24,6,24,6.6,24,7.7,-,24,D
3925,20190721:0900,12.1,24,6.4,24,6.4,24,9.3,-,24,D
3925,20190722:0900,13.2,24,3.1,24,3,24,8.2,-,24,D
3925,20190723:0900,13,24,3.7,24,3.9,24,8.4,-,24,D
3925,20190724:0900,12.3,24,2.2,24,-0.5,24,7.3,-,24,D
3925,20190725:0900,10,24,2.6,24,-0.3,24,6.3,-,24,D
3925,20190726:0900,14.5,24,0.4,24,-1.4,24,7.5,-,24,D
3925,20190727:0900,12.6,24,1.4,24,-1.1,24,7,-,24,D
3925,20190728:0900,13.6,24,3.1,24,0.7,24,8.4,-,24,D
3925,20190729:0900,11.4,24,4.4,24,3.5,24,7.9,-,24,D
3925,20190730:0900,12.9,24,5.2,24,7.8,24,9.1,-,24,D
3925,20190731:0900,13.4,24,2.2,24,-0.3,24,7.8,-,24,D
3925,20190801:0900,11.6,24,-2.5,24,-4.9,24,4.6,-,24,D
3925,20190802:0900,11.3,24,-1.8,24,-0.7,24,4.8,-,24,D
3925,20190803:0900,7.8,24,1.3,24,-0.1,24,4.6,-,24,D
3925,20190804:0900,8.5,24,1.1,24,-0.6,24,4.8,-,24,D
3925,20190805:0900,4.5,24,-0.2,24,-0.1,24,2.2,-,24,D
3925,20190806:0900,5.3,24,0.5,24,1.1,24,2.9,-,24,D
3925,20190807:0900,9.9,24,2.3,24,1,24,6.1,-,24,D
3925,20190808:0900,10.2,24,3.7,24,1.5,24,7,-,24,D
3925,20190809:0900,13.2,24,4.6,24,5.5,24,8.9,-,24,D
3925,20190810:0900,14,24,4.7,24,3.1,24,9.4,-,24,D
3925,20190811:0900,8.5,24,5.3,24,6.4,24,6.9,-,24,D
3925,20190812:0900,9.8,24,3.2,24,2,24,6.5,-,24,D
3925,20190813:0900,11.3,24,3.9,24,2.7,24,7.6,-,24,D
3925,20190814:0900,11.4,24,5.3,24,4.6,24,8.4,-,24,D
3925,20190815:0900,11.6,24,2.7,24,1,24,7.2,-,24,D
3925,20190816:0900,12.3,24,4.4,24,2.7,24,8.4,-,24,D
3925,20190817:0900,12.1,24,5.3,24,7.5,24,8.7,-,24,D
3925,20190818:0900,11.1,24,-1.2,24,-5.1,24,5,-,24,D
3925,20190819:0900,12.9,24,-3.2,24,-6.3,24,4.9,-,24,D
3925,20190820:0900,12.9,24,-1.6,24,-1.4,24,5.7,-,24,D
3925,20190821:0900,12.1,24,3.3,24,0.2,24,7.7,-,24,D
3925,20190822:0900,13.1,24,5.2,24,5.1,24,9.2,-,24,D
3925,20190823:0900,13.3,24,4,24,2.1,24,8.7,-,24,D
3925,20190824:0900,14.8,24,1.3,24,-1.3,24,8.1,-,24,D
3925,20190825:0900,14.1,24,2,24,3.3,24,8.1,-,24,D
3925,20190826:0900,12.7,24,5.1,24,7.3,24,8.9,-,24,D
3925,20190827:0900,12.2,24,4.7,24,3.2,24,8.5,-,24,D
3925,20190828:0900,13.4,24,4.6,24,1.3,24,9,-,24,D
3925,20190829:0900,14.1,24,5,24,4.7,24,9.6,-,24,D
3925,20190830:0900,14.3,24,4.6,24,2.2,24,9.5,-,24,D
3925,20190831:0900,13,24,4.3,24,1.1,24,8.7,-,24,D
3925,20190901:0900,13.4,24,0.4,24,-2.2,24,6.9,-,24,D
3925,20190902:0900,17.1,24,2.4,24,4.8,24,9.8,-,24,D
3925,20190903:0900,16.2,24,0.5,24,-0.9,24,8.4,-,24,D
3925,20190904:0900,18.6,24,2,24,4.7,24,10.3,-,24,D
3925,20190905:0900,11.8,24,7.1,24,7.4,24,9.5,-,24,D
3925,20190906:0900,13.7,24,7.6,24,7.4,24,10.7,-,24,D
3925,20190907:0900,13.2,24,-0.8,24,-3,24,6.2,-,24,D
3925,20190908:0900,16.6,24,0.6,24,-1,24,8.6,-,24,D
3925,20190909:0900,13,24,2.5,24,0.9,24,7.8,-,24,D
3925,20190910:0900,14,24,-3.3,24,-8.5,24,5.4,-,24,D
3925,20190911:0900,17.2,24,2.5,24,0.2,24,9.9,-,24,D
3925,20190912:0900,14.7,24,3.7,24,-1,24,9.2,-,24,D
3925,20190913:0900,14.4,24,6.7,24,5.2,24,10.6,-,24,D
3925,20190914:0900,14,24,7.9,24,7.5,24,11,-,24,D
3925,20190915:0900,9.8,24,6.6,24,6.5,24,8.2,-,24,D
3925,20190916:0900,14.6,24,5.1,24,3.5,24,9.9,-,24,D
3925,20190917:0900,13.6,24,7.5,24,7.4,24,10.6,-,24,D
3925,20190918:0900,12.2,24,1.5,24,-0.9,24,6.9,-,24,D
3925,20190919:0900,13.9,24,3.3,24,0.6,24,8.6,-,24,D
3925,20190920:0900,16.8,24,2.7,24,-0.5,24,9.8,-,24,D
3925,20190921:0900,20.1,24,3.7,24,2,24,11.9,-,24,D
3925,20190922:0900,17.7,24,7.8,24,9,24,12.8,-,24,D
3925,20190923:0900,15.9,24,7.9,24,7.1,24,11.9,-,24,D
3925,20190924:0900,14.5,24,7.1,24,4.2,24,10.8,-,24,D
3925,20190925:0900,14,24,4.4,24,2.5,24,9.2,-,24,D
3925,20190926:0900,9.1,24,0.7,24,0,24,4.9,-,24,D
3925,20190927:0900,9.4,24,3.4,24,5.6,24,6.4,-,24,D
3925,20190928:0900,13.3,24,7.8,24,6.5,24,10.6,-,24,D
3925,20190929:0800,15,24,8.2,24,7.5,24,11.6,-,24,D
3925,20190930:0800,18,24,9,24,10.3,24,13.5,-,24,D
3925,20191001:0800,14.8,24,4.4,24,2.6,24,9.6,-,24,D
3925,20191002:0800,13.7,24,3.2,24,-0.8,24,8.5,-,24,D
3925,20191003:0800,10.3,24,-0.2,24,-2.3,24,5.1,-,24,D
3925,20191004:0800,12.8,24,2.8,24,-0.3,24,7.8,-,24,D
3925,20191005:0800,14.6,24,5.3,24,3.1,24,10,-,24,D
3925,20191006:0800,13.1,24,-0.8,24,-2.7,24,6.2,-,24,D
3925,20191007:0800,16.4,24,2.9,24,-0.6,24,9.7,-,24,D
3925,20191008:0800,17.6,24,2.1,24,-2.1,24,9.9,-,24,D
3925,20191009:0800,14.4,24,5.3,24,7.8,24,9.9,-,24,D
3925,20191010:0800,17.1,24,7,24,3.5,24,12.1,-,24,D
3925,20191011:0800,14.1,24,9.2,24,8.2,24,11.7,-,24,D
3925,20191012:0800,15.8,24,6,24,4.1,24,10.9,-,24,D
3925,20191013:0800,18.8,24,5.7,24,3.1,24,12.3,-,24,D
3925,20191014:0800,18.8,24,7.4,24,5.3,24,13.1,-,24,D
3925,20191015:0800,17.4,24,7.5,24,6.8,24,12.5,-,24,D
3925,20191016:0800,19.6,24,3.1,24,-1.1,24,11.4,-,24,D
3925,20191017:0800,21.2,24,7.5,24,2.6,24,14.4,-,24,D
3925,20191018:0800,16.8,24,9.7,24,10.1,24,13.3,-,24,D
3925,20191019:0800,14.1,24,7.5,24,4.1,24,10.8,-,24,D
3925,20191020:0800,19.7,24,8.2,24,3.6,24,14,-,24,D
3925,20191021:0800,18.9,24,9.2,24,7.7,24,14.1,-,24,D
3925,20191022:0800,13.4,24,4.1,24,1.5,24,8.8,-,24,D
3925,20191023:0800,11,24,3,24,1.2,24,7,-,24,D
3925,20191024:0800,15.8,24,5,24,2.3,24,10.4,-,24,D
3925,20191025:0800,13,24,5.3,24,5.6,24,9.2,-,24,D
3925,20191026:0800,13.3,24,6.1,24,4.1,24,9.7,-,24,D
3925,20191027:0800,20.3,24,5.8,24,3.8,24,13.1,-,24,D
3925,20191028:0800,17.5,24,9.4,24,8.4,24,13.5,-,24,D
3925,20191029:0800,17.6,24,6.7,24,5.7,24,12.2,-,24,D
3925,20191030:0800,14.6,24,5.6,24,3.5,24,10.1,-,24,D
3925,20191031:0800,16.1,24,6.7,24,5.8,24,11.4,-,24,D
3925,20191101:0800,15.3,24,7.3,24,7.1,24,11.3,-,24,D
3925,20191102:0800,16.2,24,8.3,24,5.3,24,12.3,-,24,D
3925,20191103:0800,22.4,24,9.5,24,7.6,24,16,-,24,D
3925,20191104:0800,26.7,24,8,24,5.2,24,17.4,-,24,D
3925,20191105:0800,22.5,24,7.6,24,4.5,24,15.1,-,24,D
3925,20191106:0800,19.8,24,12.9,24,13.1,24,16.4,-,24,D
3925,20191107:0800,18.8,24,12.4,24,10.4,24,15.6,-,24,D
3925,20191108:0800,19.4,24,14.3,24,14.8,24,16.9,-,24,D
3925,20191109:0800,21.8,24,15.1,24,14.5,24,18.5,-,24,D
3925,20191110:0800,19.8,24,14.4,24,15.2,24,17.1,-,24,D
3925,20191111:0800,19,24,9.1,24,10.1,24,14.1,-,24,D
3925,20191112:0800,17.2,24,3.8,24,0.6,24,10.5,-,24,D
3925,20191113:0800,19.6,24,4.6,24,1,24,12.1,-,24,D
3925,20191114:0800,15.5,24,10.1,24,9.8,24,12.8,-,24,D
3925,20191115:0800,15.8,24,6.7,24,3.6,24,11.3,-,24,D
3925,20191116:0800,17.5,24,9.3,24,10.1,24,13.4,-,24,D
3925,20191117:0800,16.1,24,8,24,5.3,24,12.1,-,24,D
3925,20191118:0800,20.2,24,6.3,24,2.4,24,13.3,-,24,D
3925,20191119:0800,14,24,4.7,24,1.6,24,9.4,-,24,D
3925,20191120:0800,13,24,7.6,24,5.6,24,10.3,-,24,D
3925,20191121:0800,15.3,24,5.9,24,4,24,10.6,-,24,D
3925,20191122:0800,17.5,24,6.6,24,3.6,24,12.1,-,24,D
3925,20191123:0800,21.9,24,8.4,24,5.1,24,15.2,-,24,D
3925,20191124:0800,25.1,24,11.2,24,8.2,24,18.2,-,24,D
3925,20191125:0800,23.3,24,7.5,24,2.1,24,15.4,-,24,D
3925,20191126:0800,24.5,24,5.7,24,2.3,24,15.1,-,24,D
3925,20191127:0800,26.4,24,5.5,24,1.5,24,16,-,24,D
3925,20191128:0800,23.7,24,11.6,24,13,24,17.7,-,24,D
3925,20191129:0800,24.9,24,11,24,7.3,24,18,-,24,D
3925,20191130:0800,27.3,24,11.6,24,8.3,24,19.5,-,24,D
3925,20191201:0800,26.6,24,13.4,24,10.7,24,20,-,24,D
3925,20191202:0800,18.6,24,13.2,24,11.9,24,15.9,-,24,D
3925,20191203:0800,19.2,24,15.2,24,15.3,24,17.2,-,24,D
3925,20191204:0800,17.3,24,11.3,24,10.9,24,14.3,-,24,D
3925,20191205:0800,15.8,24,8.4,24,8.7,24,12.1,-,24,D
3925,20191206:0800,17.5,24,8.8,24,6.5,24,13.2,-,24,D
3925,20191207:0800,17.9,24,14.2,24,13.8,24,16.1,-,24,D
3925,20191208:0800,20.1,24,10.3,24,8.8,24,15.2,-,24,D
3925,20191209:0800,16.2,24,6.8,24,3.8,24,11.5,-,24,D
3925,20191210:0800,18.7,24,4.2,24,0.8,24,11.5,-,24,D
3925,20191211:0800,22.3,24,8.7,24,7,24,15.5,-,24,D
3925,20191212:0800,25.1,24,8.3,24,5.2,24,16.7,-,24,D
3925,20191213:0800,27.5,24,9.1,24,6.1,24,18.3,-,24,D
3925,20191214:0800,20.7,24,7.3,24,4.6,24,14,-,24,D
3925,20191215:0800,19,24,5.2,24,2.5,24,12.1,-,24,D
3925,20191216:0800,18.3,24,12,24,12.5,24,15.2,-,24,D
3925,20191217:0800,18,24,13.2,24,13.8,24,15.6,-,24,D
3925,20191218:0800,19.2,24,8.3,24,8.6,24,13.8,-,24,D
3925,20191219:0800,20.6,24,8.3,24,7,24,14.5,-,24,D
3925,20191220:0800,16.8,24,9.8,24,10.5,24,13.3,-,24,D
3925,20191221:0800,14.2,24,4.4,24,2.5,24,9.3,-,24,D
3925,20191222:0800,19.6,24,8.2,24,6.9,24,13.9,-,24,D
3925,20191223:0800,23,24,8.9,24,7.1,24,16,-,24,D
3925,20191224:0800,24.7,24,8.6,24,6.1,24,16.7,-,24,D
3925,20191225:0800,22,24,11.4,24,11.3,24,16.7,-,24,D
3925,20191226:0800,22.6,24,8.5,24,6.1,24,15.6,-,24,D
3925,20191227:0800,22.7,24,9.6,24,6.3,24,16.2,-,24,D
3925,20191228:0800,19.4,24,7.2,24,4.6,24,13.3,-,24,D
3925,20191229:0800,17.5,24,9.4,24,8.6,24,13.5,-,24,D
3925,20191230:0800,20.7,24,10.4,24,9.5,24,15.6,-,24,D
3925,20191231:0800,23.8,24,12.9,24,11.8,24,18.4,-,24,D
3925,20200101:0800,24.2,24,9.8,24,7.2,24,17,-,24,D
3925,20200102:0800,23.8,24,10.5,24,8.5,24,17.2,-,24,D
3925,20200103:0800,24.2,24,12.3,24,8.5,24,18.3,-,24,D
3925,20200104:0800,20.2,24,9,24,7.4,24,14.6,-,24,D
3925,20200105:0800,17.5,24,8,24,5,24,12.8,-,24,D
3925,20200106:0800,17.3,24,8.2,24,5.9,24,12.8,-,24,D
3925,20200107:0800,14.7,24,8,24,7.9,24,11.4,-,24,D
3925,20200108:0800,20.5,24,7.5,24,5.7,24,14,-,24,D
3925,20200109:0800,17.7,24,6.9,24,4.1,24,12.3,-,24,D
3925,20200110:0800,20,24,7.9,24,4.1,24,14,-,24,D
3925,20200111:0800,21,24,6.4,24,3.5,24,13.7,-,24,D
3925,20200112:0800,22.6,24,10.7,24,13.8,24,16.7,-,24,D
3925,20200113:0800,18.6,24,9.1,24,7.1,24,13.9,-,24,D
3925,20200114:0800,22,24,6.9,24,4.1,24,14.5,-,24,D
3925,20200115:0800,24.8,24,10,24,7.9,24,17.4,-,24,D
3925,20200116:0800,25.1,24,11.1,24,8.6,24,18.1,-,24,D
3925,20200117:0800,26.5,24,10.3,24,8.3,24,18.4,-,24,D
3925,20200118:0800,26.8,24,12.8,24,12.6,24,19.8,-,24,D
3925,20200119:0800,25.7,24,11.2,24,8.2,24,18.5,-,24,D
3925,20200120:0800,28.7,24,13.7,24,12.8,24,21.2,-,24,D
3925,20200121:0800,29.2,24,12.6,24,11.5,24,20.9,-,24,D
3925,20200122:0800,27.7,24,13.6,24,12.3,24,20.7,-,24,D
3925,20200123:0800,25.6,24,12.9,24,10.2,24,19.3,-,24,D
3925,20200124:0800,28.5,24,15.6,24,12.7,24,22.1,-,24,D
3925,20200125:0800,29.3,24,14.6,24,12.5,24,22,-,24,D
3925,20200126:0800,26.8,24,13.4,24,11.6,24,20.1,-,24,D
3925,20200127:0800,28.6,24,16.8,24,16.9,24,22.7,-,24,D
3925,20200128:0800,26.7,24,16.6,24,16.4,24,21.7,-,24,D
3925,20200129:0800,29.3,24,15.7,24,15.6,24,22.5,-,24,D
3925,20200130:0800,22.6,24,12.2,24,10.3,24,17.4,-,24,D
3925,20200131:0800,23,24,11.9,24,9.8,24,17.5,-,24,D
3925,20200201:0800,25.2,24,9,24,7.8,24,17.1,-,24,D
3925,20200202:0800,24.7,24,13.2,24,13.7,24,19,-,24,D
3925,20200203:0800,22.8,24,16,24,13.9,24,19.4,-,24,D
3925,20200204:0800,27,24,18.2,24,17.3,24,22.6,-,24,D
3925,20200205:0800,22.2,24,11.9,24,11.9,24,17.1,-,24,D
3925,20200206:0800,18.7,24,10.2,24,9,24,14.5,-,24,D
3925,20200207:0800,20.9,24,8.6,24,5.9,24,14.8,-,24,D
3925,20200208:0800,21.4,24,11.8,24,11.5,24,16.6,-,24,D
3925,20200209:0800,18.3,24,4.7,24,1.9,24,11.5,-,24,D
3925,20200210:0800,22.6,24,7.4,24,7.3,24,15,-,24,D
3925,20200211:0800,26.7,24,11.7,24,10.4,24,19.2,-,24,D
3925,20200212:0800,26.6,24,11.6,24,8.5,24,19.1,-,24,D
3925,20200213:0800,24.9,24,13.2,24,11.1,24,19.1,-,24,D
3925,20200214:0800,24.6,24,10.3,24,8.4,24,17.5,-,24,D
3925,20200215:0800,27.5,24,12.9,24,11.1,24,20.2,-,24,D
3925,20200216:0800,27.2,24,14.2,24,14.6,24,20.7,-,24,D
3925,20200217:0800,21.1,24,16.3,24,16,24,18.7,-,24,D
3925,20200218:0800,23,24,17.5,24,17.4,24,20.3,-,24,D
3925,20200219:0800,25.3,24,14,24,13.1,24,19.7,-,24,D
3925,20200220:0800,25.2,24,10.7,24,8.1,24,18,-,24,D
3925,20200221:0800,25.2,24,12.8,24,10.5,24,19,-,24,D
3925,20200222:0800,22.9,24,13.2,24,13.4,24,18.1,-,24,D
3925,20200223:0800,19.2,24,6.4,24,4.6,24,12.8,-,24,D
3925,20200224:0800,22.5,24,7.9,24,5.7,24,15.2,-,24,D
3925,20200225:0800,23,24,10.5,24,7.6,24,16.8,-,24,D
3925,20200226:0800,24.5,24,10.4,24,7.4,24,17.5,-,24,D
3925,20200227:0800,26.8,24,11,24,8.1,24,18.9,-,24,D
3925,20200228:0800,22.6,24,13.8,24,13.4,24,18.2,-,24,D
3925,20200229:0800,20.9,24,13.7,24,13.2,24,17.3,-,24,D
3925,20200301:0800,20.9,24,6,24,4.6,24,13.5,-,24,D
3925,20200302:0800,24.7,24,7.8,24,10.5,24,16.3,-,24,D
3925,20200303:0800,25.9,24,13.4,24,14.9,24,19.7,-,24,D
3925,20200304:0800,22.3,24,11.4,24,9.6,24,16.9,-,24,D
3925,20200305:0800,20.4,24,11.1,24,10.2,24,15.8,-,24,D
3925,20200306:0800,23.5,24,6.1,24,3.5,24,14.8,-,24,D
3925,20200307:0800,23.9,24,7.8,24,6,24,15.9,-,24,D
3925,20200308:0800,22.3,24,9.8,24,10,24,16.1,-,24,D
3925,20200309:0800,21.4,24,13.9,24,13.5,24,17.7,-,24,D
3925,20200310:0800,23.2,24,12.7,24,10.3,24,18,-,24,D
3925,20200311:0800,22.6,24,12.1,24,11.4,24,17.4,-,24,D
3925,20200312:0800,23.8,24,12.1,24,11,24,18,-,24,D
3925,20200313:0800,23.4,24,11.2,24,8.4,24,17.3,-,24,D
3925,20200314:0800,22.8,24,9.4,24,6.6,24,16.1,-,24,D
3925,20200315:0800,23.2,24,7.8,24,4.4,24,15.5,-,24,D
3925,20200316:0800,20.8,24,9.3,24,6.8,24,15.1,-,24,D
3925,20200317:0800,21.9,24,5.5,24,0.6,24,13.7,-,24,D
3925,20200318:0800,20.9,24,3.4,24,1.5,24,12.2,-,24,D
3925,20200319:0800,21.2,24,6.2,24,5.3,24,13.7,-,24,D
3925,20200320:0800,19.2,24,10.5,24,7.1,24,14.9,-,24,D
3925,20200321:0800,20.7,24,9.1,24,6,24,14.9,-,24,D
3925,20200322:0800,17.3,24,10.2,24,8.6,24,13.8,-,24,D
3925,20200323:0800,21.2,24,11,24,10,24,16.1,-,24,D
3925,20200324:0800,17.9,24,3.6,24,0.7,24,10.8,-,24,D
3925,20200325:0800,12.8,24,6.5,24,8.4,24,9.7,-,24,D
3925,20200326:0800,16.8,24,9.2,24,8.6,24,13,-,24,D
3925,20200327:0800,18.7,24,6.9,24,4.6,24,12.8,-,24,D
3925,20200328:0800,16.4,24,3.1,24,0.1,24,9.8,-,24,D
3925,20200329:0800,18.8,24,4.6,24,1.7,24,11.7,-,24,D
3925,20200330:0800,16.7,24,5.7,24,3.4,24,11.2,-,24,D
3925,20200331:0800,22.2,24,5.9,24,4.1,24,14.1,-,24,D
3925,20200401:0800,21,24,4.2,24,2.3,24,12.6,-,24,D
3925,20200402:0800,21.6,24,3.4,24,0.4,24,12.5,-,24,D
3925,20200403:0800,22.7,24,4.7,24,6,24,13.7,-,24,D
3925,20200404:0800,21.3,24,6.2,24,3,24,13.8,-,24,D
3925,20200405:0900,23.2,24,5.7,24,3,24,14.5,-,24,D
3925,20200406:0900,22,24,10,24,9.4,24,16,-,24,D
3925,20200407:0900,19.4,24,12.1,24,12.3,24,15.8,-,24,D
3925,20200408:0900,18.6,24,9.1,24,7,24,13.9,-,24,D
3925,20200409:0900,15.1,24,6.5,24,5.3,24,10.8,-,24,D
3925,20200410:0900,15.9,24,1,24,-1.1,24,8.5,-,24,D
3925,20200411:0900,19.8,24,4.5,24,4.4,24,12.2,-,24,D
3925,20200412:0900,17.1,24,9.4,24,10.9,24,13.3,-,24,D
3925,20200413:0900,18.5,24,9.6,24,8.2,24,14.1,-,24,D
3925,20200414:0900,12,24,1.6,24,-0.8,24,6.8,-,24,D
3925,20200415:0900,13.3,24,2,24,1.2,24,7.7,-,24,D
3925,20200416:0900,11.8,24,3.3,24,5.3,24,7.6,-,24,D
3925,20200417:0900,15.7,24,7.3,24,6.2,24,11.5,-,24,D
3925,20200418:0900,14.4,24,9,24,9.7,24,11.7,-,24,D
3925,20200419:0900,16.4,24,8.3,24,6.9,24,12.4,-,24,D
3925,20200420:0900,13.6,24,7.8,24,6.2,24,10.7,-,24,D
3925,20200421:0900,13.8,24,3.5,24,1.9,24,8.7,-,24,D
3925,20200422:0900,14.6,24,4.5,24,3.6,24,9.6,-,24,D
3925,20200423:0900,17.9,24,8.1,24,7,24,13,-,24,D
3925,20200424:0900,13.4,24,7.5,24,4.1,24,10.5,-,24,D
3925,20200425:0900,17.4,24,5.5,24,2.9,24,11.5,-,24,D
3925,20200426:0900,14.3,24,4.9,24,2,24,9.6,-,24,D
3925,20200427:0900,16,24,6.4,24,4.1,24,11.2,-,24,D
3925,20200428:0900,16.1,24,6.9,24,4.7,24,11.5,-,24,D
3925,20200429:0900,16.7,24,2.4,24,0.8,24,9.6,-,24,D
3925,20200430:0900,15.2,24,1.5,24,-0.6,24,8.4,-,24,D
3925,20200501:0900,15.7,24,2.6,24,4.7,24,9.2,-,24,D
3925,20200502:0900,17.4,24,8.2,24,7.1,24,12.8,-,24,D
3925,20200503:0900,16.7,24,10.2,24,10.9,24,13.5,-,24,D
3925,20200504:0900,18.8,24,9,24,8.3,24,13.9,-,24,D
3925,20200505:0900,12.5,24,7.7,24,8.1,24,10.1,-,24,D
3925,20200506:0900,10.9,24,-1.2,24,-3,24,4.9,-,24,D
3925,20200507:0900,12.9,24,-0.3,24,1.5,24,6.3,-,24,D
3925,20200508:0900,12.7,24,6,24,8,24,9.4,-,24,D
3925,20200509:0900,17.2,24,3.9,24,1.5,24,10.6,-,24,D
3925,20200510:0900,12.9,24,5.6,24,3.3,24,9.3,-,24,D
3925,20200511:0900,12.8,24,6.7,24,3.9,24,9.8,-,24,D
3925,20200512:0900,13.6,24,9.1,24,10.2,24,11.4,-,24,D
3925,20200513:0900,16.2,24,6.8,24,5.3,24,11.5,-,24,D
3925,20200514:0900,14.6,24,7.6,24,6.7,24,11.1,-,24,D
3925,20200515:0900,15.8,24,5.2,24,2.2,24,10.5,-,24,D
3925,20200516:0900,15.6,24,5.2,24,3.8,24,10.4,-,24,D
3925,20200517:0900,13.1,24,3,24,0.3,24,8.1,-,24,D
3925,20200518:0900,13.6,24,0.5,24,-1.2,24,7.1,-,24,D
3925,20200519:0900,13.4,24,1.4,24,0.2,24,7.4,-,24,D
3925,20200520:0900,13.7,24,1.8,24,0,24,7.8,-,24,D
3925,20200521:0900,14.5,24,0,24,-1.9,24,7.3,-,24,D
3925,20200522:0900,11.7,24,1.9,24,-1.3,24,6.8,-,24,D
3925,20200523:0900,14.4,24,2.7,24,0.5,24,8.6,-,24,D
3925,20200524:0900,11.1,24,3.5,24,3,24,7.3,-,24,D
3925,20200525:0900,9.4,24,4,24,5.3,24,6.7,-,24,D
3925,20200526:0900,13.8,24,4.8,24,1.8,24,9.3,-,24,D
3925,20200527:0900,16.7,24,-0.9,24,-2.8,24,7.9,-,24,D
3925,20200528:0900,12.6,24,0,24,-1.6,24,6.3,-,24,D
3925,20200529:0900,12.7,24,-0.1,24,-2.4,24,6.3,-,24,D
3925,20200530:0900,9.1,24,1.8,24,0.2,24,5.5,-,24,D
3925,20200531:0900,13.5,24,-0.1,24,-2.3,24,6.7,-,24,D
3925,20200601:0900,12.1,24,0.2,24,-1.3,24,6.2,-,24,D
3925,20200602:0900,14.2,24,0.5,24,-1.1,24,7.4,-,24,D
3925,20200603:0900,14.1,24,0.7,24,-0.1,24,7.4,-,24,D
3925,20200604:0900,11.7,24,5,24,7,24,8.4,-,24,D
3925,20200605:0900,11.9,24,2.7,24,0.4,24,7.3,-,24,D
3925,20200606:0900,14.3,24,2.7,24,2.4,24,8.5,-,24,D
3925,20200607:0900,10.2,24,2,24,0,24,6.1,-,24,D
3925,20200608:0900,8.8,24,2.1,24,0.6,24,5.5,-,24,D
3925,20200609:0900,10.5,24,3.8,24,3.2,24,7.2,-,24,D
3925,20200610:0900,12.4,24,5.2,24,1.6,24,8.8,-,24,D
3925,20200611:0900,14.3,24,4.6,24,4.6,24,9.5,-,24,D
3925,20200612:0900,13,24,5.2,24,6.7,24,9.1,-,24,D
3925,20200613:0900,12.1,24,0.1,24,-0.8,24,6.1,-,24,D
3925,20200614:0900,10.5,24,0.2,24,-1.3,24,5.4,-,24,D
3925,20200615:0900,6.2,24,1.1,24,0,24,3.7,-,24,D
3925,20200616:0900,15.1,24,3.1,24,4.7,24,9.1,-,24,D
3925,20200617:0900,15.1,24,9.8,24,8.8,24,12.5,-,24,D
3925,20200618:0900,17.3,24,7.8,24,8.7,24,12.6,-,24,D
3925,20200619:0900,11.6,24,7.1,24,6.4,24,9.4,-,24,D
3925,20200620:0900,12.6,24,0.8,24,-0.8,24,6.7,-,24,D
3925,20200621:0900,15.3,24,-1.1,24,-2.3,24,7.1,-,24,D
3925,20200622:0900,13.1,24,0.3,24,-1.2,24,6.7,-,24,D
3925,20200623:0900,13.2,24,0.7,24,-0.5,24,7,-,24,D
3925,20200624:0900,13.6,24,1.3,24,-0.5,24,7.5,-,24,D
3925,20200625:0900,12.8,24,-1.8,24,-4.4,24,5.5,-,24,D
3925,20200626:0900,16.2,24,-1.3,24,-2.1,24,7.5,-,24,D
3925,20200627:0900,14.8,24,1.9,24,1.7,24,8.4,-,24,D
3925,20200628:0900,16.7,24,6.4,24,6,24,11.6,-,24,D
3925,20200629:0900,14.5,24,3.6,24,2.6,24,9.1,-,24,D
3925,20200630:0900,10.2,24,1,24,0.4,24,5.6,-,24,D
3925,20200701:0900,11.4,24,-4.7,24,-6.4,24,3.4,-,24,D
3925,20200702:0900,10.3,24,-4.6,24,-7.4,24,2.9,-,24,D
3925,20200703:0900,12.6,24,-5.6,24,-8,24,3.5,-,24,D
3925,20200704:0900,10.8,24,-5,24,-6.2,24,2.9,-,24,D
3925,20200705:0900,10.7,24,3.2,24,4.1,24,7,-,24,D
3925,20200706:0900,11.8,24,7.5,24,8,24,9.7,-,24,D
3925,20200707:0900,14.1,24,-0.5,24,-2.3,24,6.8,-,24,D
3925,20200708:0900,8.7,24,1.8,24,0.9,24,5.3,-,24,D
3925,20200709:0900,9.4,24,-3.2,24,-5,24,3.1,-,24,D
3925,20200710:0900,8.8,24,-3.5,24,-5.6,24,2.7,-,24,D
3925,20200711:0900,9.8,24,-2.6,24,-2.2,24,3.6,-,24,D
3925,20200712:0900,9.2,24,2.4,24,0.6,24,5.8,-,24,D
3925,20200713:0900,12.5,24,4.5,24,3.6,24,8.5,-,24,D
3925,20200714:0900,13.5,24,2.8,24,-1.4,24,8.2,-,24,D
3925,20200715:0900,10.7,24,0.2,24,-1.3,24,5.5,-,24,D
3925,20200716:0900,9.2,24,-2.2,24,-3.7,24,3.5,-,24,D
3925,20200717:0900,7.7,24,-1.6,24,-3.4,24,3.1,-,24,D
3925,20200718:0900,15,24,-2.4,24,-4.7,24,6.3,-,24,D
3925,20200719:0900,13.5,24,-1.3,24,-2.8,24,6.1,-,24,D
3925,20200720:0900,9.6,24,0,24,-1,24,4.8,-,24,D
3925,20200721:0900,16,24,7.3,24,8.9,24,11.7,-,24,D
3925,20200722:0900,13,24,3.3,24,1.7,24,8.2,-,24,D
3925,20200723:0900,11.2,24,3.6,24,2.3,24,7.4,-,24,D
3925,20200724:0900,7.5,24,-0.1,24,-1.4,24,3.7,-,24,D
3925,20200725:0900,9.5,24,0.7,24,0.7,24,5.1,-,24,D
3925,20200726:0900,11.1,24,1.6,24,1.2,24,6.4,-,24,D
3925,20200727:0900,13,24,1,24,-1.2,24,7,-,24,D
3925,20200728:0900,14.4,24,-2.2,24,-3.9,24,6.1,-,24,D
3925,20200729:0900,7.3,24,0.2,24,0.7,24,3.8,-,24,D
3925,20200730:0900,12.1,24,5.5,24,5.2,24,8.8,-,24,D
3925,20200731:0900,11.4,24,5.1,24,3.8,24,8.3,-,24,D
3925,20200801:0900,13.5,24,6.7,24,5.8,24,10.1,-,24,D
3925,20200802:0900,14.8,24,7.9,24,7.3,24,11.4,-,24,D
3925,20200803:0900,15.8,24,7.5,24,6.2,24,11.7,-,24,D
3925,20200804:0900,13.9,24,7.7,24,7.8,24,10.8,-,24,D
3925,20200805:0900,15.4,24,6.5,24,4.1,24,11,-,24,D
3925,20200806:0900,15.7,24,6.6,24,4.7,24,11.2,-,24,D
3925,20200807:0900,16.1,24,3.2,24,1.2,24,9.7,-,24,D
3925,20200808:0900,11.4,24,3.1,24,0,24,7.3,-,24,D
3925,20200809:0900,14.7,24,1.8,24,-1.3,24,8.3,-,24,D
3925,20200810:0900,12.6,24,3.8,24,2.7,24,8.2,-,24,D
3925,20200811:0900,14,24,4.5,24,1.7,24,9.3,-,24,D
3925,20200812:0900,13.2,24,1.3,24,0,24,7.3,-,24,D
3925,20200813:0900,14.8,24,0.7,24,-2.4,24,7.8,-,24,D
3925,20200814:0900,14.4,24,2.8,24,0.3,24,8.6,-,24,D
3925,20200815:0900,15.7,24,2.8,24,0.1,24,9.3,-,24,D
3925,20200816:0900,14.4,24,-1.9,24,-4.8,24,6.3,-,24,D
3925,20200817:0900,15.2,24,0.1,24,-1.4,24,7.7,-,24,D
3925,20200818:0900,14.9,24,-2.7,24,-5.4,24,6.1,-,24,D
3925,20200819:0900,13,24,-0.1,24,0.9,24,6.5,-,24,D
3925,20200820:0900,12.1,24,7.3,24,5.5,24,9.7,-,24,D
3925,20200821:0900,13.8,24,8.6,24,8.4,24,11.2,-,24,D
3925,20200822:0900,11.7,24,6.5,24,5.7,24,9.1,-,24,D
3925,20200823:0900,14.6,24,3.4,24,1.1,24,9,-,24,D
3925,20200824:0900,15,24,4.8,24,2.9,24,9.9,-,24,D
3925,20200825:0900,14.3,24,2.4,24,-0.7,24,8.4,-,24,D
3925,20200826:0900,12.9,24,-0.2,24,-2.7,24,6.4,-,24,D
3925,20200827:0900,12.7,24,2.4,24,-0.8,24,7.6,-,24,D
3925,20200828:0900,13.1,24,2.5,24,-0.7,24,7.8,-,24,D
3925,20200829:0900,13.4,24,4.1,24,3.3,24,8.8,-,24,D
3925,20200830:0900,13,24,4.3,24,1.4,24,8.7,-,24,D
3925,20200831:0900,14.5,24,5.9,24,3.2,24,10.2,-,24,D
3925,20200901:0900,15.7,24,8.3,24,6,24,12,-,24,D
3925,20200902:0900,12.5,24,3,24,1.1,24,7.8,-,24,D
3925,20200903:0900,13.2,24,-1.9,24,-5,24,5.7,-,24,D
3925,20200904:0900,15.2,24,0.6,24,0.7,24,7.9,-,24,D
3925,20200905:0900,12.7,24,5.2,24,4.2,24,9,-,24,D
3925,20200906:0900,15.2,24,8.6,24,9.6,24,11.9,-,24,D
3925,20200907:0900,15.1,24,3.8,24,1,24,9.5,-,24,D
3925,20200908:0900,17.8,24,0.4,24,-2.1,24,9.1,-,24,D
3925,20200909:0900,17,24,2.8,24,1.8,24,9.9,-,24,D
3925,20200910:0900,13,24,6.4,24,3.2,24,9.7,-,24,D
3925,20200911:0900,14.2,24,-0.8,24,-3.3,24,6.7,-,24,D
3925,20200912:0900,14,24,-2.7,24,-6.4,24,5.7,-,24,D
3925,20200913:0900,15.4,24,2.7,24,0.1,24,9.1,-,24,D
3925,20200914:0900,13.4,24,6.7,24,6.4,24,10.1,-,24,D
3925,20200915:0900,15.3,24,6.8,24,5.7,24,11.1,-,24,D
3925,20200916:0900,12,24,2.8,24,0.1,24,7.4,-,24,D
3925,20200917:0900,13.2,24,5.1,24,7.7,24,9.2,-,24,D
3925,20200918:0900,12.8,24,6.4,24,6.2,24,9.6,-,24,D
3925,20200919:0900,12,24,6.3,24,5.7,24,9.2,-,24,D
3925,20200920:0900,15.9,24,3.9,24,0.9,24,9.9,-,24,D
3925,20200921:0900,15.1,24,3,24,1.3,24,9.1,-,24,D
3925,20200922:0900,14.5,24,5.5,24,2,24,10,-,24,D
3925,20200923:0900,16.6,24,9.6,24,9.2,24,13.1,-,24,D
3925,20200924:0900,19.4,24,8.7,24,4,24,14.1,-,24,D
3925,20200925:0900,18.4,24,7.6,24,4.1,24,13,-,24,D
3925,20200926:0900,16.5,24,4.3,24,1.1,24,10.4,-,24,D
3925,20200927:0800,15.4,24,9.2,24,9.3,24,12.3,-,24,D
3925,20200928:0800,15.4,24,2.8,24,1.6,24,9.1,-,24,D
3925,20200929:0800,10.3,24,-0.3,24,-0.1,24,5,-,24,D
3925,20200930:0800,8.6,24,0.3,24,0.1,24,4.5,-,24,D
3925,20201001:0800,12,24,1.8,24,-0.3,24,6.9,-,24,D
3925,20201002:0800,13.7,24,2.5,24,-0.9,24,8.1,-,24,D
3925,20201003:0800,16.7,24,5.8,24,7.4,24,11.3,-,24,D
3925,20201004:0800,17,24,8.1,24,6.6,24,12.6,-,24,D
3925,20201005:0800,20.2,24,6.6,24,3.1,24,13.4,-,24,D
3925,20201006:0800,20.8,24,6.4,24,2.5,24,13.6,-,24,D
3925,20201007:0800,16.3,24,6.3,24,4.9,24,11.3,-,24,D
3925,20201008:0800,13.7,24,5.7,24,3.2,24,9.7,-,24,D
3925,20201009:0800,16,24,3.3,24,0.1,24,9.7,-,24,D
3925,20201010:0800,18.2,24,4.5,24,6,24,11.4,-,24,D
3925,20201011:0800,12,24,7.4,24,8.6,24,9.7,-,24,D
3925,20201012:0800,14.1,24,10.8,24,8,24,12.5,-,24,D
3925,20201013:0800,19.8,24,8,24,5.1,24,13.9,-,24,D
3925,20201014:0800,17.2,24,6.9,24,3.5,24,12.1,-,24,D
3925,20201015:0800,16.2,24,0.4,24,-3.6,24,8.3,-,24,D
3925,20201016:0800,14.5,24,-1.6,24,-4.2,24,6.5,-,24,D
3925,20201017:0800,15.3,24,4.6,24,6.9,24,10,-,24,D
3925,20201018:0800,15.7,24,7.5,24,8.7,24,11.6,-,24,D
3925,20201019:0800,17.6,24,10.1,24,10.4,24,13.9,-,24,D
3925,20201020:0800,15.1,24,7,24,4.4,24,11.1,-,24,D
3925,20201021:0800,17.1,24,4.1,24,1.2,24,10.6,-,24,D
3925,20201022:0800,18.2,24,3.1,24,0.7,24,10.7,-,24,D
3925,20201023:0800,21,24,4.8,24,0.1,24,12.9,-,24,D
3925,20201024:0800,21,24,3.3,24,0.1,24,12.2,-,24,D
3925,20201025:0800,23.6,24,5.9,24,6,24,14.8,-,24,D
3925,20201026:0800,22.2,24,15,24,14.6,24,18.6,-,24,D
3925,20201027:0800,17.6,24,11.7,24,12.7,24,14.7,-,24,D
3925,20201028:0800,16.6,24,8.2,24,7.7,24,12.4,-,24,D
3925,20201029:0800,19.6,24,10.4,24,12.1,24,15,-,24,D
3925,20201030:0800,15.9,24,12.6,24,13.2,24,14.3,-,24,D
3925,20201031:0800,19.1,24,14.3,24,13.3,24,16.7,-,24,D
3925,20201101:0800,18.9,24,8.6,24,7.2,24,13.8,-,24,D
3925,20201102:0800,18,24,8.1,24,6.7,24,13.1,-,24,D
3925,20201103:0800,15.5,24,9.8,24,9.6,24,12.7,-,24,D
3925,20201104:0800,16.2,24,10.2,24,11.7,24,13.2,-,24,D
3925,20201105:0800,21.8,24,15.1,24,14.3,24,18.5,-,24,D
3925,20201106:0800,19,24,12.6,24,10.8,24,15.8,-,24,D
3925,20201107:0800,19.3,24,13,24,11.9,24,16.2,-,24,D
3925,20201108:0800,17.4,24,9.1,24,9.5,24,13.3,-,24,D
3925,20201109:0800,15.3,24,2.4,24,-1,24,8.9,-,24,D
3925,20201110:0800,18.2,24,5.2,24,1,24,11.7,-,24,D
3925,20201111:0800,19.5,24,5.3,24,1.6,24,12.4,-,24,D
3925,20201112:0800,23.4,24,7.2,24,3.1,24,15.3,-,24,D
3925,20201113:0800,22.6,24,9.6,24,5.4,24,16.1,-,24,D
3925,20201114:0800,22.3,24,10.2,24,10.4,24,16.3,-,24,D
3925,20201115:0800,20,24,7.2,24,3.5,24,13.6,-,24,D
3925,20201116:0800,22.8,24,11.9,24,11.8,24,17.4,-,24,D
3925,20201117:0800,21.4,24,8.1,24,6.2,24,14.8,-,24,D
3925,20201118:0800,21.6,24,12.9,24,12.5,24,17.3,-,24,D
3925,20201119:0800,17.8,24,6.2,24,3.5,24,12,-,24,D
3925,20201120:0800,22.1,24,6,24,2.9,24,14.1,-,24,D
3925,20201121:0800,22.7,24,10,24,7.1,24,16.4,-,24,D
3925,20201122:0800,17.5,24,6.6,24,3.9,24,12.1,-,24,D
3925,20201123:0800,19.8,24,4.9,24,1.1,24,12.4,-,24,D
3925,20201124:0800,19,24,6.4,24,4.7,24,12.7,-,24,D
3925,20201125:0800,20.3,24,10.1,24,9.3,24,15.2,-,24,D
3925,20201126:0800,20.6,24,7.1,24,3.2,24,13.9,-,24,D
3925,20201127:0800,26.5,24,9,24,6.3,24,17.8,-,24,D
3925,20201128:0800,18.2,24,3.6,24,1,24,10.9,-,24,D
3925,20201129:0800,20.1,24,9,24,8.8,24,14.6,-,24,D
3925,20201130:0800,24,24,11.1,24,10.2,24,17.6,-,24,D
3925,20201201:0800,15.6,24,5.9,24,2.2,24,10.8,-,24,D
3925,20201202:0800,23.8,24,11.4,24,9.8,24,17.6,-,24,D
3925,20201203:0800,19.3,24,9.4,24,7.2,24,14.4,-,24,D
3925,20201204:0800,17.3,24,8.5,24,5.2,24,12.9,-,24,D
3925,20201205:0800,17,24,10,24,7.3,24,13.5,-,24,D
3925,20201206:0800,15.7,24,8.4,24,5.4,24,12.1,-,24,D
3925,20201207:0800,19.5,24,11.2,24,11,24,15.4,-,24,D
3925,20201208:0800,23.7,24,14.3,24,14.4,24,19,-,24,D
3925,20201209:0800,21.7,24,12,24,12.2,24,16.9,-,24,D
3925,20201210:0800,20.1,24,12.2,24,11.1,24,16.2,-,24,D
3925,20201211:0800,23.3,24,11.4,24,8.3,24,17.4,-,24,D
3925,20201212:0800,14.8,24,8.2,24,8.2,24,11.5,-,24,D
3925,20201213:0800,15.2,24,9.1,24,9.6,24,12.2,-,24,D
3925,20201214:0800,20.8,24,11.2,24,7.7,24,16,-,24,D
3925,20201215:0800,24.7,24,13.5,24,13.8,24,19.1,-,24,D
3925,20201216:0800,24.4,24,11.3,24,9,24,17.9,-,24,D
3925,20201217:0800,23.9,24,10.4,24,8,24,17.2,-,24,D
3925,20201218:0800,25.8,24,14.1,24,11,24,20,-,24,D
3925,20201219:0800,24.7,24,12.3,24,8.5,24,18.5,-,24,D
3925,20201220:0800,23.5,24,13.2,24,11.6,24,18.4,-,24,D
3925,20201221:0800,23.5,24,14.4,24,12.8,24,19,-,24,D
3925,20201222:0800,22.1,24,13.3,24,13.2,24,17.7,-,24,D
3925,20201223:0800,23.1,24,13.8,24,13.8,24,18.5,-,24,D
3925,20201224:0800,16.8,24,14,24,12.6,24,15.4,-,24,D
3925,20201225:0800,20.8,24,9.3,24,6.6,24,15.1,-,24,D
3925,20201226:0800,18.8,24,6.9,24,4.7,24,12.9,-,24,D
3925,20201227:0800,19.5,24,4.7,24,3.4,24,12.1,-,24,D
3925,20201228:0800,18.3,24,3.6,24,1,24,11,-,24,D
3925,20201229:0800,21.7,24,7.1,24,4.3,24,14.4,-,24,D
3925,20201230:0800,22.4,24,7.6,24,5.4,24,15,-,24,D
3925,20201231:0800,25.8,24,10.2,24,8.8,24,18,-,24,D
3925,20210101:0800,25.9,24,10.8,24,7.6,24,18.4,-,24,D
3925,20210102:0800,23.9,24,14.8,24,14.6,24,19.4,-,24,D
3925,20210103:0800,20.4,24,11.1,24,10,24,15.8,-,24,D
3925,20210104:0800,17.4,24,9.3,24,6.6,24,13.4,-,24,D
3925,20210105:0800,23.7,24,9.7,24,5.8,24,16.7,-,24,D
3925,20210106:0800,21,24,12,24,14.9,24,16.5,-,24,D
3925,20210107:0800,27.1,24,15,24,12.1,24,21.1,-,24,D
3925,20210108:0800,23.9,24,10,24,6.8,24,17,-,24,D
3925,20210109:0800,24.6,24,15.6,24,14.8,24,20.1,-,24,D
3925,20210110:0800,24.1,24,11.8,24,7.7,24,18,-,24,D
3925,20210111:0800,21.4,24,12.1,24,8.8,24,16.8,-,24,D
3925,20210112:0800,23.9,24,9.6,24,7,24,16.8,-,24,D
3925,20210113:0800,26.3,24,9.5,24,5.8,24,17.9,-,24,D
3925,20210114:0800,26.9,24,12.1,24,8.9,24,19.5,-,24,D
3925,20210115:0800,27.3,24,14,24,10.2,24,20.7,-,24,D
3925,20210116:0800,26.6,24,13.8,24,12.8,24,20.2,-,24,D
3925,20210117:0800,29,24,14.6,24,12.7,24,21.8,-,24,D
3925,20210118:0800,21.1,24,10.2,24,9.9,24,15.7,-,24,D
3925,20210119:0800,16.1,24,10.6,24,8.9,24,13.4,-,24,D
3925,20210120:0800,17.6,24,7,24,6.7,24,12.3,-,24,D
3925,20210121:0800,11.2,24,7.7,24,7.8,24,9.5,-,24,D
3925,20210122:0800,13.1,24,8.7,24,9.2,24,10.9,-,24,D
3925,20210123:0800,18.7,24,9.5,24,6.7,24,14.1,-,24,D
3925,20210124:0800,18.8,24,11.4,24,10,24,15.1,-,24,D
3925,20210125:0800,20.4,24,10.9,24,9.4,24,15.7,-,24,D
3925,20210126:0800,24,24,9.8,24,7.1,24,16.9,-,24,D
3925,20210127:0800,28.4,24,12.3,24,10.9,24,20.4,-,24,D
3925,20210128:0800,30.9,24,12.3,24,10.1,24,21.6,-,24,D
3925,20210129:0800,17.4,24,7.3,24,4.5,24,12.4,-,24,D
3925,20210130:0800,20.5,24,4.8,24,1.6,24,12.7,-,24,D
3925,20210131:0800,22.7,24,7.4,24,4.1,24,15.1,-,24,D
3925,20210201:0800,24.6,24,8.2,24,5.7,24,16.4,-,24,D
3925,20210202:0800,26.2,24,11.9,24,8.1,24,19.1,-,24,D
3925,20210203:0800,27.4,24,9.5,24,7,24,18.5,-,24,D
3925,20210204:0800,26.6,24,10.4,24,6.5,24,18.5,-,24,D
3925,20210205:0800,27.4,24,10.1,24,7.7,24,18.8,-,24,D
3925,20210206:0800,26.4,24,11.9,24,8.1,24,19.2,-,24,D
3925,20210207:0800,25.4,24,11.2,24,8.2,24,18.3,-,24,D
3925,20210208:0800,27.5,24,10.8,24,6.4,24,19.2,-,24,D
3925,20210209:0800,23.8,24,14.1,24,12.4,24,19,-,24,D
3925,20210210:0800,19.9,24,11.3,24,10.4,24,15.6,-,24,D
3925,20210211:0800,19.4,24,7.8,24,5.7,24,13.6,-,24,D
3925,20210212:0800,18.9,24,8,24,5.9,24,13.5,-,24,D
3925,20210213:0800,23.3,24,7.3,24,4.3,24,15.3,-,24,D
3925,20210214:0800,22.2,24,9.8,24,7.1,24,16,-,24,D
3925,20210215:0800,22.1,24,9.7,24,7.5,24,15.9,-,24,D
3925,20210216:0800,25,24,10.8,24,6.8,24,17.9,-,24,D
3925,20210217:0800,21.3,24,4.9,24,1.5,24,13.1,-,24,D
3925,20210218:0800,25.3,24,9.1,24,7.1,24,17.2,-,24,D
3925,20210219:0800,25.2,24,10.1,24,8.1,24,17.7,-,24,D
3925,20210220:0800,26.3,24,11.1,24,8.1,24,18.7,-,24,D
3925,20210221:0800,27.2,24,7.5,24,5.5,24,17.4,-,24,D
3925,20210222:0800,28.1,24,6.8,24,4.1,24,17.5,-,24,D
3925,20210223:0800,27.6,24,10.2,24,8.8,24,18.9,-,24,D
3925,20210224:0800,23.6,24,14,24,15.1,24,18.8,-,24,D
3925,20210225:0800,20.4,24,15.5,24,15.6,24,18,-,24,D
3925,20210226:0800,23.4,24,15.8,24,15.8,24,19.6,-,24,D
3925,20210227:0800,25.5,24,15.8,24,15.7,24,20.7,-,24,D
3925,20210228:0800,26.8,24,13.2,24,11.3,24,20,-,24,D
3925,20210301:0800,25.4,24,14.4,24,13.8,24,19.9,-,24,D
3925,20210302:0800,20.4,24,14.6,24,14.4,24,17.5,-,24,D
3925,20210303:0800,20.6,24,14.9,24,14.2,24,17.8,-,24,D
3925,20210304:0800,20,24,11.8,24,9.4,24,15.9,-,24,D
3925,20210305:0800,18.5,24,8.2,24,5.6,24,13.4,-,24,D
3925,20210306:0800,18.9,24,8.6,24,6.9,24,13.8,-,24,D
3925,20210307:0800,19.7,24,9,24,7.3,24,14.4,-,24,D
3925,20210308:0800,18.9,24,9.7,24,9.7,24,14.3,-,24,D
3925,20210309:0800,15.5,24,10.4,24,9.7,24,13,-,24,D
3925,20210310:0800,19.2,24,11.6,24,10.3,24,15.4,-,24,D
3925,20210311:0800,21.2,24,11.4,24,9.2,24,16.3,-,24,D
3925,20210312:0800,23.8,24,12.4,24,11.2,24,18.1,-,24,D
3925,20210313:0800,23.9,24,10.5,24,8.4,24,17.2,-,24,D
3925,20210314:0800,23.4,24,9.8,24,7.4,24,16.6,-,24,D
3925,20210315:0800,24.1,24,7.5,24,4.5,24,15.8,-,24,D
3925,20210316:0800,17.8,24,10.1,24,11.5,24,14,-,24,D
3925,20210317:0800,17.9,24,4.7,24,2.7,24,11.3,-,24,D
3925,20210318:0800,20.7,24,6,24,2.9,24,13.4,-,24,D
3925,20210319:0800,21.6,24,8.9,24,6.9,24,15.3,-,24,D
3925,20210320:0800,23.7,24,11.5,24,8.2,24,17.6,-,24,D
3925,20210321:0800,19.3,24,9.8,24,6.4,24,14.6,-,24,D
3925,20210322:0800,22.8,24,10.4,24,7.7,24,16.6,-,24,D
3925,20210323:0800,19.8,24,11.6,24,12.4,24,15.7,-,24,D
3925,20210324:0800,22.1,24,10.4,24,7.4,24,16.3,-,24,D
3925,20210325:0800,22.4,24,9.5,24,6.7,24,16,-,24,D
3925,20210326:0800,23,24,8.8,24,5.4,24,15.9,-,24,D
3925,20210327:0800,22.8,24,10.1,24,6.4,24,16.5,-,24,D
3925,20210328:0800,20.8,24,13,24,15.2,24,16.9,-,24,D
3925,20210329:0800,18.8,24,13.8,24,12.9,24,16.3,-,24,D
3925,20210330:0800,19.8,24,10.7,24,9,24,15.3,-,24,D
3925,20210331:0800,24.2,24,10.5,24,8.7,24,17.4,-,24,D
3925,20210401:0800,23.6,24,9.5,24,6.5,24,16.6,-,24,D
3925,20210402:0800,21.8,24,7.7,24,5.7,24,14.8,-,24,D
3925,20210403:0800,14.5,24,5.5,24,3.2,24,10,-,24,D
3925,20210404:0900,19.7,24,6.2,24,6.3,24,13,-,24,D
3925,20210405:0900,18.7,24,9.5,24,10.3,24,14.1,-,24,D
3925,20210406:0900,22.8,24,9.9,24,7.3,24,16.4,-,24,D
3925,20210407:0900,19,24,7.8,24,6.6,24,13.4,-,24,D
3925,20210408:0900,22.8,24,6.1,24,3,24,14.5,-,24,D
3925,20210409:0900,21.4,24,6,24,2.8,24,13.7,-,24,D
3925,20210410:0900,19.4,24,9.9,24,11.5,24,14.7,-,24,D
3925,20210411:0900,17.9,24,13.4,24,12.2,24,15.7,-,24,D
3925,20210412:0900,18.2,24,11.3,24,9.2,24,14.8,-,24,D
3925,20210413:0900,17.3,24,12.4,24,11.5,24,14.9,-,24,D
3925,20210414:0900,14.2,24,5.7,24,2.7,24,10,-,24,D
3925,20210415:0900,18.2,24,7.4,24,4,24,12.8,-,24,D
3925,20210416:0900,14.9,24,9.4,24,7.3,24,12.2,-,24,D
3925,20210417:0900,17.2,24,6,24,2.8,24,11.6,-,24,D
3925,20210418:0900,16.6,24,7.3,24,4.9,24,12,-,24,D
3925,20210419:0900,14.3,24,7.8,24,7.5,24,11.1,-,24,D
3925,20210420:0900,17.7,24,7.9,24,5,24,12.8,-,24,D
3925,20210421:0900,13.9,24,9.1,24,9.3,24,11.5,-,24,D
3925,20210422:0900,18.1,24,5.4,24,1.8,24,11.8,-,24,D
3925,20210423:0900,18.2,24,7.8,24,5.6,24,13,-,24,D
3925,20210424:0900,14.5,24,8.1,24,5.2,24,11.3,-,24,D
3925,20210425:0900,17,24,6.1,24,2.1,24,11.6,-,24,D
3925,20210426:0900,14.4,24,5.1,24,3,24,9.8,-,24,D
3925,20210427:0900,13.6,24,6.2,24,4.3,24,9.9,-,24,D
3925,20210428:0900,13.6,24,2.3,24,-1.4,24,8,-,24,D
3925,20210429:0900,14.7,24,2.3,24,0.1,24,8.5,-,24,D
3925,20210430:0900,15.8,24,4.3,24,6.1,24,10.1,-,24,D
3925,20210501:0900,14.8,24,6.3,24,2,24,10.6,-,24,D
3925,20210502:0900,17.3,24,4.5,24,2.6,24,10.9,-,24,D
3925,20210503:0900,15.6,24,1.3,24,-1,24,8.5,-,24,D
3925,20210504:0900,14.5,24,4,24,2.2,24,9.3,-,24,D
3925,20210505:0900,14.8,24,8,24,5.8,24,11.4,-,24,D
3925,20210506:0900,18.3,24,10.1,24,9,24,14.2,-,24,D
3925,20210507:0900,18,24,5.4,24,4.1,24,11.7,-,24,D
3925,20210508:0900,15.8,24,6.7,24,6.1,24,11.3,-,24,D
3925,20210509:0900,17.2,24,10.1,24,11.3,24,13.7,-,24,D
3925,20210510:0900,20.4,24,13.2,24,13,24,16.8,-,24,D
3925,20210511:0900,18.4,24,14.1,24,14.7,24,16.3,-,24,D
3925,20210512:0900,18.2,24,7.3,24,7.2,24,12.8,-,24,D
3925,20210513:0900,12.9,24,-1,24,-3.8,24,6,-,24,D
3925,20210514:0900,11.9,24,-1.2,24,-2.9,24,5.4,-,24,D
3925,20210515:0900,12.3,24,0.1,24,1.2,24,6.2,-,24,D
3925,20210516:0900,16.7,24,6.8,24,3.7,24,11.8,-,24,D
3925,20210517:0900,13.1,24,8.1,24,7.2,24,10.6,-,24,D
3925,20210518:0900,12.8,24,4.7,24,2.8,24,8.8,-,24,D
3925,20210519:0900,8.2,24,4.7,24,4.7,24,6.5,-,24,D
3925,20210520:0900,10.9,24,6.9,24,8.3,24,8.9,-,24,D
3925,20210521:0900,14.3,24,4,24,0.6,24,9.2,-,24,D
3925,20210522:0900,13.4,24,5.4,24,5.7,24,9.4,-,24,D
3925,20210523:0900,14.4,24,1.8,24,-0.3,24,8.1,-,24,D
3925,20210524:0900,11.1,24,0.2,24,-1.1,24,5.7,-,24,D
3925,20210525:0900,16.2,24,-1.3,24,-5.2,24,7.5,-,24,D
3925,20210526:0900,12.6,24,-2.5,24,-5.3,24,5.1,-,24,D
3925,20210527:0900,10.7,24,-1.9,24,-4,24,4.4,-,24,D
3925,20210528:0900,10.5,24,-0.7,24,-0.2,24,4.9,-,24,D
3925,20210529:0900,10.7,24,4.9,24,3.6,24,7.8,-,24,D
3925,20210530:0900,9.6,24,4.9,24,3.7,24,7.3,-,24,D
3925,20210531:0900,8.4,24,4.9,24,2.2,24,6.7,-,24,D
3925,20210601:0900,12.7,24,0.7,24,-1.1,24,6.7,-,24,D
3925,20210602:0900,13.6,24,1.2,24,-0.6,24,7.4,-,24,D
3925,20210603:0900,13.5,24,1,24,-1,24,7.3,-,24,D
3925,20210604:0900,10.9,24,2.3,24,-0.9,24,6.6,-,24,D
3925,20210605:0900,9,24,3.5,24,1.8,24,6.3,-,24,D
3925,20210606:0900,13.6,24,5.2,24,6.2,24,9.4,-,24,D
3925,20210607:0900,13.4,24,9.8,24,9.6,24,11.6,-,24,D
3925,20210608:0900,13.2,24,5.3,24,4.7,24,9.3,-,24,D
3925,20210609:0900,14,24,2.4,24,1.6,24,8.2,-,24,D
3925,20210610:0900,12,24,2.7,24,1,24,7.4,-,24,D
3925,20210611:0900,13.7,24,3.4,24,0.8,24,8.6,-,24,D
3925,20210612:0900,12.3,24,6.6,24,3.5,24,9.5,-,24,D
3925,20210613:0900,12.8,24,7.9,24,7.7,24,10.4,-,24,D
3925,20210614:0900,14.3,24,10.2,24,10.9,24,12.3,-,24,D
3925,20210615:0900,15.6,24,8.8,24,6.8,24,12.2,-,24,D
3925,20210616:0900,15,24,9.7,24,7.4,24,12.4,-,24,D
3925,20210617:0900,14.1,24,8.6,24,7.1,24,11.4,-,24,D
3925,20210618:0900,13.8,24,5.7,24,5.8,24,9.8,-,24,D
3925,20210619:0900,12.4,24,0.6,24,-1.6,24,6.5,-,24,D
3925,20210620:0900,8.8,24,-0.4,24,-1,24,4.2,-,24,D
3925,20210621:0900,14,24,-0.3,24,-0.2,24,6.9,-,24,D
3925,20210622:0900,15.5,24,-2.3,24,-5.2,24,6.6,-,24,D
3925,20210623:0900,12,24,-1.4,24,-4.4,24,5.3,-,24,D
3925,20210624:0900,10.3,24,-0.6,24,-1.3,24,4.9,-,24,D
3925,20210625:0900,11,24,3.3,24,2.7,24,7.2,-,24,D
3925,20210626:0900,14.6,24,9.2,24,9.7,24,11.9,-,24,D
3925,20210627:0900,15.3,24,10.7,24,10.4,24,13,-,24,D
3925,20210628:0900,12.8,24,7.4,24,7.1,24,10.1,-,24,D
3925,20210629:0900,7.8,24,-0.5,24,-3.9,24,3.7,-,24,D
3925,20210630:0900,8.8,24,-3.3,24,-6.4,24,2.8,-,24,D
3925,20210701:0900,8.6,24,-2.9,24,-4.7,24,2.9,-,24,D
3925,20210702:0900,8.8,24,-1.3,24,-4,24,3.8,-,24,D
3925,20210703:0900,11.5,24,-1,24,-4.6,24,5.3,-,24,D
3925,20210704:0900,4.2,24,-1.1,24,-2.1,24,1.6,-,24,D
3925,20210705:0900,8.3,24,-2.2,24,-4.8,24,3.1,-,24,D
3925,20210706:0900,5.1,24,-1.7,24,-1.3,24,1.7,-,24,D
3925,20210707:0900,12.2,24,4.8,24,5.1,24,8.5,-,24,D
3925,20210708:0900,11.2,24,2.8,24,-0.2,24,7,-,24,D
3925,20210709:0900,8.4,24,3.4,24,1.7,24,5.9,-,24,D
3925,20210710:0900,7.2,24,3.8,24,2.6,24,5.5,-,24,D
3925,20210711:0900,10,24,-1,24,-2.9,24,4.5,-,24,D
3925,20210712:0900,8.4,24,-2,24,-4.2,24,3.2,-,24,D
3925,20210713:0900,7.7,24,-1.9,24,-2.9,24,2.9,-,24,D
3925,20210714:0900,3.5,24,-2.2,24,-2.9,24,0.7,-,24,D
3925,20210715:0900,6.7,24,-1.9,24,-1,24,2.4,-,24,D
3925,20210716:0900,12.9,24,6,24,6.5,24,9.5,-,24,D
3925,20210717:0900,14.4,24,11.5,24,12,24,13,-,24,D
3925,20210718:0900,13.6,24,7,24,4.9,24,10.3,-,24,D
3925,20210719:0900,11.9,24,4,24,-0.2,24,8,-,24,D
3925,20210720:0900,11.8,24,4.9,24,1.5,24,8.4,-,24,D
3925,20210721:0900,10.8,24,4,24,1.9,24,7.4,-,24,D
3925,20210722:0900,11.4,24,5.4,24,6.3,24,8.4,-,24,D
3925,20210723:0900,12.1,24,1.6,24,-0.7,24,6.9,-,24,D
3925,20210724:0900,11.4,24,2.1,24,1.7,24,6.8,-,24,D
3925,20210725:0900,10.8,24,2.3,24,-0.7,24,6.6,-,24,D
3925,20210726:0900,10.9,24,4.7,24,5.7,24,7.8,-,24,D
3925,20210727:0900,12.5,24,7.1,24,7.3,24,9.8,-,24,D
3925,20210728:0900,11.2,24,5.1,24,2.2,24,8.2,-,24,D
3925,20210729:0900,12.3,24,5.3,24,2.5,24,8.8,-,24,D
3925,20210730:0900,15.6,24,5.6,24,2.9,24,10.6,-,24,D
3925,20210731:0900,13.6,24,3.8,24,1.3,24,8.7,-,24,D
3925,20210801:0900,15.6,24,4.6,24,1.9,24,10.1,-,24,D
3925,20210802:0900,12.1,24,6.2,24,7.1,24,9.2,-,24,D
3925,20210803:0900,15.1,24,5.7,24,5.2,24,10.4,-,24,D
3925,20210804:0900,11.8,24,-3.4,24,-7.4,24,4.2,-,24,D
3925,20210805:0900,12.7,24,-1.6,24,-0.8,24,5.6,-,24,D
3925,20210806:0900,10.5,24,3.3,24,-0.5,24,6.9,-,24,D
3925,20210807:0900,14.4,24,4.9,24,1,24,9.7,-,24,D
3925,20210808:0900,11.3,24,3.4,24,0.7,24,7.4,-,24,D
3925,20210809:0900,5.9,24,-0.4,24,-4.4,24,2.8,-,24,D
3925,20210810:0900,9.4,24,-4.1,24,-7,24,2.7,-,24,D
3925,20210811:0900,8.5,24,-1.5,24,-0.7,24,3.5,-,24,D
3925,20210812:0900,11.2,24,5.7,24,6.1,24,8.5,-,24,D
3925,20210813:0900,13.7,24,6.1,24,2.8,24,9.9,-,24,D
3925,20210814:0900,12.9,24,4.7,24,1.9,24,8.8,-,24,D
3925,20210815:0900,11,24,2.4,24,-0.6,24,6.7,-,24,D
3925,20210816:0900,11.9,24,3.9,24,3.6,24,7.9,-,24,D
3925,20210817:0900,13.6,24,6.3,24,7.5,24,10,-,24,D
3925,20210818:0900,9.5,24,4,24,3.6,24,6.8,-,24,D
3925,20210819:0900,12.8,24,1.9,24,-1.2,24,7.4,-,24,D
3925,20210820:0900,13.4,24,4.4,24,5.2,24,8.9,-,24,D
3925,20210821:0900,12.5,24,0.1,24,-3.9,24,6.3,-,24,D
3925,20210822:0900,13.8,24,1.3,24,-1.3,24,7.6,-,24,D
3925,20210823:0900,14.8,24,4.1,24,5.5,24,9.5,-,24,D
3925,20210824:0900,13.8,24,7.9,24,5.9,24,10.9,-,24,D
3925,20210825:0900,14.9,24,6.4,24,3.6,24,10.7,-,24,D
3925,20210826:0900,14.8,24,6.7,24,3,24,10.8,-,24,D
3925,20210827:0900,12.4,24,9,24,10,24,10.7,-,24,D
3925,20210828:0900,17.4,24,10.3,24,9.8,24,13.9,-,24,D
3925,20210829:0900,14.4,24,7.2,24,4.3,24,10.8,-,24,D
3925,20210830:0900,15.5,24,5.3,24,2.7,24,10.4,-,24,D
3925,20210831:0900,16.5,24,-1.3,24,-4.7,24,7.6,-,24,D
3925,20210901:0900,16.7,24,-1.1,24,-4.1,24,7.8,-,24,D
3925,20210902:0900,15.8,24,3,24,-0.7,24,9.4,-,24,D
3925,20210903:0900,17.2,24,1.5,24,-1.5,24,9.4,-,24,D
3925,20210904:0900,15.6,24,5.5,24,2.7,24,10.6,-,24,D
3925,20210905:0900,14.6,24,4.8,24,0.3,24,9.7,-,24,D
3925,20210906:0900,14.4,24,6.3,24,3.5,24,10.4,-,24,D
3925,20210907:0900,13.7,24,9,24,8.6,24,11.4,-,24,D
3925,20210908:0900,13.2,24,4,24,3.8,24,8.6,-,24,D
3925,20210909:0900,11.7,24,4,24,4,24,7.9,-,24,D
3925,20210910:0900,13.1,24,5.3,24,6.5,24,9.2,-,24,D
3925,20210911:0900,13,24,4.8,24,3.1,24,8.9,-,24,D
3925,20210912:0900,11.4,24,4.3,24,2.4,24,7.9,-,24,D
3925,20210913:0900,13.4,24,5.2,24,7.6,24,9.3,-,24,D
3925,20210914:0900,12.1,24,1.6,24,-1,24,6.9,-,24,D
3925,20210915:0900,14.4,24,1.4,24,-2,24,7.9,-,24,D
3925,20210916:0900,15,24,0.4,24,-1.8,24,7.7,-,24,D
3925,20210917:0900,15.8,24,1.4,24,-4,24,8.6,-,24,D
3925,20210918:0900,16,24,2.4,24,-1.9,24,9.2,-,24,D
3925,20210919:0900,12.7,24,6.4,24,6.2,24,9.6,-,24,D
3925,20210920:0900,14.1,24,7.4,24,5,24,10.8,-,24,D
3925,20210921:0900,15.2,24,7.4,24,6,24,11.3,-,24,D
3925,20210922:0900,12.4,24,8.2,24,7.6,24,10.3,-,24,D
3925,20210923:0900,13.7,24,9.4,24,8.7,24,11.6,-,24,D
3925,20210924:0900,17,24,7.5,24,3.9,24,12.3,-,24,D
3925,20210925:0900,17,24,5.9,24,2.9,24,11.5,-,24,D
3925,20210926:0800,13.4,24,5.9,24,3.2,24,9.7,-,24,D
3925,20210927:0800,12.5,24,0.5,24,-2.4,24,6.5,-,24,D
3925,20210928:0800,15.3,24,-0.5,24,-2.7,24,7.4,-,24,D
3925,20210929:0800,14.8,24,1.8,24,-1.6,24,8.3,-,24,D
3925,20210930:0800,13.2,24,5.7,24,5,24,9.5,-,24,D
3925,20211001:0800,12.6,24,4.7,24,1.3,24,8.7,-,24,D
3925,20211002:0800,15.4,24,7.1,24,5,24,11.3,-,24,D
3925,20211003:0800,17,24,6.6,24,4,24,11.8,-,24,D
3925,20211004:0800,17.8,24,9.1,24,9.2,24,13.5,-,24,D
3925,20211005:0800,16.2,24,9.3,24,6.4,24,12.8,-,24,D
3925,20211006:0800,18.3,24,10.2,24,9,24,14.3,-,24,D
3925,20211007:0800,15,24,11.3,24,12,24,13.2,-,24,D
3925,20211008:0800,19.8,24,9.4,24,6.4,24,14.6,-,24,D
3925,20211009:0800,18.6,24,8.7,24,6,24,13.7,-,24,D
3925,20211010:0800,16.9,24,7.9,24,4.8,24,12.4,-,24,D
3925,20211011:0800,17.2,24,7.7,24,5.5,24,12.5,-,24,D
3925,20211012:0800,13.1,24,5.9,24,3.8,24,9.5,-,24,D
3925,20211013:0800,13.6,24,2.2,24,-0.8,24,7.9,-,24,D
3925,20211014:0800,15,24,1.3,24,-1.1,24,8.2,-,24,D
3925,20211015:0800,18.3,24,1.3,24,-0.6,24,9.8,-,24,D
3925,20211016:0800,18.8,24,5.3,24,5.2,24,12.1,-,24,D
3925,20211017:0800,17.1,24,8.2,24,6.4,24,12.7,-,24,D
3925,20211018:0800,15.3,24,11.6,24,10.5,24,13.5,-,24,D
3925,20211019:0800,17.3,24,8.5,24,5.3,24,12.9,-,24,D
3925,20211020:0800,15.5,24,6,24,3.1,24,10.8,-,24,D
3925,20211021:0800,20.1,24,7.2,24,5.6,24,13.7,-,24,D
3925,20211022:0800,21.9,24,5.7,24,3.5,24,13.8,-,24,D
3925,20211023:0800,24.3,24,7.6,24,5.8,24,16,-,24,D
3925,20211024:0800,21.3,24,10,24,10.7,24,15.7,-,24,D
3925,20211025:0800,18.5,24,12.6,24,11.6,24,15.6,-,24,D
3925,20211026:0800,22.4,24,10,24,7,24,16.2,-,24,D
3925,20211027:0800,16.8,24,13.3,24,13.5,24,15.1,-,24,D
3925,20211028:0800,21.6,24,9.1,24,7.4,24,15.4,-,24,D
3925,20211029:0800,21.4,24,10.6,24,8.8,24,16,-,24,D
3925,20211030:0800,18.8,24,11.7,24,12.3,24,15.3,-,24,D
3925,20211031:0800,21.6,24,8.6,24,6.8,24,15.1,-,24,D
3925,20211101:0800,15.9,24,8.8,24,8.8,24,12.4,-,24,D
3925,20211102:0800,18.4,24,10.2,24,8.7,24,14.3,-,24,D
3925,20211103:0800,19.8,24,4.5,24,2,24,12.2,-,24,D
3925,20211104:0800,17.4,24,3.2,24,-0.1,24,10.3,-,24,D
3925,20211105:0800,24.2,24,6.7,24,5.2,24,15.5,-,24,D
3925,20211106:0800,25.2,24,6.9,24,4.6,24,16.1,-,24,D
3925,20211107:0800,26,24,11,24,9.5,24,18.5,-,24,D
3925,20211108:0800,25.8,24,8,24,5.1,24,16.9,-,24,D
3925,20211109:0800,23.7,24,10.1,24,7.1,24,16.9,-,24,D
3925,20211110:0800,24,24,12.6,24,-0.2,24,18.3,-,24,D
3925,20211111:0800,22.2,24,11.1,24,8.1,24,16.7,-,24,D
3925,20211112:0800,21.2,24,14.3,24,14,24,17.8,-,24,D
3925,20211113:0800,19.5,24,15.9,24,15.3,24,17.7,-,24,D
3925,20211114:0800,22.6,24,13.4,24,11.9,24,18,-,24,D
3925,20211115:0800,18,24,9.5,24,6.8,24,13.8,-,24,D
3925,20211116:0800,19,24,10.6,24,10.3,24,14.8,-,24,D
3925,20211117:0800,14.6,24,7.1,24,6.6,24,10.9,-,24,D
3925,20211118:0800,16.1,24,6,24,3.2,24,11.1,-,24,D
3925,20211119:0800,19.2,24,5.7,24,2.5,24,12.5,-,24,D
3925,20211120:0800,20.7,24,7.6,24,4.1,24,14.2,-,24,D
3925,20211121:0800,20.9,24,8.9,24,5.6,24,14.9,-,24,D
3925,20211122:0800,16,24,9.8,24,6.6,24,12.9,-,24,D
3925,20211123:0800,21.9,24,12.7,24,12.1,24,17.3,-,24,D
3925,20211124:0800,23.6,24,10.2,24,7.3,24,16.9,-,24,D
3925,20211125:0800,22.5,24,9,24,6.7,24,15.8,-,24,D
3925,20211126:0800,23.9,24,11.1,24,10.5,24,17.5,-,24,D
3925,20211127:0800,21.2,24,12.7,24,10.2,24,17,-,24,D
3925,20211128:0800,17.4,24,12.6,24,12.7,24,15,-,24,D
3925,20211129:0800,18.6,24,13.4,24,11.6,24,16,-,24,D
3925,20211130:0800,28,24,15.9,24,15.2,24,22,-,24,D
3925,20211201:0800,26.6,24,13.3,24,11.6,24,20,-,24,D
3925,20211202:0800,25.8,24,13.8,24,11.6,24,19.8,-,24,D
3925,20211203:0800,27.1,24,16.2,24,16.2,24,21.7,-,24,D
3925,20211204:0800,19.1,24,14,24,13.8,24,16.6,-,24,D
3925,20211205:0800,17.8,24,15.6,24,15.7,24,16.7,-,24,D
3925,20211206:0800,18.8,24,14,24,14,24,16.4,-,24,D
3925,20211207:0800,14.8,24,10.8,24,10.7,24,12.8,-,24,D
3925,20211208:0800,19.5,24,9.1,24,5,24,14.3,-,24,D
3925,20211209:0800,21.5,24,12.6,24,14.1,24,17.1,-,24,D
3925,20211210:0800,20.5,24,12.9,24,11.2,24,16.7,-,24,D
3925,20211211:0800,24.4,24,15.9,24,15.6,24,20.2,-,24,D
3925,20211212:0800,23.1,24,14.2,24,14.3,24,18.7,-,24,D
3925,20211213:0800,19.4,24,13.5,24,12.4,24,16.5,-,24,D
3925,20211214:0800,22.5,24,14.4,24,14,24,18.5,-,24,D
3925,20211215:0800,20.3,24,13,24,13,24,16.7,-,24,D
3925,20211216:0800,24.4,24,10.5,24,8.4,24,17.5,-,24,D
3925,20211217:0800,25.7,24,14.9,24,14.3,24,20.3,-,24,D
3925,20211218:0800,19.6,24,9.9,24,8.2,24,14.8,-,24,D
3925,20211219:0800,18.2,24,11.3,24,9.5,24,14.8,-,24,D
3925,20211220:0800,22.7,24,9.5,24,7,24,16.1,-,24,D
3925,20211221:0800,20.7,24,11,24,8.1,24,15.9,-,24,D
3925,20211222:0800,19.8,24,13.7,24,13.3,24,16.8,-,24,D
3925,20211223:0800,23.3,24,13.6,24,10.3,24,18.5,-,24,D
3925,20211224:0800,23.2,24,9.9,24,8,24,16.6,-,24,D
3925,20211225:0800,22.7,24,10.4,24,8.9,24,16.6,-,24,D
3925,20211226:0800,20.8,24,9.5,24,7.4,24,15.2,-,24,D
3925,20211227:0800,21.9,24,11.9,24,8.6,24,16.9,-,24,D
3925,20211228:0800,21.9,24,13.7,24,13.5,24,17.8,-,24,D
3925,20211229:0800,17.7,24,11.6,24,11.6,24,14.7,-,24,D
3925,20211230:0800,20.6,24,10.7,24,9,24,15.7,-,24,D
3925,20211231:0800,19.7,24,10.5,24,8.2,24,15.1,-,24,D
3925,20220101:0800,21.6,24,11.3,24,9.5,24,16.5,-,24,D
3925,20220102:0800,27.5,24,11.3,24,8.6,24,19.4,-,24,D
3925,20220103:0800,31.2,24,14,24,12.8,24,22.6,-,24,D
3925,20220104:0800,28.9,24,13.1,24,11.8,24,21,-,24,D
3925,20220105:0800,28.4,24,13.1,24,11,24,20.8,-,24,D
3925,20220106:0800,28.9,24,15.5,24,14.3,24,22.2,-,24,D
3925,20220107:0800,26.8,24,13,24,9.9,24,19.9,-,24,D
3925,20220108:0800,24.2,24,12.2,24,9.8,24,18.2,-,24,D
3925,20220109:0800,23.1,24,14.2,24,11.8,24,18.7,-,24,D
3925,20220110:0800,22,24,13.5,24,12.2,24,17.8,-,24,D
3925,20220111:0800,24.6,24,16.6,24,16.9,24,20.6,-,24,D
3925,20220112:0800,26,24,14.3,24,13.1,24,20.2,-,24,D
3925,20220113:0800,23.1,24,8.2,24,5.5,24,15.7,-,24,D
3925,20220114:0800,26.9,24,9.8,24,6.5,24,18.4,-,24,D
3925,20220115:0800,27.6,24,11.2,24,9.3,24,19.4,-,24,D
3925,20220116:0800,29.1,24,11.7,24,10.1,24,20.4,-,24,D
3925,20220117:0800,29,24,13.5,24,11.1,24,21.3,-,24,D
3925,20220118:0800,27.9,24,15.6,24,13.4,24,21.8,-,24,D
3925,20220119:0800,26.8,24,17.5,24,16.1,24,22.2,-,24,D
3925,20220120:0800,24,24,11,24,10.3,24,17.5,-,24,D
3925,20220121:0800,19.3,24,8.2,24,6.2,24,13.8,-,24,D
3925,20220122:0800,25.7,24,9.9,24,7.6,24,17.8,-,24,D
3925,20220123:0800,28.2,24,11.3,24,9.6,24,19.8,-,24,D
3925,20220124:0800,26.7,24,9.9,24,6.9,24,18.3,-,24,D
3925,20220125:0800,27.5,24,11.3,24,8.2,24,19.4,-,24,D
3925,20220126:0800,19,24,16.3,24,16.3,24,17.7,-,24,D
3925,20220127:0800,23.2,24,9.5,24,7.2,24,16.4,-,24,D
3925,20220128:0800,24.6,24,10,24,8.2,24,17.3,-,24,D
3925,20220129:0800,24.5,24,10.6,24,7.9,24,17.6,-,24,D
3925,20220130:0800,26.8,24,10.8,24,7.5,24,18.8,-,24,D
3925,20220131:0800,27.4,24,10.7,24,7.6,24,19.1,-,24,D
3925,20220201:0800,30.3,24,12.5,24,10.2,24,21.4,-,24,D
3925,20220202:0800,28.6,24,16.8,24,17,24,22.7,-,24,D
3925,20220203:0800,20.5,24,17.7,24,17.7,24,19.1,-,24,D
3925,20220204:0800,24.2,24,17.8,24,17.4,24,21,-,24,D
3925,20220205:0800,20.3,24,15.2,24,15.6,24,17.8,-,24,D
3925,20220206:0800,17.1,24,12.5,24,12.7,24,14.8,-,24,D
3925,20220207:0800,22.5,24,8.9,24,7.7,24,15.7,-,24,D
3925,20220208:0800,27,24,11.7,24,11.9,24,19.4,-,24,D
3925,20220209:0800,32.5,24,18.1,24,16.9,24,25.3,-,24,D
3925,20220210:0800,21.6,24,18.8,24,18.7,24,20.2,-,24,D
3925,20220211:0800,22.6,24,14.9,24,14.3,24,18.8,-,24,D
3925,20220212:0800,23.7,24,16,24,15.7,24,19.9,-,24,D
3925,20220213:0800,18.5,24,8.8,24,8.6,24,13.7,-,24,D
3925,20220214:0800,14.2,24,8,24,6.9,24,11.1,-,24,D
3925,20220215:0800,23,24,8.5,24,7.1,24,15.8,-,24,D
3925,20220216:0800,24.7,24,10.6,24,8.1,24,17.7,-,24,D
3925,20220217:0800,22.7,24,10.7,24,7.6,24,16.7,-,24,D
3925,20220218:0800,24.8,24,9.4,24,7.1,24,17.1,-,24,D
3925,20220219:0800,24.1,24,12.1,24,11.5,24,18.1,-,24,D
3925,20220220:0800,19.8,24,9.7,24,8.6,24,14.8,-,24,D
3925,20220221:0800,24.2,24,9.3,24,7.4,24,16.8,-,24,D
3925,20220222:0800,25.6,24,10.6,24,10.2,24,18.1,-,24,D
3925,20220223:0800,23.4,24,13.6,24,13.4,24,18.5,-,24,D
3925,20220224:0800,23.3,24,13.7,24,13.6,24,18.5,-,24,D
3925,20220225:0800,25.4,24,8.9,24,6,24,17.2,-,24,D
3925,20220226:0800,24.6,24,11.2,24,8.8,24,17.9,-,24,D
3925,20220227:0800,24.8,24,12.6,24,10,24,18.7,-,24,D
3925,20220228:0800,23.7,24,10.8,24,9,24,17.3,-,24,D
3925,20220301:0800,24.6,24,13.4,24,13.6,24,19,-,24,D
3925,20220302:0800,24.7,24,10.4,24,8.8,24,17.6,-,24,D
3925,20220303:0800,25.2,24,7.3,24,5.2,24,16.3,-,24,D
3925,20220304:0800,26.1,24,11.2,24,11.2,24,18.7,-,24,D
3925,20220305:0800,24.2,24,14.8,24,14.6,24,19.5,-,24,D
3925,20220306:0800,25.4,24,11.3,24,8,24,18.4,-,24,D
3925,20220307:0800,24.2,24,11,24,8.9,24,17.6,-,24,D
3925,20220308:0800,26.8,24,10.9,24,7.9,24,18.9,-,24,D
3925,20220309:0800,26.7,24,10.5,24,7.5,24,18.6,-,24,D
3925,20220310:0800,27.4,24,11.6,24,8,24,19.5,-,24,D
3925,20220311:0800,28.4,24,13.7,24,10,24,21.1,-,24,D
3925,20220312:0800,23,24,13.4,24,10,24,18.2,-,24,D
3925,20220313:0800,22.6,24,12.4,24,10.2,24,17.5,-,24,D
3925,20220314:0800,25.6,24,6,24,2.6,24,15.8,-,24,D
3925,20220315:0800,25.4,24,8.2,24,5.1,24,16.8,-,24,D
3925,20220316:0800,25.1,24,7.2,24,3.8,24,16.2,-,24,D
3925,20220317:0800,24.6,24,7,24,3.6,24,15.8,-,24,D
3925,20220318:0800,22.8,24,6.4,24,3.4,24,14.6,-,24,D
3925,20220319:0800,20.7,24,8.4,24,6,24,14.6,-,24,D
3925,20220320:0800,20.4,24,10.2,24,8.5,24,15.3,-,24,D
3925,20220321:0800,22.9,24,11.9,24,11.9,24,17.4,-,24,D
3925,20220322:0800,17.7,24,10.5,24,9.3,24,14.1,-,24,D
3925,20220323:0800,20.3,24,11.2,24,11.8,24,15.8,-,24,D
3925,20220324:0800,24.8,24,13.7,24,13.2,24,19.3,-,24,D
3925,20220325:0800,22.2,24,10.5,24,8.9,24,16.4,-,24,D
3925,20220326:0800,24.6,24,6.6,24,3.9,24,15.6,-,24,D
3925,20220327:0800,26,24,6,24,2.5,24,16,-,24,D
3925,20220328:0800,27.2,24,8.6,24,5.4,24,17.9,-,24,D
3925,20220329:0800,25.9,24,10.3,24,11.4,24,18.1,-,24,D
3925,20220330:0800,24.9,24,11.4,24,8.8,24,18.2,-,24,D
3925,20220331:0800,25.4,24,9.8,24,6.8,24,17.6,-,24,D
3925,20220401:0800,24.6,24,11.8,24,9.4,24,18.2,-,24,D
3925,20220402:0800,23.6,24,13.4,24,10.9,24,18.5,-,24,D
3925,20220403:0900,24.2,24,7.6,24,4.3,24,15.9,-,24,D
3925,20220404:0900,24.5,24,5.7,24,2.2,24,15.1,-,24,D
3925,20220405:0900,24.6,24,8.5,24,6.4,24,16.6,-,24,D
3925,20220406:0900,18.4,24,11.9,24,12.7,24,15.2,-,24,D
3925,20220407:0900,17.9,24,7.1,24,4.6,24,12.5,-,24,D
3925,20220408:0900,19,24,7.2,24,5.8,24,13.1,-,24,D
3925,20220409:0900,16.4,24,6.3,24,3.5,24,11.4,-,24,D
3925,20220410:0900,20.6,24,7.2,24,3.6,24,13.9,-,24,D
3925,20220411:0900,20.1,24,9.7,24,6.6,24,14.9,-,24,D
3925,20220412:0900,18.3,24,8.8,24,5.4,24,13.6,-,24,D
3925,20220413:0900,17.4,24,5.3,24,3,24,11.4,-,24,D
3925,20220414:0900,19.8,24,1,24,-2,24,10.4,-,24,D
3925,20220415:0900,19.7,24,6.8,24,6,24,13.3,-,24,D
3925,20220416:0900,18.8,24,8,24,4.4,24,13.4,-,24,D
3925,20220417:0900,18.7,24,7.6,24,5.6,24,13.2,-,24,D
3925,20220418:0900,20.9,24,4.2,24,0.4,24,12.6,-,24,D
3925,20220419:0900,21,24,3,24,0.6,24,12,-,24,D
3925,20220420:0900,21.4,24,6.3,24,7.9,24,13.9,-,24,D
3925,20220421:0900,20.2,24,15.3,24,16.2,24,17.8,-,24,D
3925,20220422:0900,21.5,24,10.8,24,9.2,24,16.2,-,24,D
3925,20220423:0900,15,24,6.5,24,5.3,24,10.8,-,24,D
3925,20220424:0900,14.6,24,7.2,24,7.4,24,10.9,-,24,D
3925,20220425:0900,15.5,24,9.1,24,8.2,24,12.3,-,24,D
3925,20220426:0900,16.5,24,6.9,24,3.5,24,11.7,-,24,D
3925,20220427:0900,17.5,24,4.2,24,1.7,24,10.9,-,24,D
3925,20220428:0900,18.9,24,6.3,24,3.6,24,12.6,-,24,D
3925,20220429:0900,19.5,24,8,24,5.2,24,13.8,-,24,D
3925,20220430:0900,18.7,24,5,24,2.8,24,11.9,-,24,D
3925,20220501:0900,18.9,24,7.1,24,8.9,24,13,-,24,D
3925,20220502:0900,17,24,13.4,24,12.4,24,15.2,-,24,D
3925,20220503:0900,18.6,24,13.1,24,11.1,24,15.9,-,24,D
3925,20220504:0900,20.6,24,10.3,24,9.6,24,15.5,-,24,D
3925,20220505:0900,18.8,24,10.2,24,9.7,24,14.5,-,24,D
3925,20220506:0900,18.7,24,8.3,24,6.8,24,13.5,-,24,D
3925,20220507:0900,19.2,24,6.8,24,3.9,24,13,-,24,D
3925,20220508:0900,16.2,24,9.6,24,9,24,12.9,-,24,D
3925,20220509:0900,16.3,24,11.9,24,11.7,24,14.1,-,24,D
3925,20220510:0900,18.9,24,7.8,24,6.7,24,13.4,-,24,D
3925,20220511:0900,17.8,24,-0.2,24,-2.6,24,8.8,-,24,D
3925,20220512:0900,15.8,24,1.1,24,1.5,24,8.5,-,24,D
3925,20220513:0900,13.2,24,6.2,24,3.8,24,9.7,-,24,D
3925,20220514:0900,13.1,24,8.2,24,7,24,10.7,-,24,D
3925,20220515:0900,14.7,24,9.8,24,10.5,24,12.3,-,24,D
3925,20220516:0900,15.3,24,11.9,24,11.8,24,13.6,-,24,D
3925,20220517:0900,17.7,24,9.4,24,8.9,24,13.6,-,24,D
3925,20220518:0900,15.1,24,9,24,7.6,24,12.1,-,24,D
3925,20220519:0900,15.8,24,8.1,24,5.2,24,12,-,24,D
3925,20220520:0900,14.6,24,8,24,7.3,24,11.3,-,24,D
3925,20220521:0900,9.2,24,3.1,24,0.7,24,6.2,-,24,D
3925,20220522:0900,9.8,24,4.8,24,5.5,24,7.3,-,24,D
3925,20220523:0900,11.3,24,2.6,24,0,24,7,-,24,D
3925,20220524:0900,11.8,24,3.4,24,3.3,24,7.6,-,24,D
3925,20220525:0900,13.6,24,6.8,24,5.8,24,10.2,-,24,D
3925,20220526:0900,12.2,24,4.6,24,2.2,24,8.4,-,24,D
3925,20220527:0900,12.9,24,1.6,24,0.3,24,7.3,-,24,D
3925,20220528:0900,11.9,24,1.1,24,-1.3,24,6.5,-,24,D
3925,20220529:0900,10.3,24,1.7,24,1.2,24,6,-,24,D
3925,20220530:0900,8.9,24,3.7,24,3.7,24,6.3,-,24,D
3925,20220531:0900,12.4,24,8.6,24,9.5,24,10.5,-,24,D
3925,20220601:0900,18,24,10.1,24,8.2,24,14.1,-,24,D
3925,20220602:0900,13.7,24,9.8,24,8.8,24,11.8,-,24,D
3925,20220603:0900,11.9,24,6.9,24,6.5,24,9.4,-,24,D
3925,20220604:0900,11,24,0.7,24,-1.5,24,5.9,-,24,D
3925,20220605:0900,11.4,24,0.7,24,-1,24,6.1,-,24,D
3925,20220606:0900,12.6,24,1.7,24,1.6,24,7.2,-,24,D
3925,20220607:0900,16.7,24,2.7,24,0.3,24,9.7,-,24,D
3925,20220608:0900,13.6,24,7,24,3,24,10.3,-,24,D
3925,20220609:0900,10.9,24,7.7,24,5.4,24,9.3,-,24,D
3925,20220610:0900,10,24,6.1,24,4.7,24,8.1,-,24,D
3925,20220611:0900,10.8,24,5.2,24,3.6,24,8,-,24,D
3925,20220612:0900,10,24,3.2,24,-0.4,24,6.6,-,24,D
3925,20220613:0900,10.8,24,5.1,24,3.4,24,8,-,24,D
3925,20220614:0900,8.3,24,4.3,24,1.9,24,6.3,-,24,D
3925,20220615:0900,10.2,24,5.7,24,5,24,8,-,24,D
3925,20220616:0900,10.1,24,6,24,3.9,24,8.1,-,24,D
3925,20220617:0900,10.8,24,5.9,24,5.2,24,8.4,-,24,D
3925,20220618:0900,8.7,24,5.5,24,4.7,24,7.1,-,24,D
3925,20220619:0900,9.5,24,2.6,24,-0.7,24,6.1,-,24,D
3925,20220620:0900,12.2,24,-1.7,24,-3.6,24,5.3,-,24,D
3925,20220621:0900,12.4,24,-3.5,24,-6.1,24,4.5,-,24,D
3925,20220622:0900,8.1,24,-3.3,24,-5.4,24,2.4,-,24,D
3925,20220623:0900,7.6,24,-3.1,24,-5.7,24,2.3,-,24,D
3925,20220624:0900,5.7,24,-2.9,24,-3.4,24,1.4,-,24,D
3925,20220625:0900,8,24,0.6,24,1.7,24,4.3,-,24,D
3925,20220626:0900,13.2,24,7.1,24,5.8,24,10.2,-,24,D
3925,20220627:0900,13,24,3.9,24,1.2,24,8.5,-,24,D
3925,20220628:0900,10.5,24,4.5,24,3.9,24,7.5,-,24,D
3925,20220629:0900,10.2,24,4.3,24,0.8,24,7.3,-,24,D
3925,20220630:0900,10,24,3.8,24,0.7,24,6.9,-,24,D
3925,20220701:0900,9.5,24,0.7,24,-2.1,24,5.1,-,24,D
3925,20220702:0900,10.7,24,1.6,24,0.5,24,6.2,-,24,D
3925,20220703:0900,11.6,24,4.5,24,2.2,24,8.1,-,24,D
3925,20220704:0900,11.9,24,4.2,24,1,24,8.1,-,24,D
3925,20220705:0900,9.2,24,2.8,24,2.3,24,6,-,24,D
3925,20220706:0900,7.4,24,3.1,24,-0.4,24,5.3,-,24,D
3925,20220707:0900,12.6,24,0.5,24,-1.1,24,6.6,-,24,D
3925,20220708:0900,9.2,24,1,24,1.1,24,5.1,-,24,D
3925,20220709:0900,13.6,24,9,24,9.7,24,11.3,-,24,D
3925,20220710:0900,12.3,24,4.9,24,4.3,24,8.6,-,24,D
3925,20220711:0900,9.2,24,0.9,24,-1.1,24,5.1,-,24,D
3925,20220712:0900,8.3,24,1.2,24,0.6,24,4.8,-,24,D
3925,20220713:0900,11.9,24,6.5,24,5.4,24,9.2,-,24,D
3925,20220714:0900,11.7,24,5.1,24,3.3,24,8.4,-,24,D
3925,20220715:0900,14.1,24,2,24,0.1,24,8.1,-,24,D
3925,20220716:0900,10.6,24,0.1,24,-2.4,24,5.4,-,24,D
3925,20220717:0900,9.7,24,0.1,24,-2.9,24,4.9,-,24,D
3925,20220718:0900,11.1,24,1.7,24,2.9,24,6.4,-,24,D
3925,20220719:0900,12.4,24,10.6,24,10,24,11.5,-,24,D
3925,20220720:0900,13,24,8.1,24,7.2,24,10.6,-,24,D
3925,20220721:0900,12.4,24,4.8,24,1.6,24,8.6,-,24,D
3925,20220722:0900,11.6,24,-3.1,24,-6.5,24,4.3,-,24,D
3925,20220723:0900,10.8,24,-2.4,24,-4,24,4.2,-,24,D
3925,20220724:0900,12.4,24,2,24,-1.4,24,7.2,-,24,D
3925,20220725:0900,11.8,24,0.8,24,-1.8,24,6.3,-,24,D
3925,20220726:0900,7.2,24,2.8,24,3,24,5,-,24,D
3925,20220727:0900,14.2,24,6.5,24,5.5,24,10.4,-,24,D
3925,20220728:0900,12.8,24,6.9,24,3.8,24,9.9,-,24,D
3925,20220729:0900,12.2,24,6.7,24,5.7,24,9.5,-,24,D
3925,20220730:0900,13.1,24,3,24,0.5,24,8.1,-,24,D
3925,20220731:0900,6.2,24,3.7,24,2.9,24,5,-,24,D
3925,20220801:0900,11.6,24,0.6,24,-1.1,24,6.1,-,24,D
3925,20220802:0900,11.7,24,1.6,24,2.7,24,6.7,-,24,D
3925,20220803:0900,11.9,24,6.9,24,6.1,24,9.4,-,24,D
3925,20220804:0900,15.4,24,3.6,24,0.6,24,9.5,-,24,D
3925,20220805:0900,14.6,24,2.1,24,-0.6,24,8.4,-,24,D
3925,20220806:0900,13.9,24,4.7,24,5.9,24,9.3,-,24,D
3925,20220807:0900,14.5,24,8.7,24,6.6,24,11.6,-,24,D
3925,20220808:0900,15.6,24,3,24,0.8,24,9.3,-,24,D
3925,20220809:0900,9.2,24,3.7,24,3.1,24,6.5,-,24,D
3925,20220810:0900,8.8,24,-1.1,24,-3.6,24,3.9,-,24,D
3925,20220811:0900,13.2,24,-4.1,24,-7.6,24,4.6,-,24,D
3925,20220812:0900,12.3,24,-2.1,24,-5.6,24,5.1,-,24,D
3925,20220813:0900,12.8,24,-3.7,24,-6.4,24,4.6,-,24,D
3925,20220814:0900,12.8,24,-2.1,24,-2.4,24,5.4,-,24,D
3925,20220815:0900,11.4,24,-0.6,24,-2.2,24,5.4,-,24,D
3925,20220816:0900,11.9,24,0.6,24,0.4,24,6.3,-,24,D
3925,20220817:0900,13.7,24,8.2,24,8.8,24,11,-,24,D
3925,20220818:0900,15.9,24,11.7,24,12.3,24,13.8,-,24,D
3925,20220819:0900,16.4,24,12.2,24,11.3,24,14.3,-,24,D
3925,20220820:0900,16.4,24,12.3,24,13.8,24,14.4,-,24,D
3925,20220821:0900,14.9,24,7.8,24,6.8,24,11.4,-,24,D
3925,20220822:0900,13,24,4,24,0.9,24,8.5,-,24,D
3925,20220823:0900,14.2,24,3,24,0.5,24,8.6,-,24,D
3925,20220824:0900,13.6,24,5.1,24,4.3,24,9.4,-,24,D
3925,20220825:0900,13.5,24,7.4,24,7.7,24,10.5,-,24,D
3925,20220826:0900,15.7,24,6.8,24,5.4,24,11.3,-,24,D
3925,20220827:0900,17.8,24,-0.2,24,-2.9,24,8.8,-,24,D
3925,20220828:0900,17.8,24,3.2,24,2.3,24,10.5,-,24,D
3925,20220829:0900,16.8,24,4.1,24,0.6,24,10.5,-,24,D
3925,20220830:0900,16.6,24,5.9,24,1.9,24,11.3,-,24,D
3925,20220831:0900,14.1,24,4.2,24,1.7,24,9.2,-,24,D
3925,20220901:0900,14.8,24,6.1,24,7.6,24,10.5,-,24,D
3925,20220902:0900,14.4,24,8.8,24,7.9,24,11.6,-,24,D
3925,20220903:0900,14,24,10.6,24,10.3,24,12.3,-,24,D
3925,20220904:0900,15.5,24,4.4,24,0.6,24,10,-,24,D
3925,20220905:0900,12.1,24,5.5,24,4.5,24,8.8,-,24,D
3925,20220906:0900,11.3,24,-1.4,24,-5.3,24,5,-,24,D
3925,20220907:0900,11.6,24,2.1,24,-0.2,24,6.9,-,24,D
3925,20220908:0900,13,24,2.9,24,1.3,24,8,-,24,D
3925,20220909:0900,16.2,24,1.7,24,-0.8,24,9,-,24,D
3925,20220910:0900,16.8,24,0.1,24,-2.4,24,8.5,-,24,D
3925,20220911:0900,18.3,24,0.9,24,-1.1,24,9.6,-,24,D
3925,20220912:0900,18.1,24,5.8,24,3.5,24,12,-,24,D
3925,20220913:0900,13.5,24,6.7,24,4.7,24,10.1,-,24,D
3925,20220914:0900,12.4,24,0.7,24,-2.9,24,6.6,-,24,D
3925,20220915:0900,12.5,24,-2.8,24,-5.3,24,4.9,-,24,D
3925,20220916:0900,14,24,0.4,24,1.6,24,7.2,-,24,D
3925,20220917:0900,15.2,24,4.5,24,1.1,24,9.9,-,24,D
3925,20220918:0900,13.9,24,3.8,24,0.5,24,8.9,-,24,D
3925,20220919:0900,16.7,24,8.6,24,7.8,24,12.7,-,24,D
3925,20220920:0900,17.6,24,6.3,24,3.7,24,12,-,24,D
3925,20220921:0900,11.9,24,8.3,24,7.1,24,10.1,-,24,D
3925,20220922:0900,13,24,3.2,24,0.7,24,8.1,-,24,D
3925,20220923:0900,19.7,24,1.9,24,-0.9,24,10.8,-,24,D
3925,20220924:0900,20.7,24,4.6,24,1.2,24,12.7,-,24,D
3925,20220925:0800,20,24,7.4,24,3.4,24,13.7,-,24,D
3925,20220926:0800,20.4,24,7.1,24,4.8,24,13.8,-,24,D
3925,20220927:0800,20.8,24,8.9,24,9.5,24,14.9,-,24,D
3925,20220928:0800,17.3,24,10,24,9.8,24,13.7,-,24,D
3925,20220929:0800,14.2,24,10.9,24,11.8,24,12.6,-,24,D
3925,20220930:0800,18.7,24,9.2,24,9.5,24,14,-,24,D
3925,20221001:0800,14.8,24,4.5,24,1.7,24,9.7,-,24,D
3925,20221002:0800,17.7,24,6.3,24,6.8,24,12,-,24,D
3925,20221003:0800,18.2,24,9.8,24,9.9,24,14,-,24,D
3925,20221004:0800,19,24,3.1,24,-0.9,24,11.1,-,24,D
3925,20221005:0800,16.9,24,5.6,24,3.3,24,11.3,-,24,D
3925,20221006:0800,10.1,24,-1,24,-3.9,24,4.6,-,24,D
3925,20221007:0800,10.8,24,-2.9,24,-5.6,24,4,-,24,D
3925,20221008:0800,18.2,24,0.9,24,-1.6,24,9.6,-,24,D
3925,20221009:0800,17.4,24,5.1,24,0.3,24,11.3,-,24,D
3925,20221010:0800,15.5,24,8.6,24,8.4,24,12.1,-,24,D
3925,20221011:0800,15.3,24,8,24,4.1,24,11.7,-,24,D
3925,20221012:0800,17.1,24,6.3,24,3.2,24,11.7,-,24,D
3925,20221013:0800,17.3,24,6.5,24,2.6,24,11.9,-,24,D
3925,20221014:0800,19.7,24,0.9,24,-2.7,24,10.3,-,24,D
3925,20221015:0800,20.6,24,4.8,24,0.7,24,12.7,-,24,D
3925,20221016:0800,17.9,24,7.3,24,2.8,24,12.6,-,24,D
3925,20221017:0800,19.1,24,8.8,24,6.3,24,14,-,24,D
3925,20221018:0800,18.8,24,5.1,24,2.1,24,12,-,24,D
3925,20221019:0800,15.4,24,5.7,24,2.5,24,10.6,-,24,D
3925,20221020:0800,14.4,24,6.6,24,5.7,24,10.5,-,24,D
3925,20221021:0800,17,24,6.9,24,5,24,12,-,24,D
3925,20221022:0800,19,24,7.5,24,7.3,24,13.3,-,24,D
3925,20221023:0800,18.1,24,6.3,24,3.3,24,12.2,-,24,D
3925,20221024:0800,19.8,24,8.1,24,5.4,24,14,-,24,D
3925,20221025:0800,18.5,24,7.4,24,7.4,24,13,-,24,D
3925,20221026:0800,12.9,24,8.1,24,8.7,24,10.5,-,24,D
3925,20221027:0800,16.5,24,7.3,24,5,24,11.9,-,24,D
3925,20221028:0800,17.1,24,11,24,11,24,14.1,-,24,D
3925,20221029:0800,16.6,24,14.4,24,14.5,24,15.5,-,24,D
3925,20221030:0800,17.4,24,10.3,24,5.9,24,13.9,-,24,D
3925,20221031:0800,19.3,24,9.8,24,6.4,24,14.6,-,24,D
3925,20221101:0800,20.7,24,10.2,24,7.5,24,15.5,-,24,D
3925,20221102:0800,20.1,24,11.4,24,9.7,24,15.8,-,24,D
3925,20221103:0800,17,24,12.3,24,11.9,24,14.7,-,24,D
3925,20221104:0800,18,24,6.6,24,3.4,24,12.3,-,24,D
3925,20221105:0800,18.3,24,9.4,24,8.2,24,13.9,-,24,D
3925,20221106:0800,18.1,24,5,24,1.6,24,11.6,-,24,D
3925,20221107:0800,21.6,24,7.8,24,3.2,24,14.7,-,24,D
3925,20221108:0800,20.9,24,6,24,3.2,24,13.5,-,24,D
3925,20221109:0800,24.8,24,8.6,24,4.3,24,16.7,-,24,D
3925,20221110:0800,23.9,24,9.6,24,5.7,24,16.8,-,24,D
3925,20221111:0800,25,24,6.1,24,2.7,24,15.6,-,24,D
3925,20221112:0800,24.1,24,10.9,24,8.2,24,17.5,-,24,D
3925,20221113:0800,22.8,24,12.4,24,13.3,24,17.6,-,24,D
3925,20221114:0800,22,24,8.4,24,4.8,24,15.2,-,24,D
3925,20221115:0800,25.2,24,9.2,24,5.9,24,17.2,-,24,D
3925,20221116:0800,26.5,24,9.2,24,5.5,24,17.9,-,24,D
3925,20221117:0800,24.1,24,12.2,24,11,24,18.2,-,24,D
3925,20221118:0800,22.2,24,12.8,24,12,24,17.5,-,24,D
3925,20221119:0800,24.6,24,14,24,14.1,24,19.3,-,24,D
3925,20221120:0800,19.4,24,10.7,24,8.8,24,15.1,-,24,D
3925,20221121:0800,22.6,24,13.1,24,12.3,24,17.9,-,24,D
3925,20221122:0800,17.2,24,8.6,24,3.9,24,12.9,-,24,D
3925,20221123:0800,17.5,24,8.8,24,6.8,24,13.2,-,24,D
3925,20221124:0800,17.2,24,8.4,24,7.1,24,12.8,-,24,D
3925,20221125:0800,12.4,24,6.8,24,4.4,24,9.6,-,24,D
3925,20221126:0800,15.5,24,7.7,24,5.5,24,11.6,-,24,D
3925,20221127:0800,15.7,24,10.3,24,10.4,24,13,-,24,D
3925,20221128:0800,14.6,24,4.9,24,0.8,24,9.8,-,24,D
3925,20221129:0800,18.2,24,8.2,24,6.4,24,13.2,-,24,D
3925,20221130:0800,19.6,24,11.2,24,11.5,24,15.4,-,24,D
3925,20221201:0800,17.8,24,9.5,24,6.8,24,13.7,-,24,D
3925,20221202:0800,19.3,24,9.6,24,8.8,24,14.5,-,24,D
3925,20221203:0800,18.4,24,5.3,24,2.7,24,11.9,-,24,D
3925,20221204:0800,21.2,24,8.3,24,5.1,24,14.8,-,24,D
3925,20221205:0800,20.5,24,11.6,24,11,24,16.1,-,24,D
3925,20221206:0800,21,24,10.5,24,9.2,24,15.8,-,24,D
3925,20221207:0800,21.9,24,12,24,9.4,24,17,-,24,D
3925,20221208:0800,25.2,24,11.4,24,8.4,24,18.3,-,24,D
3925,20221209:0800,24.4,24,12.2,24,12.3,24,18.3,-,24,D
3925,20221210:0800,17,24,13,24,11.2,24,15,-,24,D
3925,20221211:0800,22.1,24,9.4,24,6.6,24,15.8,-,24,D
3925,20221212:0800,17.4,24,11,24,8.1,24,14.2,-,24,D
3925,20221213:0800,23,24,9.8,24,7.2,24,16.4,-,24,D
3925,20221214:0800,26.7,24,12.3,24,9.9,24,19.5,-,24,D
3925,20221215:0800,27.4,24,15.3,24,15.3,24,21.4,-,24,D
3925,20221216:0800,24.5,24,16.5,24,16.9,24,20.5,-,24,D
3925,20221217:0800,23.3,24,13.5,24,11.8,24,18.4,-,24,D
3925,20221218:0800,25,24,14.4,24,12.9,24,19.7,-,24,D
3925,20221219:0800,24.6,24,12.2,24,12,24,18.4,-,24,D
3925,20221220:0800,20.9,24,10.3,24,8.9,24,15.6,-,24,D
3925,20221221:0800,19.8,24,11.2,24,9.4,24,15.5,-,24,D
3925,20221222:0800,23.4,24,8.5,24,5.3,24,16,-,24,D
3925,20221223:0800,21.6,24,12.2,24,11.1,24,16.9,-,24,D
3925,20221224:0800,24.1,24,10.8,24,8.4,24,17.5,-,24,D
3925,20221225:0800,25.3,24,9.8,24,6.8,24,17.6,-,24,D
3925,20221226:0800,24.9,24,11,24,8.8,24,18,-,24,D
3925,20221227:0800,29.1,24,10.9,24,8.2,24,20,-,24,D
3925,20221228:0800,29.2,24,14.8,24,14.1,24,22,-,24,D
3925,20221229:0800,28.1,24,11.8,24,10.3,24,20,-,24,D
3925,20221230:0800,27.9,24,12,24,10.4,24,20,-,24,D
3925,20221231:0800,23.9,24,10,24,6.5,24,17,-,24,D
3925,20230101:0800,27.1,24,13.5,24,10.8,24,20.3,-,24,D
3925,20230102:0800,28,24,15.7,24,12.1,24,21.9,-,24,D
3925,20230103:0800,27.9,24,13.7,24,11,24,20.8,-,24,D
3925,20230104:0800,26.7,24,14.8,24,13.3,24,20.8,-,24,D
3925,20230105:0800,26.2,24,15.9,24,15.6,24,21.1,-,24,D
3925,20230106:0800,22.5,24,16.9,24,17,24,19.7,-,24,D
3925,20230107:0800,23.8,24,16.1,24,14.6,24,20,-,24,D
3925,20230108:0800,24.9,24,14.2,24,13.2,24,19.6,-,24,D
3925,20230109:0800,29.6,24,9.3,24,6.6,24,19.5,-,24,D
3925,20230110:0800,31.5,24,12.1,24,9.1,24,21.8,-,24,D
3925,20230111:0800,28.7,24,15.3,24,13.4,24,22,-,24,D
3925,20230112:0800,25,24,11.9,24,9.1,24,18.5,-,24,D
3925,20230113:0800,28.4,24,14.2,24,11,24,21.3,-,24,D
3925,20230114:0800,21.2,24,15.5,24,14.8,24,18.4,-,24,D
3925,20230115:0800,28.1,24,15.4,24,14.2,24,21.8,-,24,D
3925,20230116:0800,27.1,24,14.2,24,11.9,24,20.7,-,24,D
3925,20230117:0800,27.8,24,12.5,24,9.1,24,20.2,-,24,D
3925,20230118:0800,27.4,24,15.4,24,14.5,24,21.4,-,24,D
3925,20230119:0800,28.7,24,13.5,24,10.3,24,21.1,-,24,D
3925,20230120:0800,29.2,24,11.6,24,9,24,20.4,-,24,D
3925,20230121:0800,24.2,24,11,24,8,24,17.6,-,24,D
3925,20230122:0800,27,24,13.6,24,10.4,24,20.3,-,24,D
3925,20230123:0800,21.8,24,8,24,5.8,24,14.9,-,24,D
3925,20230124:0800,25.8,24,10.2,24,6.2,24,18,-,24,D
3925,20230125:0800,26.8,24,10.6,24,7,24,18.7,-,24,D
3925,20230126:0800,27.5,24,14.7,24,11,24,21.1,-,24,D
3925,20230127:0800,20.3,24,13.2,24,9.3,24,16.8,-,24,D
3925,20230128:0800,27,24,13.9,24,12,24,20.5,-,24,D
3925,20230129:0800,27.7,24,15.3,24,13.1,24,21.5,-,24,D
3925,20230130:0800,27.2,24,17.5,24,16.7,24,22.4,-,24,D
3925,20230131:0800,27.6,24,16.1,24,15.3,24,21.9,-,24,D
3925,20230201:0800,25.4,24,16.2,24,15.5,24,20.8,-,24,D
3925,20230202:0800,24.8,24,17.3,24,16.8,24,21.1,-,24,D
3925,20230203:0800,23.4,24,17.9,24,17.7,24,20.7,-,24,D
3925,20230204:0800,26.9,24,18,24,16.5,24,22.5,-,24,D
3925,20230205:0800,28.9,24,16.6,24,16.7,24,22.8,-,24,D
3925,20230206:0800,22.2,24,13.9,24,10.6,24,18.1,-,24,D
3925,20230207:0800,22.7,24,13.5,24,11.1,24,18.1,-,24,D
3925,20230208:0800,23.1,24,12.8,24,12.2,24,18,-,24,D
3925,20230209:0800,20.5,24,9,24,5.2,24,14.8,-,24,D
3925,20230210:0800,20.3,24,8.8,24,5.6,24,14.6,-,24,D
3925,20230211:0800,23.1,24,7.4,24,4.1,24,15.3,-,24,D
3925,20230212:0800,26.4,24,11.8,24,10.1,24,19.1,-,24,D
3925,20230213:0800,27.8,24,10.2,24,8.2,24,19,-,24,D
3925,20230214:0800,27.8,24,13.8,24,10.2,24,20.8,-,24,D
3925,20230215:0800,23.5,24,11.7,24,8.8,24,17.6,-,24,D
3925,20230216:0800,25.9,24,14.1,24,13.4,24,20,-,24,D
3925,20230217:0800,24.2,24,7.6,24,5,24,15.9,-,24,D
3925,20230218:0800,28.2,24,11.5,24,8.3,24,19.9,-,24,D
3925,20230219:0800,24.4,24,10.1,24,6.7,24,17.3,-,24,D
3925,20230220:0800,25.2,24,10.9,24,8.3,24,18.1,-,24,D
3925,20230221:0800,28.3,24,13.9,24,13.2,24,21.1,-,24,D
3925,20230222:0800,28.3,24,16.8,24,16.2,24,22.6,-,24,D
3925,20230223:0800,22.9,24,9.6,24,9.2,24,16.3,-,24,D
3925,20230224:0800,19.8,24,4.9,24,0.5,24,12.4,-,24,D
3925,20230225:0800,21.9,24,5,24,2.3,24,13.5,-,24,D
3925,20230226:0800,23.6,24,9.2,24,9.5,24,16.4,-,24,D
3925,20230227:0800,24.5,24,12,24,10.7,24,18.3,-,24,D
3925,20230228:0800,23.7,24,10.1,24,8.9,24,16.9,-,24,D
3925,20230301:0800,27.4,24,10.9,24,8.4,24,19.2,-,24,D
3925,20230302:0800,25.2,24,13.3,24,11.2,24,19.3,-,24,D
3925,20230303:0800,26.2,24,12.2,24,11,24,19.2,-,24,D
3925,20230304:0800,23,24,14.4,24,12.8,24,18.7,-,24,D
3925,20230305:0800,23.2,24,10.1,24,6.4,24,16.7,-,24,D
3925,20230306:0800,17.7,24,3.8,24,0.3,24,10.8,-,24,D
3925,20230307:0800,22.4,24,5.1,24,2.1,24,13.8,-,24,D
3925,20230308:0800,21.2,24,8.5,24,10.1,24,14.9,-,24,D
3925,20230309:0800,19.8,24,14.6,24,13.6,24,17.2,-,24,D
3925,20230310:0800,19.7,24,14,24,12.8,24,16.9,-,24,D
3925,20230311:0800,22.2,24,9.7,24,7.1,24,16,-,24,D
3925,20230312:0800,22.2,24,10.4,24,8.1,24,16.3,-,24,D
3925,20230313:0800,22.7,24,11.7,24,13.2,24,17.2,-,24,D
3925,20230314:0800,18.6,24,6.2,24,3.4,24,12.4,-,24,D
3925,20230315:0800,21.6,24,7,24,4.3,24,14.3,-,24,D
3925,20230316:0800,23.4,24,8.9,24,8.5,24,16.2,-,24,D
3925,20230317:0800,21,24,13.2,24,14.1,24,17.1,-,24,D
3925,20230318:0800,20.7,24,9.1,24,6.2,24,14.9,-,24,D
3925,20230319:0800,20.4,24,9.4,24,7.6,24,14.9,-,24,D
3925,20230320:0800,22.3,24,10.9,24,9.5,24,16.6,-,24,D
3925,20230321:0800,-,-,10.3,24,-,-,-,-,-,D
3925,20230322:0800,14.6,24,4.5,24,1.7,24,9.6,-,24,D
3925,20230323:0800,19,24,2.3,24,-0.1,24,10.7,-,24,D
3925,20230324:0800,21.6,24,3.2,24,3.9,24,12.4,-,24,D
3925,20230325:0800,17.1,24,8.4,24,9.6,24,12.8,-,24,D
3925,20230326:0800,18.4,24,11.2,24,12.1,24,14.8,-,24,D
3925,20230327:0800,19.4,24,9.6,24,6.9,24,14.5,-,24,D
3925,20230328:0800,18.6,24,10.9,24,9,24,14.8,-,24,D
3925,20230329:0800,15.3,24,1.5,24,-1.5,24,8.4,-,24,D
3925,20230330:0800,13.9,24,1.1,24,-1.9,24,7.5,-,24,D
3925,20230331:0800,20.4,24,3.1,24,1,24,11.8,-,24,D
3925,20230401:0800,19.6,24,4.9,24,6.6,24,12.3,-,24,D
3925,20230402:0900,20.6,24,11.9,24,10.7,24,16.3,-,24,D
3925,20230403:0900,20.9,24,8.4,24,5.5,24,14.7,-,24,D
3925,20230404:0900,19.3,24,2.9,24,0.4,24,11.1,-,24,D
3925,20230405:0900,20.5,24,5.7,24,4.6,24,13.1,-,24,D
3925,20230406:0900,17.5,24,10.3,24,10.9,24,-,-,-,D
3925,20230407:0900,17,24,2.5,24,-0.7,24,9.8,-,24,D
3925,20230408:0900,20.3,24,2.5,24,-0.5,24,11.4,-,24,D
3925,20230409:0900,18.6,24,2.5,24,0.5,24,10.6,-,24,D
3925,20230410:0900,16.7,24,8.7,24,9.2,24,12.7,-,24,D
3925,20230411:0900,18.3,24,11.5,24,11,24,14.9,-,24,D
3925,20230412:0900,15.7,24,10.5,24,8.6,24,13.1,-,24,D
3925,20230413:0900,15.7,24,10.7,24,9.8,24,13.2,-,24,D
3925,20230414:0900,13.3,24,7.1,24,5.2,24,10.2,-,24,D
3925,20230415:0900,21.2,24,4,24,0.8,24,12.6,-,24,D
3925,20230416:0900,20.6,24,4.8,24,1.4,24,12.7,-,24,D
3925,20230417:0900,19.7,24,3.3,24,0.3,24,11.5,-,24,D
3925,20230418:0900,21.1,24,8.6,24,8.9,24,14.9,-,24,D
3925,20230419:0900,17.1,24,11.7,24,12.2,24,14.4,-,24,D
3925,20230420:0900,20.6,24,10.5,24,8.2,24,15.6,-,24,D
3925,20230421:0900,18.7,24,11.5,24,13.4,24,-,-,-,D
3925,20230422:0900,17.5,24,12.6,24,10.3,24,15.1,-,24,D
3925,20230423:0900,20.7,24,9.1,24,8.2,24,14.9,-,24,D
3925,20230424:0900,19.2,24,7.2,24,4.4,24,13.2,-,24,D
3925,20230425:0900,15.4,24,2.1,24,-0.6,24,8.8,-,24,D
3925,20230426:0900,12,24,5.8,24,7.1,24,-,-,-,D
3925,20230427:0900,14.8,24,4.4,24,1.9,24,9.6,-,24,D
3925,20230428:0900,17.1,24,4.6,24,2.4,24,10.9,-,24,D
3925,20230429:0900,17.4,24,4.6,24,1.8,24,11,-,24,D
3925,20230430:0900,16.7,24,5.8,24,5.3,24,11.3,-,24,D
3925,20230501:0900,14.8,24,7.4,24,7.4,24,11.1,-,24,D
3925,20230502:0900,21.6,24,10.3,24,11.1,24,-,-,-,D
3925,20230503:0900,18.3,24,14.5,24,14.4,24,16.4,-,24,D
3925,20230504:0900,19.2,24,12.6,24,11.3,24,15.9,-,24,D
3925,20230505:0900,20.7,24,10.4,24,8.6,24,15.6,-,24,D
3925,20230506:0900,17.8,24,11.6,24,10.6,24,14.7,-,24,D
3925,20230507:0900,20.5,24,12.7,24,13.1,24,16.6,-,24,D
3925,20230508:0900,17.9,24,13.8,24,13.7,24,15.9,-,24,D
3925,20230509:0900,19.7,24,14.5,24,14.8,24,17.1,-,24,D
3925,20230510:0900,16.8,24,9.8,24,9.7,24,13.3,-,24,D
3925,20230511:0900,11.2,24,2.6,24,-0.1,24,6.9,-,24,D
3925,20230512:0900,12.5,24,0.9,24,-1.7,24,6.7,-,24,D
3925,20230513:0900,15,24,1.2,24,-1.8,24,8.1,-,24,D
3925,20230514:0900,11.4,24,3.4,24,5.1,24,-,-,-,D
3925,20230515:0900,11.7,24,6.5,24,5.3,24,9.1,-,24,D
3925,20230516:0900,14.5,24,3.1,24,1.1,24,8.8,-,24,D
3925,20230517:0900,10.5,24,3.1,24,4.4,24,-,-,-,D
3925,20230518:0900,11.5,24,7.8,24,7.7,24,9.7,-,24,D
3925,20230519:0900,15.8,24,8.3,24,7.1,24,12.1,-,24,D
3925,20230520:0900,15.8,24,9.3,24,5.9,24,12.6,-,24,D
3925,20230521:0900,17.3,24,8.6,24,6.8,24,13,-,24,D
3925,20230522:0900,13.8,24,5.7,24,1.7,24,9.8,-,24,D
3925,20230523:0900,15.2,24,3.1,24,-0.1,24,9.2,-,24,D
3925,20230524:0900,14.4,24,4,24,3.6,24,9.2,-,24,D
3925,20230525:0900,14.9,24,2.9,24,1,24,8.9,-,24,D
3925,20230526:0900,10.2,24,4.4,24,4.9,24,7.3,-,24,D
3925,20230527:0900,14.8,24,7.4,24,8.1,24,-,-,-,D
3925,20230528:0900,16.6,24,8.3,24,5.2,24,12.5,-,24,D
3925,20230529:0900,17.1,24,7.1,24,3.4,24,12.1,-,24,D
3925,20230530:0900,15.1,24,7.2,24,3.3,24,11.2,-,24,D
3925,20230531:0900,13.2,24,5.4,24,1.3,24,9.3,-,24,D
3925,20230601:0900,12.9,24,6.3,24,5.4,24,9.6,-,24,D
3925,20230602:0900,14.4,24,8.1,24,5.4,24,11.3,-,24,D
3925,20230603:0900,13.4,24,5.5,24,3.6,24,9.5,-,24,D
3925,20230604:0900,13,24,3.5,24,1,24,8.3,-,24,D
3925,20230605:0900,11.2,24,3.3,24,-0.2,24,7.3,-,24,D
3925,20230606:0900,13,24,-1,24,-3.9,24,6,-,24,D
3925,20230607:0900,12.2,24,-2.3,24,-4.3,24,5,-,24,D
3925,20230608:0900,11.2,24,-1.9,24,-4,24,4.7,-,24,D
3925,20230609:0900,8.9,24,-3.5,24,-4.5,24,2.7,-,24,D
3925,20230610:0900,9.2,24,-4,24,-5.3,24,2.6,-,24,D
3925,20230611:0900,10.1,24,-3.3,24,-4.2,24,3.4,-,24,D
3925,20230612:0900,8.4,24,-0.9,24,-0.8,24,3.8,-,24,D
3925,20230613:0900,13.2,24,1,24,-2.3,24,7.1,-,24,D
3925,20230614:0900,9.6,24,-0.2,24,-3.1,24,4.7,-,24,D
3925,20230615:0900,9.6,24,-0.2,24,-2.6,24,4.7,-,24,D
3925,20230616:0900,7.2,24,-2.1,24,-3.2,24,2.6,-,24,D
3925,20230617:0900,6.4,24,-4.1,24,-5.3,24,1.2,-,24,D
3925,20230618:0900,11.3,24,-3.6,24,-3.6,24,3.9,-,24,D
3925,20230619:0900,11.8,24,2.2,24,0.5,24,7,-,24,D
3925,20230620:0900,12.4,24,3.3,24,1.1,24,7.9,-,24,D
3925,20230621:0900,15.7,24,2,24,-0.7,24,8.9,-,24,D
3925,20230622:0900,17,24,1.5,24,-0.4,24,9.3,-,24,D
3925,20230623:0900,10.9,24,2.4,24,0.4,24,6.7,-,24,D
3925,20230624:0900,14.6,24,3.4,24,2.3,24,9,-,24,D
3925,20230625:0900,13.5,24,5.9,24,4.8,24,9.7,-,24,D
3925,20230626:0900,14.4,24,6.3,24,5.4,24,10.4,-,24,D
3925,20230627:0900,10.8,24,5.4,24,3.9,24,8.1,-,24,D
3925,20230628:0900,13.3,24,6.1,24,5.8,24,9.7,-,24,D
3925,20230629:0900,13.6,24,6.4,24,5.6,24,10,-,24,D
3925,20230630:0900,13.1,24,4.2,24,2.8,24,8.7,-,24,D
3925,20230701:0900,8.2,24,0.2,24,-1,24,4.2,-,24,D
3925,20230702:0900,7,24,0.7,24,0.4,24,3.9,-,24,D
3925,20230703:0900,4.8,24,1.2,24,-0.4,24,3,-,24,D
3925,20230704:0900,8.8,24,2.9,24,0.2,24,5.9,-,24,D
3925,20230705:0900,9.7,24,5.4,24,5,24,7.6,-,24,D
3925,20230706:0900,11.1,24,4.9,24,4.4,24,8,-,24,D
3925,20230707:0900,11.7,24,-1.2,24,-3.5,24,5.3,-,24,D
3925,20230708:0900,7.4,24,-0.3,24,0.1,24,3.6,-,24,D
3925,20230709:0900,12.3,24,6.3,24,4.5,24,9.3,-,24,D
3925,20230710:0900,10.7,24,6.4,24,6.2,24,8.6,-,24,D
3925,20230711:0900,11.5,24,5.9,24,2.9,24,8.7,-,24,D
3925,20230712:0900,11.4,24,5.1,24,2.3,24,8.3,-,24,D
3925,20230713:0900,11.1,24,4.6,24,3,24,7.9,-,24,D
3925,20230714:0900,8.7,24,4.8,24,5.4,24,-,-,-,D
3925,20230715:0900,12.3,24,8,24,8.4,24,10.2,-,24,D
3925,20230716:0900,14.3,24,4.4,24,2.5,24,9.4,-,24,D
3925,20230717:0900,10.1,24,2.7,24,-0.8,24,6.4,-,24,D
3925,20230718:0900,11,24,4.9,24,5.4,24,8,-,24,D
3925,20230719:0900,14.2,24,7,24,5.2,24,10.6,-,24,D
3925,20230720:0900,12.6,24,5.3,24,2.2,24,9,-,24,D
3925,20230721:0900,15.2,24,0.5,24,-3.8,24,7.9,-,24,D
3925,20230722:0900,13.2,24,-3.3,24,-7.1,24,5,-,24,D
3925,20230723:0900,11.8,24,-0.5,24,-3.8,24,5.7,-,24,D
3925,20230724:0900,7.1,24,0.8,24,0.3,24,4,-,24,D
3925,20230725:0900,15.1,24,-1,24,-3.5,24,7.1,-,24,D
3925,20230726:0900,11.3,24,-0.4,24,-3.2,24,5.5,-,24,D
3925,20230727:0900,12.3,24,0.8,24,-2,24,6.6,-,24,D
3925,20230728:0900,11.2,24,-1.8,24,-3.7,24,4.7,-,24,D
3925,20230729:0900,12.1,24,-1.5,24,-4.2,24,5.3,-,24,D
3925,20230730:0900,12.3,24,-0.5,24,-3.4,24,5.9,-,24,D
3925,20230731:0900,12.5,24,-0.4,24,-2.2,24,6.1,-,24,D
3925,20230801:0900,11.7,24,2.9,24,2.4,24,7.3,-,24,D
3925,20230802:0900,14.4,24,3.1,24,0.4,24,8.8,-,24,D
3925,20230803:0900,8.8,24,-3.4,24,-4.7,24,2.7,-,24,D
3925,20230804:0900,10.1,24,-2.5,24,-5,24,3.8,-,24,D
3925,20230805:0900,11,24,0.7,24,0,24,5.9,-,24,D
3925,20230806:0900,11,24,5.2,24,5.1,24,8.1,-,24,D
3925,20230807:0900,13.7,24,6.6,24,4.9,24,10.2,-,24,D
3925,20230808:0900,13.7,24,-1.1,24,-3.3,24,6.3,-,24,D
3925,20230809:0900,8.9,24,0.6,24,-1.8,24,4.8,-,24,D
3925,20230810:0900,11.5,24,1.4,24,1.1,24,6.5,-,24,D
3925,20230811:0900,10.2,24,-3.7,24,-5.5,24,3.3,-,24,D
3925,20230812:0900,11.4,24,-2.8,24,-3.7,24,4.3,-,24,D
3925,20230814:0900,14.3,24,5.6,24,3,24,10,-,24,D
3925,20230815:0900,12.3,24,2.1,24,-1.2,24,7.2,-,24,D
3925,20230816:0900,10.1,24,3.9,24,3.4,24,7,-,24,D
3925,20230817:0900,12.4,24,-1.1,24,-2.1,24,5.7,-,24,D
3925,20230818:0900,13,24,-0.4,24,-1.5,24,6.3,-,24,D
3925,20230819:0900,13.1,24,0.9,24,-1.6,24,7,-,24,D
3925,20230821:0900,13,24,6.1,24,4.6,24,9.6,-,24,D
3925,20230822:0900,15.7,24,-2,24,-4.5,24,6.9,-,24,D
3925,20230824:0900,13.7,24,4.6,24,0.2,24,9.2,-,24,D
3925,20230825:0900,13.7,24,2.3,24,-0.8,24,8,-,24,D
3925,20230826:0900,15.7,24,4.4,24,1.7,24,10.1,-,24,D
3925,20230827:0900,14.7,24,6,24,2.7,24,10.4,-,24,D
