Date(NZST),Dir(DegT),Speed(m/s)
20090101,275,9.3
20090102,44,11.8
20090103,13,11.8
20090104,190,7.7
20090105,185,7.2
20090106,216,6.7
20090107,344,6.7
20090108,116,5.7
20090109,348,9.3
20090110,236,6.2
20090111,201,8.8
20090112,276,9.3
20090113,198,7.7
20090114,180,7.7
20090115,191,8.2
20090116,264,7.2
20090117,59,11.3
20090118,338,9.8
20090119,280,7.2
20090120,203,8.8
20090121,205,6.7
20090122,206,7.7
20090123,179,8.8
20090124,266,6.7
20090125,250,9.3
20090126,258,7.2
20090127,205,9.8
20090128,266,6.2
20090129,202,7.2
20090130,192,5.1
20090131,270,7.2
20090201,196,7.7
20090202,331,7.7
20090203,243,5.1
20090204,269,4.1
20090205,28,5.7
20090206,338,8.2
20090207,186,9.3
20090208,154,7.7
20090209,166,7.7
20090210,183,9.3
20090211,198,6.7
20090212,186,6.2
20090213,144,5.7
20090214,222,7.2
20090215,185,7.2
20090216,243,6.7
20090217,210,7.2
20090218,1,9.3
20090219,352,7.2
20090220,48,10.3
20090221,10,9.8
20090222,323,6.7
20090223,342,8.2
20090224,37,5.1
20090225,292,4.6
20090226,341,4.1
20090227,128,4.6
20090228,23,6.7
20090301,44,18.5
20090302,160,6.7
20090303,14,6.2
20090304,310,7.2
20090305,73,4.1
20090306,32,11.3
20090307,6,7.2
20090308,200,5.1
20090309,178,6.7
20090310,178,6.7
20090311,190,7.7
20090312,217,8.8
20090313,61,6.2
20090314,183,6.2
20090315,247,5.7
20090316,227,5.1
20090317,331,4.1
20090318,29,7.2
20090319,167,8.2
20090320,198,6.7
20090321,255,5.1
20090322,112,6.7
20090323,166,5.7
20090324,265,6.2
20090325,260,5.7
20090326,239,6.7
20090327,58,10.8
20090328,197,6.7
20090329,147,7.2
20090330,177,8.2
20090331,142,5.1
20090401,248,5.1
20090402,196,6.7
20090403,304,5.1
20090404,9,4.6
20090405,344,10.3
20090406,6,8.8
20090407,12,12.4
20090408,11,9.8
20090409,260,7.2
20090410,321,4.6
20090411,204,6.7
20090412,167,5.7
20090413,19,6.7
20090414,356,4.6
20090415,354,6.7
20090416,35,12.9
20090417,48,6.7
20090418,246,3.6
20090419,274,4.1
20090420,171,8.2
20090421,122,4.6
20090422,109,5.1
20090423,112,5.1
20090424,105,4.1
20090425,331,6.2
20090426,9,10.3
20090427,44,12.4
20090428,345,8.8
20090429,58,10.8
20090430,167,7.7
20090501,172,4.1
20090502,118,4.1
20090503,98,5.1
20090504,102,4.1
20090505,65,6.7
20090506,92,6.2
20090507,129,3.1
20090508,59,5.7
20090509,88,4.1
20090510,170,6.2
20090511,98,5.7
20090512,128,3.6
20090513,298,3.6
20090514,71,9.3
20090515,308,11.8
20090516,49,12.4
20090517,15,18
20090518,42,11.8
20090519,156,8.8
20090520,213,7.2
20090521,108,5.1
20090522,202,7.7
20090523,141,13.4
20090524,199,8.2
20090525,275,7.2
20090526,141,2.6
20090527,138,3.1
20090528,92,3.6
20090529,228,3.1
20090530,298,4.1
20090531,161,13.9
20090601,110,7.2
20090602,114,4.6
20090603,329,3.1
20090604,273,2.6
20090605,288,2.1
20090606,126,4.6
20090607,110,5.1
20090608,45,5.7
20090609,22,6.7
20090610,27,10.3
20090611,62,5.1
20090612,115,6.2
20090613,147,5.1
20090614,196,6.2
20090615,152,5.1
20090616,146,6.7
20090617,113,3.6
20090618,304,2.1
20090619,104,4.6
20090620,274,2.6
20090621,259,2.6
20090622,279,2.1
20090623,248,2.1
20090624,317,2.6
20090625,288,2.1
20090626,236,5.1
20090627,268,2.6
20090628,207,5.1
20090629,149,8.8
20090630,99,2.6
20090701,265,2.6
20090702,326,4.1
20090703,312,2.6
20090704,225,4.1
20090705,196,4.1
20090706,23,9.8
20090707,128,6.7
20090708,116,5.7
20090709,115,3.6
20090710,298,2.6
20090711,125,4.6
20090712,175,7.7
20090713,127,4.6
20090714,110,2.1
20090715,160,5.7
20090716,103,5.1
20090717,93,5.7
20090718,160,6.7
20090719,157,11.8
20090720,168,3.6
20090721,252,9.8
20090722,278,5.7
20090723,351,13.9
20090724,142,6.7
20090725,117,4.6
20090726,110,4.1
20090727,109,4.6
20090728,58,4.6
20090729,304,2.6
20090730,214,7.2
20090731,196,9.3
20090801,188,5.1
20090802,59,10.8
20090803,129,3.6
20090804,30,10.3
20090805,33,6.2
20090806,114,5.7
20090807,247,4.1
20090808,129,4.6
20090809,123,4.6
20090810,134,4.6
20090811,26,5.1
20090812,14,8.2
20090813,41,7.2
20090814,118,4.6
20090815,49,8.2
20090816,65,7.7
20090817,105,5.7
20090818,194,7.7
20090819,125,6.2
20090820,274,3.6
20090821,125,3.6
20090822,30,6.7
20090823,9,7.2
20090824,341,8.8
20090825,35,14.4
20090826,8,11.8
20090827,288,9.8
20090828,22,8.8
20090829,357,7.2
20090830,22,12.9
20090831,231,11.3
20090901,57,11.8
20090902,200,7.2
20090903,124,6.2
20090904,127,6.2
20090905,129,4.6
20090906,108,5.1
20090907,115,4.6
20090908,121,4.6
20090909,315,5.1
20090910,41,8.2
20090911,9,7.7
20090912,246,5.7
20090913,241,5.1
20090914,112,4.6
20090915,196,6.7
20090916,212,5.7
20090917,198,7.2
20090918,33,8.2
20090919,8,5.7
20090920,216,6.7
20090921,41,5.1
20090922,240,8.2
20090923,180,9.3
20090924,34,8.8
20090925,125,4.6
20090926,185,8.2
20090927,34,7.2
20090928,58,8.8
20090929,102,3.6
20090930,315,8.8
20091001,200,8.8
20091002,212,5.7
20091003,39,10.8
20091004,126,11.3
20091005,217,9.3
20091006,189,8.8
20091007,305,7.2
20091008,18,5.7
20091009,198,8.2
20091010,211,6.2
20091011,183,7.2
20091012,231,9.8
20091013,46,5.7
20091014,48,7.2
20091015,356,6.2
20091016,238,6.2
20091017,343,4.6
20091018,118,9.8
20091019,217,6.2
20091020,231,7.7
20091021,56,7.7
20091022,194,8.8
20091023,204,6.7
20091024,174,5.7
20091025,314,5.1
20091026,24,8.8
20091027,204,9.3
20091028,179,9.8
20091029,275,9.8
20091030,269,8.2
20091031,228,7.2
20091101,263,5.7
20091102,14,5.7
20091103,235,8.2
20091104,22,11.3
20091105,202,7.2
20091106,190,9.8
20091107,195,8.8
20091108,343,8.2
20091109,238,7.2
20091110,316,9.3
20091111,121,10.3
20091112,199,7.2
20091113,246,8.2
20091114,197,8.2
20091115,25,10.8
20091116,282,7.2
20091117,245,5.7
20091118,272,8.8
20091119,197,8.8
20091120,350,6.2
20091121,39,10.8
20091122,242,6.2
20091123,346,8.8
20091124,149,9.8
20091125,184,7.2
20091126,213,9.8
20091127,18,9.8
20091128,35,7.7
20091129,206,7.2
20091130,152,4.6
20091201,36,5.1
20091202,155,16.5
20091203,126,9.3
20091204,28,6.7
20091205,306,4.1
20091206,54,7.7
20091207,262,7.2
20091208,92,6.7
20091209,6,12.4
20091210,29,8.8
20091211,15,11.8
20091212,48,10.3
20091213,74,8.2
20091214,211,9.8
20091215,271,7.2
20091216,245,8.2
20091217,204,6.2
20091218,335,10.8
20091219,24,9.3
20091220,258,8.8
20091221,352,8.2
20091222,254,7.2
20091223,277,6.2
20091224,202,8.8
20091225,192,5.7
20091226,36,8.2
20091227,330,6.7
20091228,351,6.7
20091229,34,8.8
20091230,178,10.3
20091231,211,9.8
20100101,197,8.2
20100102,60,8.8
20100103,20,11.3
20100104,177,9.3
20100105,202,7.2
20100106,72,8.8
20100107,21,11.3
20100108,261,8.8
20100109,174,7.7
20100110,67,13.9
20100111,114,11.8
20100112,230,8.8
20100113,111,5.7
20100114,222,8.2
20100115,126,10.8
20100116,119,9.8
20100117,27,7.2
20100118,294,6.7
20100119,315,6.7
20100120,341,9.3
20100121,340,8.2
20100122,166,7.7
20100123,271,7.2
20100124,260,4.6
20100125,278,8.2
20100126,203,5.7
20100127,340,6.2
20100128,208,7.2
20100129,350,7.2
20100130,188,9.8
20100131,136,8.8
20100201,234,6.2
20100202,184,5.7
20100203,338,7.7
20100204,227,7.2
20100205,221,5.7
20100206,254,7.7
20100207,277,6.2
20100208,204,7.7
20100209,199,6.7
20100210,328,5.1
20100211,8,8.2
20100212,178,6.2
20100213,69,11.8
20100214,193,6.2
20100215,251,7.7
20100216,342,5.1
20100217,300,4.6
20100218,40,11.3
20100219,192,7.2
20100220,171,8.2
20100221,245,7.7
20100222,254,7.2
20100223,347,8.8
20100224,63,9.3
20100225,76,10.3
20100226,274,7.2
20100227,360,7.2
20100228,219,5.1
20100301,19,9.3
20100302,197,7.2
20100303,206,9.8
20100304,144,8.2
20100305,180,8.8
20100306,223,7.7
20100307,138,8.2
20100308,236,4.6
20100309,228,5.7
20100310,210,6.7
20100311,208,8.2
20100312,295,11.8
20100313,239,8.2
20100314,152,7.7
20100315,193,8.2
20100316,260,7.7
20100317,89,7.7
20100318,123,5.1
20100319,296,5.7
20100320,303,3.6
20100321,358,9.3
20100322,359,12.4
20100323,359,6.2
20100324,49,11.3
20100325,348,4.6
20100326,184,5.7
20100327,227,9.3
20100328,264,5.7
20100329,111,4.1
20100330,33,8.2
20100331,28,5.1
20100401,132,4.1
20100402,305,4.1
20100403,24,6.7
20100404,24,7.7
20100405,120,4.6
20100406,110,5.1
20100407,206,5.7
20100408,291,5.7
20100409,191,5.7
20100410,133,4.6
20100411,129,4.6
20100412,15,6.2
20100413,19,12.4
20100414,58,11.3
20100415,332,6.2
20100416,136,7.2
20100417,128,5.7
20100418,215,7.7
20100419,142,4.6
20100420,288,4.6
20100421,141,4.1
20100422,234,4.6
20100423,101,4.6
20100424,22,4.1
20100425,350,10.8
20100426,349,10.3
20100427,5,10.3
20100428,20,7.2
20100429,48,7.2
20100430,23,9.8
20100501,216,6.7
20100502,113,4.1
20100503,340,6.7
20100504,241,8.2
20100505,91,3.1
20100506,300,3.6
20100507,26,10.8
20100508,49,11.3
20100509,110,4.1
20100510,119,6.2
20100511,135,5.7
20100512,128,4.6
20100513,70,17.5
20100514,359,6.2
20100515,122,5.1
20100516,207,5.7
20100517,128,3.6
20100518,105,4.6
20100519,113,4.1
20100520,115,4.6
20100521,128,4.1
20100522,105,3.6
20100523,287,3.6
20100524,108,6.7
20100525,108,4.1
20100526,188,5.7
20100527,323,6.2
20100528,301,4.6
20100529,210,5.7
20100530,135,4.1
20100531,129,3.6
20100601,120,4.1
20100602,347,3.1
20100603,109,4.6
20100604,115,2.6
20100605,116,4.6
20100606,76,3.1
20100607,161,5.1
20100608,149,8.8
20100609,124,3.6
20100610,110,4.6
20100611,165,7.7
20100612,194,5.1
20100613,226,8.2
20100614,128,4.1
20100615,117,5.7
20100616,117,3.1
20100617,292,2.6
20100618,338,4.1
20100619,31,9.8
20100620,26,11.8
20100621,210,8.2
20100622,312,3.6
20100623,101,8.8
20100624,116,3.6
20100625,198,6.2
20100626,195,6.7
20100627,178,5.7
20100628,138,3.1
20100629,5,3.6
20100630,94,4.1
20100701,109,5.7
20100702,113,3.1
20100703,308,2.6
20100704,105,3.6
20100705,104,4.6
20100706,102,3.6
20100707,101,5.1
20100708,272,6.7
20100709,105,7.7
20100710,126,4.6
20100711,116,4.6
20100712,304,2.6
20100713,197,5.1
20100714,133,4.1
20100715,110,4.1
20100716,124,3.6
20100717,247,6.2
20100718,144,2.6
20100719,286,3.6
20100720,130,7.2
20100721,68,7.2
20100722,112,3.6
20100723,210,8.8
20100724,138,4.6
20100725,121,4.1
20100726,317,4.1
20100727,208,8.2
20100728,207,4.6
20100729,129,5.1
20100730,131,5.1
20100731,350,10.3
20100801,38,15.4
20100802,195,4.6
20100803,126,5.1
20100804,116,5.1
20100805,110,4.6
20100806,35,5.1
20100807,53,8.2
20100808,194,6.2
20100809,94,6.2
20100810,116,4.6
20100811,113,5.1
20100812,65,7.7
20100813,58,15.4
20100814,29,6.2
20100815,85,5.1
20100816,40,5.1
20100817,63,6.7
20100818,29,6.2
20100819,342,5.7
20100820,291,4.1
20100821,114,3.6
20100822,356,4.1
20100823,153,8.8
20100824,123,5.1
20100825,18,9.8
20100826,14,7.7
20100827,357,5.7
20100828,49,9.3
20100829,124,5.7
20100830,119,5.7
20100831,151,7.7
20100901,52,4.6
20100902,37,12.4
20100903,205,13.4
20100904,334,4.1
20100905,49,13.9
20100906,58,8.8
20100907,56,8.2
20100908,101,10.8
20100909,283,4.6
20100910,14,7.2
20100911,8,6.7
20100912,303,4.1
20100913,53,5.7
20100914,31,8.8
20100915,211,5.1
20100916,19,8.2
20100917,290,11.3
20100918,281,10.3
20100919,262,8.8
20100920,262,11.3
20100921,152,9.3
20100922,205,10.3
20100923,202,10.3
20100924,84,8.8
20100925,1,7.2
20100926,33,10.3
20100927,310,4.6
20100928,14,9.8
20100929,21,9.8
20100930,55,10.3
20101001,220,8.2
20101002,164,7.7
20101003,258,5.1
20101004,263,5.1
20101005,266,5.7
20101006,248,6.2
20101007,156,6.2
20101008,32,16
20101009,16,9.3
20101010,185,9.3
20101011,166,13.9
20101012,149,8.8
20101013,196,6.7
20101014,251,6.7
20101015,212,7.2
20101016,13,9.3
20101017,37,12.4
20101018,3,8.2
20101019,16,9.8
20101020,287,10.8
20101021,174,8.2
20101022,204,7.2
20101023,246,6.2
20101024,7,7.2
20101025,271,5.1
20101026,121,5.7
20101027,8,7.7
20101028,336,6.7
20101029,140,6.2
20101030,207,8.8
20101031,284,9.3
20101101,272,7.2
20101102,348,8.2
20101103,320,8.2
20101104,39,9.3
20101105,225,8.2
20101106,287,7.7
20101107,296,6.2
20101108,330,4.6
20101109,246,8.2
20101110,198,8.2
20101111,204,9.8
20101112,174,8.8
20101113,188,8.2
20101114,15,7.7
20101115,348,7.7
20101116,214,6.2
20101117,227,6.7
20101118,353,6.7
20101119,160,6.7
20101120,178,6.2
20101121,211,8.2
20101122,173,7.7
20101123,194,7.7
20101124,198,9.3
20101125,192,11.8
20101126,287,8.2
20101127,280,7.7
20101128,258,7.7
20101129,161,8.2
20101130,211,8.8
20101201,307,6.7
20101202,240,8.2
20101203,222,8.2
20101204,341,7.2
20101205,248,7.7
20101206,346,9.3
20101207,220,7.2
20101208,334,7.7
20101209,339,7.7
20101210,180,8.8
20101211,230,9.8
20101212,85,9.3
20101213,34,8.2
20101214,213,10.3
20101215,3,9.8
20101216,359,7.2
20101217,27,12.4
20101218,35,9.3
20101219,334,8.8
20101220,56,8.8
20101221,14,15.4
20101222,338,12.9
20101223,181,7.2
20101224,57,10.3
20101225,258,6.2
20101226,60,6.7
20101227,36,14.4
20101228,79,14.9
20101229,284,7.7
20101230,212,7.7
20101231,229,6.2
20110101,184,6.7
20110102,339,7.2
20110103,56,8.2
20110104,12,7.7
20110105,2,3.6
20110106,7,13.4
20110107,238,8.8
20110108,154,7.7
20110109,180,7.7
20110110,273,6.7
20110111,17,6.2
20110112,239,6.7
20110113,50,6.7
20110114,343,7.2
20110115,39,9.3
20110116,346,8.8
20110117,17,6.7
20110118,26,13.9
20110119,173,10.8
20110120,204,6.2
20110121,114,6.2
20110122,104,8.8
20110123,94,6.2
20110124,7,7.2
20110125,201,8.2
20110126,63,9.8
20110127,49,10.3
20110128,343,10.8
20110129,202,8.8
20110130,251,6.2
20110131,159,11.8
20110201,242,5.1
20110202,69,9.8
20110203,32,8.8
20110204,175,5.1
20110205,326,7.7
20110206,351,8.8
20110207,277,12.9
20110208,152,7.2
20110209,236,8.8
20110210,184,9.8
20110211,286,6.7
20110212,288,10.8
20110213,15,7.7
20110214,25,9.3
20110215,262,5.1
20110216,194,5.7
20110217,355,5.7
20110218,189,6.7
20110219,220,4.6
20110220,217,5.7
20110221,35,8.2
20110222,41,9.3
20110223,200,7.2
20110224,194,7.7
20110225,220,7.7
20110226,56,8.2
20110227,296,5.1
20110228,295,4.1
20110301,65,10.3
20110302,19,12.4
20110303,46,7.2
20110304,292,11.8
20110305,179,8.8
20110306,135,8.2
20110307,272,6.2
20110308,288,6.7
20110309,246,7.2
20110310,276,6.2
20110311,178,6.2
20110312,215,4.6
20110313,240,5.7
20110314,52,8.8
20110315,60,7.2
20110316,12,8.8
20110317,190,10.3
20110318,229,7.2
20110319,227,8.8
20110320,108,4.6
20110321,303,5.1
20110322,108,8.8
20110323,189,8.2
20110324,118,4.6
20110325,48,6.7
20110326,6,7.2
20110327,213,9.8
20110328,226,6.7
20110329,210,6.7
20110330,247,5.1
20110331,104,5.1
20110401,133,8.2
20110402,256,4.1
20110403,24,12.4
20110404,32,12.4
20110405,210,8.2
20110406,200,6.2
20110407,254,6.7
20110408,105,4.1
20110409,121,5.1
20110410,110,3.1
20110411,166,6.7
20110412,140,5.1
20110413,149,3.6
20110414,53,5.1
20110415,63,5.7
20110416,267,5.1
20110417,204,8.2
20110418,161,8.8
20110419,163,4.6
20110420,87,4.1
20110421,335,6.7
20110422,32,9.3
20110423,41,11.8
20110424,96,4.1
20110425,198,8.8
20110426,136,9.8
20110427,245,8.2
20110428,129,4.6
20110429,118,5.1
20110430,114,4.1
20110501,119,5.7
20110502,99,6.2
20110503,199,4.1
20110504,13,14.4
20110505,27,5.7
20110506,114,4.1
20110507,24,9.3
20110508,25,7.2
20110509,203,4.1
20110510,129,4.1
20110511,23,14.4
20110512,52,14.4
20110513,50,11.8
20110514,10,6.7
20110515,75,9.8
20110516,124,5.1
20110517,179,9.3
20110518,73,7.2
20110519,12,3.1
20110520,47,2.6
20110521,262,3.6
20110522,108,4.1
20110523,99,4.6
20110524,53,7.7
20110525,33,12.9
20110526,9,11.8
20110527,188,6.7
20110528,16,7.7
20110529,283,3.1
20110530,289,2.6
20110531,180,5.1
20110601,137,4.1
20110602,123,4.1
20110603,153,4.6
20110604,71,5.1
20110605,42,10.3
20110606,20,6.2
20110607,54,7.7
20110608,119,4.1
20110609,132,4.1
20110610,117,4.6
20110611,111,4.1
20110612,172,5.1
20110613,156,5.7
20110614,200,5.7
20110615,320,4.1
20110616,122,4.6
20110617,115,5.1
20110618,26,9.3
20110619,117,4.1
20110620,118,4.6
20110621,123,3.6
20110622,43,6.2
20110623,51,4.6
20110624,127,2.6
20110625,141,4.6
20110626,229,6.2
20110627,218,2.6
20110628,181,5.7
20110629,167,8.8
20110630,101,4.6
20110701,274,2.6
20110702,324,2.1
20110703,158,2.6
20110704,286,3.1
20110705,296,3.1
20110706,129,6.7
20110707,54,13.4
20110708,118,7.7
20110709,286,13.9
20110710,234,11.3
20110711,340,11.8
20110712,244,11.3
20110713,50,9.3
20110714,208,10.8
20110715,111,5.1
20110716,94,4.6
20110717,334,2.6
20110718,144,3.6
20110719,118,4.6
20110720,113,3.6
20110721,195,4.1
20110722,271,5.1
20110723,241,4.1
20110724,90,8.2
20110725,178,9.3
20110726,313,3.1
20110727,126,5.1
20110728,303,3.1
20110729,198,9.8
20110730,140,5.1
20110731,105,5.1
20110801,125,4.1
20110802,117,5.1
20110803,107,5.7
20110804,108,4.1
20110805,151,5.1
20110806,240,6.7
20110807,212,5.7
20110808,310,3.6
20110809,271,4.1
20110810,273,4.6
20110811,110,5.1
20110812,133,3.1
20110813,272,5.1
20110814,246,7.2
20110815,178,7.2
20110816,166,7.2
20110817,179,7.7
20110818,163,7.2
20110819,128,6.7
20110820,111,5.7
20110821,116,6.2
20110822,202,4.1
20110823,224,5.7
20110824,190,5.1
20110825,306,4.1
20110826,169,4.6
20110827,15,4.1
20110828,274,5.1
20110829,99,3.1
20110830,47,6.7
20110831,201,8.2
20110901,180,9.8
20110902,270,6.2
20110903,192,5.1
20110904,157,3.6
20110905,262,4.1
20110906,234,5.7
20110907,256,5.7
20110908,56,8.8
20110909,63,9.3
20110910,39,5.7
20110911,353,6.7
20110912,184,7.2
20110913,215,9.8
20110914,200,5.7
20110915,160,7.2
20110916,155,7.2
20110917,174,5.1
20110918,317,5.1
20110919,242,7.7
20110920,121,5.1
20110921,138,5.1
20110922,357,6.2
20110923,342,7.7
20110924,355,9.3
20110925,220,8.2
20110926,254,5.1
20110927,275,7.2
20110928,216,7.7
20110929,307,4.6
20110930,11,6.2
20111001,53,11.3
20111002,17,8.2
20111003,133,4.6
20111004,198,6.2
20111005,127,11.8
20111006,146,8.8
20111007,174,6.2
20111008,148,9.3
20111009,115,5.1
20111010,59,10.8
20111011,340,9.8
20111012,56,7.2
20111013,199,7.2
20111014,132,6.7
20111015,9,8.2
20111016,314,4.6
20111017,22,9.3
20111018,21,9.3
20111019,133,9.3
20111020,123,9.8
20111021,193,4.6
20111022,64,7.7
20111023,236,7.2
20111024,61,9.8
20111025,324,10.8
20111026,58,10.8
20111027,190,7.7
20111028,356,6.7
20111029,335,7.7
20111030,27,6.2
20111031,346,8.2
20111101,52,5.1
20111102,73,12.9
20111103,1,7.7
20111104,287,12.4
20111105,242,7.2
20111106,184,7.2
20111107,243,6.2
20111108,25,5.7
20111109,220,8.2
20111110,217,8.8
20111111,234,5.1
20111112,179,7.2
20111113,194,8.2
20111114,311,7.7
20111115,15,8.8
20111116,193,8.8
20111117,276,9.3
20111118,200,7.7
20111119,273,8.8
20111120,24,9.3
20111121,65,13.9
20111122,198,7.2
20111123,59,13.9
20111124,188,8.8
20111125,196,9.8
20111126,152,8.2
20111127,315,6.2
20111128,21,11.3
20111129,16,7.7
20111130,279,6.7
20111201,234,6.7
20111202,32,7.2
20111203,316,10.3
20111204,33,10.3
20111205,44,8.2
20111206,27,6.7
20111207,196,6.2
20111208,241,7.7
20111209,347,6.2
20111210,1,5.1
20111211,344,9.3
20111212,3,5.1
20111213,318,9.3
20111214,352,7.7
20111215,28,6.7
20111216,252,7.2
20111217,269,8.2
20111218,257,8.2
20111219,358,6.7
20111220,319,5.1
20111221,64,10.8
20111222,115,7.2
20111223,254,6.7
20111224,255,8.2
20111225,273,7.2
20111226,272,7.7
20111227,316,7.2
20111228,258,5.1
20111229,334,3.6
20111230,196,5.7
20111231,144,8.8
20120101,191,10.3
20120102,355,6.7
20120103,43,8.8
20120104,210,7.7
20120105,230,8.2
20120106,3,7.7
20120107,210,6.7
20120108,126,14.9
20120109,200,8.2
20120110,247,4.6
20120111,33,6.7
20120112,349,8.8
20120113,41,11.3
20120114,306,8.8
20120115,38,9.3
20120116,162,7.7
20120117,250,6.2
20120118,198,6.2
20120119,315,8.8
20120120,218,7.7
20120121,193,8.2
20120122,142,12.4
20120123,221,6.2
20120124,134,9.3
20120125,259,6.2
20120126,21,9.8
20120127,36,11.8
20120128,201,6.7
20120129,149,8.2
20120130,282,6.7
20120131,348,8.8
20120201,25,7.7
20120202,239,5.7
20120203,277,5.7
20120204,180,5.1
20120205,352,5.1
20120206,211,6.7
20120207,229,5.7
20120208,249,6.7
20120209,97,8.2
20120210,225,6.2
20120211,23,7.2
20120212,223,5.7
20120213,70,7.7
20120214,1,6.7
20120215,109,10.8
20120216,218,5.7
20120217,269,7.2
20120218,207,7.2
20120219,118,7.2
20120220,212,5.7
20120221,13,8.8
20120222,51,5.7
20120223,23,14.4
20120224,13,8.2
20120225,202,7.7
20120226,289,4.1
20120227,28,6.2
20120228,252,6.7
20120229,62,8.2
20120301,205,10.8
20120302,206,4.6
20120303,203,13.4
20120304,259,6.7
20120305,213,5.1
20120306,12,6.7
20120307,269,6.7
20120308,247,7.2
20120309,317,5.1
20120310,338,7.2
20120311,50,8.2
20120312,170,7.7
20120313,152,7.7
20120314,189,5.7
20120315,282,4.1
20120316,352,6.2
20120317,346,8.8
20120318,30,6.2
20120319,126,10.8
20120320,216,8.2
20120321,126,5.1
20120322,345,8.2
20120323,49,4.6
20120324,353,13.4
20120325,243,8.2
20120326,153,5.1
20120327,132,4.6
20120328,147,5.7
20120329,284,6.2
20120330,124,4.6
20120331,122,3.6
20120401,128,4.6
20120402,113,4.6
20120403,114,9.8
20120405,109,4.6
20120406,112,4.6
20120407,264,6.2
20120408,183,8.2
20120409,354,4.6
20120410,68,7.2
20120411,45,7.2
20120412,156,8.2
20120413,168,6.2
20120414,286,4.1
20120415,292,4.1
20120416,201,6.7
20120417,276,5.7
20120418,98,5.1
20120419,264,5.1
20120420,111,4.6
20120421,110,3.6
20120422,114,4.1
20120423,113,4.1
20120424,114,4.6
20120425,300,4.1
20120426,23,6.7
20120427,325,8.8
20120428,56,10.3
20120429,38,12.4
20120430,252,5.7
20120501,114,5.7
20120502,109,5.1
20120503,274,4.6
20120504,102,4.6
20120505,110,5.1
20120506,118,4.1
20120507,60,4.6
20120508,130,4.1
20120509,204,4.6
20120510,269,5.7
20120511,119,4.6
20120512,320,4.1
20120513,69,7.2
20120514,69,8.2
20120515,206,7.7
20120516,167,8.2
20120517,105,3.1
20120518,185,6.7
20120519,96,5.1
20120520,277,3.1
20120521,132,4.6
20120522,132,4.6
20120523,108,3.1
20120524,304,3.1
20120525,317,4.6
20120526,55,10.8
20120527,38,14.4
20120528,33,8.8
20120529,108,5.1
20120530,122,4.6
20120531,172,6.7
20120601,112,4.1
20120602,310,3.6
20120603,139,4.1
20120604,124,4.6
20120605,102,6.2
20120606,214,7.7
20120607,295,3.1
20120608,267,3.1
20120609,106,4.6
20120610,82,4.1
20120611,189,6.7
20120612,119,5.7
20120613,307,3.1
20120614,215,4.1
20120615,101,6.7
20120616,116,6.7
20120617,51,5.7
20120618,61,4.6
20120619,120,4.1
20120620,123,4.6
20120622,121,3.6
20120623,25,12.4
20120624,116,5.7
20120625,111,4.6
20120626,251,9.8
20120627,132,6.2
20120628,184,5.1
20120629,96,5.7
20120630,106,3.6
20120701,122,3.1
20120702,136,5.1
20120703,118,6.2
20120704,98,5.1
20120705,119,3.6
20120706,70,3.1
20120707,133,2.6
20120708,80,2.6
20120709,275,2.6
20120710,110,4.6
20120711,308,4.1
20120712,356,2.1
20120713,45,8.2
20120714,30,14.4
20120715,46,14.9
20120716,203,6.7
20120717,117,7.2
20120718,160,6.7
20120719,111,5.7
20120720,106,3.1
20120721,310,2.6
20120722,114,3.1
20120723,112,4.6
20120724,109,4.6
20120725,245,5.1
20120726,126,4.1
20120727,120,4.1
20120728,92,5.1
20120729,76,6.2
20120730,109,4.6
20120731,47,7.2
20120801,100,7.7
20120802,129,6.7
20120803,120,5.1
20120804,359,4.1
20120805,234,3.1
20120806,106,4.1
20120807,123,4.6
20120808,194,6.7
20120809,92,6.2
20120810,120,4.1
20120811,105,4.1
20120812,128,5.1
20120813,216,6.7
20120814,126,4.6
20120815,5,6.7
20120816,149,6.7
20120817,143,6.7
20120818,109,5.1
20120819,121,3.6
20120820,350,4.1
20120821,197,4.6
20120822,341,6.7
20120823,110,4.6
20120824,110,3.6
20120825,21,8.8
20120826,15,11.3
20120827,22,12.4
20120828,151,7.2
20120829,185,7.2
20120830,117,4.6
20120831,3,5.1
20120901,57,6.2
20120902,50,7.7
20120903,2,4.1
20120904,191,8.8
20120905,122,4.1
20120906,32,10.3
20120907,47,10.8
20120908,41,12.4
20120909,42,8.8
20120910,268,7.7
20120911,132,10.8
20120912,312,4.6
20120913,322,4.1
20120914,53,8.8
20120915,56,8.8
20120916,343,8.2
20120917,232,8.8
20120918,136,6.2
20120919,190,6.2
20120920,135,5.7
20120921,283,7.2
20120922,112,5.1
20120923,43,6.2
20120924,352,5.1
20120925,41,7.2
20120926,33,9.3
20120927,274,4.6
20120928,182,4.6
20120929,236,5.7
20120930,18,10.8
20121001,42,8.2
20121002,233,7.7
20121003,176,7.2
20121004,144,9.3
20121005,56,12.4
20121006,193,10.8
20121007,351,6.2
20121008,47,14.9
20121009,353,11.3
20121010,293,10.3
20121011,211,6.7
20121012,21,13.4
20121013,12,14.4
20121014,175,8.2
20121015,188,8.8
20121016,187,6.7
20121017,54,10.3
20121018,25,4.6
20121019,131,11.8
20121020,53,10.3
20121021,27,11.3
20121022,189,9.8
20121023,184,12.4
20121024,211,8.2
20121025,202,8.8
20121026,203,5.1
20121027,21,11.8
20121028,20,6.7
20121029,325,5.7
20121030,266,6.7
20121031,152,9.8
20121101,198,6.2
20121102,15,11.3
20121103,10,11.8
20121104,273,8.2
20121105,168,8.8
20121106,251,7.2
20121107,201,8.8
20121108,215,7.7
20121109,172,9.8
20121110,192,7.2
20121111,42,8.8
20121112,153,10.3
20121113,31,5.7
20121114,99,5.1
20121115,70,7.2
20121116,38,7.2
20121117,38,8.2
20121118,270,8.8
20121119,193,7.7
20121120,232,7.2
20121121,203,7.2
20121122,354,7.7
20121123,206,8.2
20121124,172,7.2
20121125,189,8.8
20121126,39,8.2
20121127,193,8.2
20121128,181,8.8
20121129,196,8.8
20121130,126,7.2
20121201,18,7.2
20121202,62,11.8
20121203,260,8.8
20121204,329,8.2
20121205,65,11.8
20121206,46,8.2
20121207,38,7.2
20121208,10,5.1
20121209,209,6.7
20121210,172,8.2
20121211,247,7.2
20121212,240,7.2
20121213,234,7.7
20121214,304,8.8
20121215,189,8.2
20121216,341,9.3
20121217,31,7.7
20121218,31,8.8
20121219,209,10.3
20121220,334,6.7
20121221,342,8.8
20121222,255,7.2
20121223,259,8.2
20121224,244,6.2
20121225,276,6.7
20121226,245,4.6
20121227,28,6.7
20121228,282,6.2
20121229,38,11.3
20121230,30,11.8
20121231,258,5.1
20130101,340,8.2
20130102,54,15.4
20130103,162,9.8
20130104,185,7.7
20130105,256,6.7
20130106,267,8.8
20130107,198,9.8
20130108,203,8.8
20130109,25,14.4
20130110,38,15.4
20130111,237,6.2
20130112,38,7.7
20130113,55,11.8
20130114,194,5.1
20130115,216,8.2
20130116,257,6.7
20130117,263,10.3
20130118,207,6.7
20130119,19,7.2
20130120,237,9.8
20130121,173,7.7
20130122,284,8.2
20130123,33,8.2
20130124,288,8.8
20130125,256,6.7
20130126,237,6.7
20130127,153,6.2
20130128,205,6.7
20130129,259,6.2
20130130,152,7.7
20130131,204,7.2
20130201,281,8.8
20130202,244,5.1
20130203,31,6.2
20130204,159,8.8
20130205,180,9.8
20130206,188,6.7
20130207,269,7.2
20130208,224,7.7
20130209,263,8.2
20130210,194,8.2
20130211,170,6.2
20130212,26,8.8
20130213,173,9.3
20130214,214,8.2
20130215,176,8.8
20130216,216,8.2
20130217,334,7.2
20130218,243,6.7
20130219,283,7.2
20130220,226,7.7
20130221,256,7.2
20130222,242,7.2
20130223,241,7.2
20130224,274,7.2
20130225,262,6.2
20130226,157,7.2
20130227,242,6.7
20130228,194,7.2
20130301,200,6.7
20130302,354,5.7
20130303,264,7.2
20130304,174,8.2
20130305,40,7.7
20130306,130,10.8
20130307,184,6.2
20130308,237,8.2
20130309,319,6.2
20130310,271,5.7
20130311,332,6.7
20130312,340,5.1
20130313,277,5.7
20130314,202,6.2
20130315,246,4.6
20130316,331,7.7
20130317,39,6.2
20130318,206,8.8
20130319,230,4.1
20130320,321,5.1
20130321,342,7.2
20130322,296,6.2
20130323,127,6.2
20130324,347,6.7
20130325,45,7.7
20130326,62,5.7
20130327,200,5.1
20130328,156,6.2
20130329,22,6.7
20130330,334,8.2
20130331,29,10.3
20130401,184,6.2
20130402,38,5.7
20130403,183,8.2
20130404,228,8.2
20130405,136,5.1
20130406,114,5.7
20130407,148,5.7
20130408,339,5.1
20130409,193,6.7
20130410,319,4.6
20130411,5,5.7
20130412,267,5.7
20130413,21,5.7
20130414,303,4.6
20130415,264,3.6
20130416,196,4.6
20130417,180,5.1
20130418,286,4.1
20130419,136,6.7
20130420,105,4.6
20130421,130,4.6
20130422,47,9.8
20130423,53,6.7
20130424,6,6.7
20130425,272,4.1
20130426,26,7.2
20130427,120,5.1
20130428,34,4.1
20130429,124,2.6
20130430,191,7.7
20130502,122,5.7
20130503,148,4.6
20130504,110,4.1
20130505,118,3.6
20130506,211,9.3
20130507,117,4.6
20130508,107,4.1
20130509,106,4.6
20130510,183,9.3
20130511,119,5.7
20130512,124,4.6
20130513,144,3.1
20130514,196,5.1
20130515,135,6.7
20130516,102,4.1
20130517,4,13.9
20130518,320,4.1
20130519,304,3.6
20130520,57,5.7
20130521,111,4.6
20130522,132,3.6
20130523,265,4.6
20130524,105,4.6
20130525,32,5.1
20130526,170,6.7
20130527,41,12.4
20130528,190,7.7
20130529,107,4.1
20130530,83,3.6
20130531,109,3.6
20130601,352,4.6
20130602,337,7.2
20130603,7,10.8
20130604,47,9.3
20130605,111,6.7
20130606,310,2.6
20130607,280,2.1
20130608,67,8.8
20130609,132,4.6
20130610,144,3.6
20130611,110,2.6
20130612,114,3.6
20130613,105,2.6
20130614,111,4.6
20130615,111,3.1
20130616,196,4.6
20130617,168,3.6
20130618,136,3.6
20130619,139,6.7
20130620,170,13.4
20130621,146,8.2
20130622,183,7.2
20130623,111,5.7
20130624,282,2.6
20130625,126,5.7
20130626,109,4.6
20130627,108,3.1
20130628,302,2.6
20130629,309,3.1
20130630,124,3.1
20130701,295,3.1
20130702,5,4.1
20130703,115,4.1
20130704,102,5.1
20130705,34,8.8
20130706,55,13.4
20130707,39,9.3
20130708,200,8.2
20130709,214,5.1
20130710,179,8.2
20130711,101,4.6
20130712,145,4.1
20130713,110,4.6
20130714,199,13.4
20130715,171,7.7
20130716,93,4.6
20130717,273,2.1
20130718,199,3.6
20130719,103,3.6
20130720,106,3.6
20130721,351,3.1
20130722,16,8.2
20130723,30,12.4
20130724,23,5.1
20130725,120,6.2
20130726,116,3.1
20130727,355,3.1
20130728,185,5.1
20130729,207,5.1
20130730,121,4.6
20130731,123,4.6
20130801,130,4.1
20130802,124,5.1
20130803,107,4.6
20130804,108,3.1
20130805,31,7.2
20130806,20,4.6
20130807,34,8.8
20130808,89,3.6
20130809,353,4.6
20130810,124,6.2
20130811,119,4.1
20130812,210,4.6
20130813,24,9.3
20130814,196,5.7
20130815,342,6.7
20130816,141,5.1
20130817,196,6.7
20130818,130,6.2
20130819,340,6.7
20130820,359,4.1
20130821,59,7.2
20130822,108,7.2
20130823,24,6.2
20130824,322,5.7
20130825,109,4.6
20130826,186,7.7
20130827,193,3.6
20130828,331,8.2
20130829,236,6.7
20130830,132,5.7
20130831,112,4.6
20130901,114,5.1
20130902,115,5.1
20130903,183,6.7
20130904,241,9.8
20130905,200,7.2
20130906,103,4.6
20130907,360,7.2
20130908,157,10.8
20130909,255,8.8
20130910,38,13.4
20130911,338,13.4
20130912,7,9.3
20130913,264,6.7
20130914,132,8.2
20130915,309,6.2
20130916,177,6.2
20130917,262,7.2
20130918,128,5.7
20130919,359,7.2
20130920,37,6.7
20130921,55,8.8
20130922,23,9.3
20130923,343,7.2
20130924,154,9.8
20130925,205,8.8
20130926,187,9.3
20130927,9,9.3
20130928,31,7.2
20130929,16,8.2
20130930,278,8.8
20131001,192,6.2
20131002,5,12.4
20131003,36,10.3
20131004,73,8.2
20131005,210,6.2
20131006,49,4.6
20131007,297,7.7
20131008,192,7.2
20131009,163,10.8
20131010,37,9.8
20131011,162,6.2
20131012,186,7.7
20131013,29,7.2
20131014,34,14.9
20131015,228,8.8
20131016,26,5.7
20131017,348,6.2
20131018,3,12.9
20131019,175,8.8
20131020,190,8.8
20131021,35,8.2
20131022,82,9.8
20131023,41,6.7
20131024,40,12.4
20131025,60,12.4
20131026,18,10.8
20131027,41,9.3
20131028,295,8.2
20131029,22,6.7
20131030,67,4.6
20131031,57,8.8
20131101,229,10.8
20131102,41,7.2
20131103,233,6.7
20131104,9,7.7
20131105,44,5.7
20131106,139,11.3
20131107,260,10.3
20131108,260,8.2
20131109,25,6.2
20131110,276,6.7
20131111,342,6.7
20131112,256,10.8
20131113,353,7.2
20131114,247,7.7
20131115,25,5.7
20131116,325,7.2
20131117,294,3.6
20131118,271,7.2
20131119,151,7.2
20131120,122,6.7
20131121,41,5.7
20131122,264,7.2
20131123,272,6.7
20131124,199,7.7
20131125,24,7.7
20131126,137,6.2
20131127,201,4.6
20131128,190,6.2
20131129,39,8.2
20131130,25,10.3
20131201,105,7.2
20131202,254,7.2
20131203,18,6.7
20131204,242,4.6
20131205,48,6.7
20131206,59,9.3
20131207,50,10.3
20131208,29,10.3
20131209,320,6.2
20131210,198,6.7
20131211,281,4.1
20131212,7,9.8
20131213,21,8.2
20131214,205,9.3
20131215,173,8.8
20131216,355,6.2
20131217,192,8.2
20131218,196,7.2
20131219,135,8.2
20131220,256,7.2
20131221,1,10.8
20131222,191,9.3
20131223,251,7.2
20131224,23,11.3
20131225,135,9.3
20131226,142,7.7
20131227,119,8.8
20131228,112,6.2
20131229,145,4.1
20131230,178,8.8
20131231,141,5.7
20140101,239,8.8
20140102,334,8.2
20140103,49,13.4
20140104,355,7.2
20140105,169,10.3
20140106,163,7.7
20140107,341,8.8
20140108,49,7.7
20140109,138,9.3
20140110,181,7.7
20140111,258,5.7
20140112,55,10.3
20140113,154,9.8
20140114,184,8.8
20140115,206,7.2
20140116,22,7.2
20140117,294,9.8
20140118,9,6.2
20140119,27,8.8
20140120,7,6.7
20140121,41,6.2
20140122,360,9.3
20140123,264,8.2
20140124,151,5.7
20140125,346,8.8
20140126,34,11.8
20140127,223,6.7
20140128,276,6.7
20140129,252,5.7
20140130,187,7.7
20140131,258,8.2
20140201,187,7.7
20140202,266,8.2
20140203,248,6.7
20140204,258,6.7
20140205,14,8.2
20140206,243,5.7
20140207,359,6.2
20140208,202,7.2
20140209,242,9.3
20140210,230,8.8
20140211,339,5.1
20140212,189,6.7
20140213,173,5.1
20140214,184,8.2
20140215,197,7.2
20140216,354,8.2
20140217,21,10.3
20140218,42,11.3
20140219,106,4.1
20140220,237,6.7
20140221,193,6.7
20140222,239,8.2
20140223,194,12.9
20140224,177,6.7
20140225,281,6.7
20140226,254,5.7
20140227,44,6.2
20140228,153,10.8
20140301,185,11.8
20140302,325,7.7
20140303,198,10.8
20140304,114,4.6
20140305,189,11.3
20140306,198,8.2
20140307,252,6.2
20140308,253,6.7
20140309,164,5.7
20140310,268,5.7
20140311,244,6.2
20140312,35,6.2
20140313,15,5.7
20140314,339,5.1
20140315,145,5.7
20140316,184,5.7
20140317,42,8.2
20140318,27,10.3
20140319,170,8.8
20140320,262,6.2
20140321,184,7.2
20140322,117,5.1
20140323,271,5.7
20140324,243,5.1
20140325,175,12.4
20140326,256,6.2
20140327,273,4.6
20140328,241,4.1
20140329,275,4.1
20140330,318,4.6
20140331,297,4.1
20140401,110,4.1
20140402,231,5.1
20140403,277,6.7
20140404,199,5.1
20140405,270,5.1
20140406,265,5.7
20140407,179,5.1
20140408,248,5.1
20140409,307,3.1
20140410,103,3.1
20140411,122,3.6
20140412,130,6.7
20140413,126,5.1
20140414,27,4.6
20140415,75,10.8
20140416,60,9.8
20140417,190,10.8
20140418,38,7.7
20140419,3,10.3
20140420,53,8.2
20140421,148,6.7
20140422,360,4.6
20140423,21,4.6
20140424,42,5.1
20140425,25,8.8
20140426,168,7.7
20140427,4,8.8
20140428,39,10.3
20140429,239,7.2
20140430,125,6.7
20140501,103,5.1
20140502,24,5.7
20140503,116,4.1
20140504,114,7.2
20140505,34,13.9
20140506,33,9.8
20140507,45,9.8
20140508,104,4.6
20140509,139,4.6
20140510,93,3.6
20140511,135,3.6
20140512,15,4.6
20140513,62,3.6
20140514,102,4.1
20140515,199,6.2
20140516,105,4.6
20140517,150,4.1
20140518,322,3.1
20140519,298,3.1
20140520,292,5.1
20140521,171,7.2
20140522,343,3.6
20140523,61,6.2
20140524,34,11.3
20140525,293,14.4
20140526,183,9.3
20140527,298,3.1
20140528,29,4.6
20140529,38,11.8
20140530,189,6.2
20140531,118,5.7
20140601,107,5.1
20140602,110,4.6
20140603,102,3.1
20140604,261,2.6
20140605,133,2.1
20140606,57,6.2
20140607,67,6.2
20140608,186,3.1
20140609,153,8.2
20140610,117,4.6
20140611,196,6.2
20140612,214,6.7
20140613,107,3.6
20140614,293,2.6
20140615,345,3.6
20140616,71,6.2
20140617,33,7.7
20140618,159,3.1
20140619,202,7.2
20140620,154,3.1
20140621,71,7.7
20140622,109,4.6
20140623,113,2.6
20140624,58,11.8
20140625,30,12.9
20140626,22,7.7
20140627,63,4.6
20140628,167,4.6
20140629,52,4.6
20140630,21,11.3
20140701,30,7.2
20140702,143,9.3
20140703,122,4.1
20140704,230,3.6
20140705,154,6.7
20140706,126,4.6
20140707,94,3.6
20140708,113,7.2
20140709,109,6.2
20140710,114,4.6
20140711,33,3.1
20140712,42,7.2
20140713,106,3.6
20140714,239,4.6
20140715,121,4.6
20140716,168,8.8
20140717,90,6.7
20140718,137,4.1
20140719,117,4.6
20140720,255,5.7
20140721,199,7.7
20140722,198,5.1
20140723,132,3.6
20140724,100,4.1
20140725,243,7.2
20140726,298,3.6
20140727,111,5.1
20140728,277,3.1
20140729,18,7.7
20140730,31,8.8
20140731,49,6.7
20140801,42,9.8
20140802,31,11.8
20140803,112,7.7
20140804,122,3.6
20140805,189,5.1
20140806,138,8.8
20140807,14,11.3
20140808,234,11.3
20140809,164,4.6
20140810,331,3.6
20140811,9,13.9
20140812,196,10.3
20140813,192,7.7
20140814,188,8.8
20140815,115,4.6
20140816,81,4.1
20140817,318,5.1
20140818,176,5.7
20140819,102,4.6
20140820,101,5.1
20140821,145,10.8
20140822,163,7.2
20140823,110,6.7
20140824,106,3.6
20140825,197,5.1
20140826,100,5.1
20140827,118,5.1
20140828,120,5.1
20140829,95,5.1
20140830,150,5.7
20140831,122,5.1
20140901,260,5.1
20140902,104,4.6
20140903,91,4.6
20140904,294,5.7
20140905,196,5.7
20140906,253,5.7
20140907,19,6.2
20140908,191,5.7
20140909,123,3.1
20140910,301,5.7
20140911,30,6.2
20140912,15,7.7
20140913,62,8.8
20140914,190,8.8
20140915,13,10.8
20140916,46,10.8
20140917,130,5.1
20140918,9,7.2
20140919,28,8.8
20140920,213,8.8
20140921,164,7.2
20140922,212,9.8
20140923,180,7.7
20140924,159,8.2
20140925,189,4.6
20140926,4,8.2
20140927,55,8.2
20140928,136,8.2
20140929,112,5.1
20140930,265,8.2
20141001,332,6.2
20141002,1,8.8
20141003,253,11.3
20141004,282,8.2
20141005,33,11.8
20141006,264,14.4
20141007,342,8.2
20141008,37,11.8
20141009,169,7.7
20141010,152,8.2
20141011,174,7.2
20141012,174,7.2
20141013,175,6.2
20141014,148,7.2
20141015,153,7.2
20141016,39,9.8
20141017,30,11.3
20141018,220,6.7
20141019,7,6.2
20141020,194,6.2
20141021,37,4.1
20141022,193,4.6
20141023,202,8.8
20141024,203,8.8
20141025,190,6.2
20141026,33,7.2
20141027,278,6.7
20141028,320,12.4
20141029,53,10.3
20141030,182,10.8
20141031,167,8.2
20141101,20,6.7
20141102,11,14.4
20141103,309,8.8
20141104,302,9.8
20141105,117,8.2
20141106,111,9.8
20141107,195,7.2
20141108,248,8.2
20141109,182,9.3
20141110,37,8.8
20141111,56,11.3
20141112,131,7.2
20141113,285,7.7
20141114,205,8.2
20141115,49,12.4
20141116,179,7.7
20141117,110,5.1
20141118,39,9.3
20141119,272,11.3
20141120,185,7.2
20141121,56,9.3
20141122,37,11.8
20141123,261,5.7
20141124,263,6.2
20141125,46,12.9
20141126,157,10.3
20141127,53,9.3
20141128,169,8.8
20141129,264,8.8
20141130,229,10.3
20141201,189,7.2
20141202,205,7.7
20141203,251,7.7
20141204,31,6.7
20141205,325,5.1
20141206,32,8.8
20141207,36,10.8
20141208,323,7.7
20141209,20,8.8
20141210,63,8.2
20141211,164,4.6
20141212,212,7.7
20141213,8,8.8
20141214,265,7.7
20141215,248,6.7
20141216,251,6.7
20141217,53,4.6
20141218,32,5.1
20141219,63,8.2
20141220,359,9.3
20141221,50,7.2
20141222,188,9.8
20141223,343,7.7
20141224,1,8.2
20141225,194,6.7
20141226,127,7.2
20141227,332,7.7
20141228,30,8.2
20141229,351,8.8
20141230,43,8.8
20141231,33,16
20150101,190,6.7
20150102,158,9.8
20150103,338,6.7
20150104,235,6.7
20150105,197,8.2
20150106,202,7.2
20150107,203,7.2
20150108,3,5.7
20150109,196,6.2
20150110,244,6.7
20150111,188,6.2
20150112,191,7.2
20150113,260,6.7
20150114,249,6.7
20150115,351,5.7
20150116,48,11.3
20150117,190,6.7
20150118,35,8.2
20150119,346,7.7
20150120,280,6.7
20150121,191,8.2
20150122,256,8.2
20150123,256,7.2
20150124,272,7.2
20150125,332,6.2
20150126,180,6.7
20150127,255,9.3
20150128,243,7.2
20150129,356,6.7
20150130,205,5.7
20150131,6,4.1
20150201,22,8.8
20150202,337,10.3
20150203,174,8.8
20150204,37,11.8
20150205,42,4.6
20150206,255,8.2
20150207,14,5.7
20150208,241,6.2
20150209,189,10.3
20150210,234,5.1
20150211,265,6.7
20150212,272,7.7
20150213,189,8.8
20150214,182,7.2
20150215,257,7.2
20150216,252,8.2
20150217,194,6.7
20150218,210,7.7
20150219,270,5.1
20150220,46,6.7
20150221,142,4.6
20150222,60,9.8
20150223,10,8.8
20150224,284,7.7
20150225,158,6.7
20150226,351,5.7
20150227,251,6.2
20150228,182,5.7
20150301,179,4.6
20150302,355,8.8
20150303,1,7.2
20150304,36,6.2
20150305,60,9.3
20150306,43,12.4
20150307,6,11.8
20150308,215,4.6
20150309,257,6.2
20150310,194,6.2
20150311,198,4.6
20150312,34,8.8
20150313,160,6.7
20150314,10,5.1
20150315,73,5.1
20150316,142,7.7
20150317,152,8.2
20150318,252,5.7
20150319,249,6.2
20150320,356,6.2
20150321,342,5.1
20150322,98,6.2
20150323,318,6.2
20150324,6,6.2
20150325,52,6.2
20150326,270,4.1
20150327,100,5.1
20150328,306,8.2
20150329,38,8.2
20150330,164,7.2
20150331,170,6.7
20150401,278,4.6
20150402,200,5.1
20150403,142,5.1
20150404,49,8.8
20150405,333,5.7
20150406,9,12.4
20150407,52,13.9
20150408,52,7.7
20150409,14,4.6
20150410,11,5.7
20150411,124,5.1
20150412,6,9.8
20150413,253,7.7
20150414,257,6.7
20150415,102,5.1
20150416,111,4.6
20150417,53,5.1
20150418,255,6.7
20150419,114,4.1
20150420,246,4.6
20150421,300,2.6
20150422,116,3.6
20150423,239,5.1
20150424,314,4.6
20150425,37,8.2
20150426,51,12.4
20150427,61,13.4
20150428,265,6.2
20150429,180,6.7
20150430,106,5.1
20150501,111,3.6
20150502,186,5.7
20150503,110,4.6
20150504,114,4.6
20150505,43,9.3
20150506,25,12.9
20150507,30,6.7
20150508,151,4.1
20150509,350,5.7
20150510,6,5.1
20150511,13,9.8
20150512,40,9.8
20150513,26,12.4
20150514,2,5.7
20150515,170,6.2
20150516,155,6.7
20150517,310,3.6
20150518,133,3.1
20150519,154,4.1
20150520,322,2.6
20150521,26,8.2
20150522,158,7.2
20150523,210,6.7
20150524,177,8.8
20150525,183,7.2
20150526,117,5.1
20150527,122,3.6
20150528,35,2.6
20150529,111,4.6
20150530,56,9.3
20150531,6,5.7
20150601,139,4.1
20150602,335,10.8
20150603,100,4.6
20150604,112,5.1
20150605,114,3.1
20150606,91,4.1
20150607,241,4.6
20150608,28,4.6
20150609,21,12.9
20150610,36,10.3
20150611,176,7.2
20150623,1,5.7
20150624,181,7.7
20150625,116,5.1
20150626,111,5.7
20150627,113,5.1
20150628,157,4.6
20150629,168,3.6
20150630,145,4.1
20150701,178,5.1
20150702,51,8.8
20150703,47,9.8
20150704,103,3.6
20150705,131,3.6
20150706,202,6.7
20150707,126,5.1
20150708,184,5.1
20150709,200,8.2
20150710,113,5.7
20150711,109,4.1
20150712,118,3.6
20150713,122,4.1
20150714,62,5.7
20150715,80,5.1
20150716,117,4.1
20150717,178,4.6
20150718,190,6.2
20150719,116,5.1
20150720,94,5.1
20150721,132,4.6
20150722,125,3.6
20150723,140,3.1
20150724,122,4.6
20150725,58,5.1
20150726,31,11.8
20150727,20,8.8
20150728,72,8.8
20150729,124,4.6
20150730,102,4.6
20150731,57,5.1
20150801,30,6.2
20150802,7,6.7
20150803,17,10.8
20150804,62,12.4
20150805,113,4.1
20150806,121,4.1
20150807,41,7.7
20150808,123,5.1
20150809,145,7.2
20150810,116,5.7
20150811,107,5.1
20150812,303,4.6
20150813,54,4.6
20150814,69,5.7
20150815,108,5.1
20150816,104,7.2
20150817,65,4.6
20150818,59,8.2
20150819,48,7.2
20150820,254,6.2
20150821,128,3.6
20150822,287,4.6
20150823,98,4.1
20150824,67,10.8
20150825,155,6.7
20150826,203,6.2
20150827,125,5.1
20150828,38,6.7
20150829,42,7.2
20150830,265,5.7
20150831,160,6.7
20150901,41,8.8
20150902,41,9.8
20150903,268,5.1
20150904,204,7.2
20150905,23,8.8
20150906,185,5.1
20150907,114,4.1
20150908,259,6.2
20150909,2,6.2
20150910,221,10.8
20150911,144,5.1
20150912,183,4.1
20150913,170,5.7
20150914,13,5.1
20150915,-,2.6
20150916,43,4.6
20150917,36,9.8
20150918,205,6.7
20150919,103,9.3
20150920,126,8.8
20150921,142,11.3
20150922,250,4.6
20150923,136,10.3
20150924,268,8.8
20150925,338,6.2
20150926,119,9.8
20150927,322,6.7
20150928,247,6.7
20150929,312,6.2
20150930,338,6.2
20151001,28,8.2
20151002,25,8.2
20151003,257,5.7
20151004,47,11.8
20151005,202,7.2
20151006,199,6.7
20151007,338,12.4
20151008,204,9.3
20151009,258,5.7
20151010,195,9.8
20151011,209,7.7
20151012,22,6.7
20151013,148,8.8
20151014,194,9.8
20151015,166,8.2
20151016,209,7.2
20151017,15,7.2
20151018,285,12.4
20151019,233,11.3
20151020,251,6.7
20151021,1,8.8
20151022,256,7.7
20151023,146,5.1
20151024,194,7.2
20151025,160,7.7
20151026,209,7.2
20151027,50,5.7
20151028,65,5.1
20151029,202,7.7
20151030,345,6.7
20151031,256,8.8
20151101,227,5.7
20151102,170,7.2
20151103,9,11.3
20151104,121,8.8
20151105,254,6.7
20151106,252,6.2
20151107,334,5.7
20151108,11,5.1
20151109,246,5.7
20151110,199,8.2
20151111,213,7.7
20151112,135,11.8
20151113,32,6.2
20151114,354,8.8
20151115,304,5.7
20151116,229,6.7
20151117,186,8.8
20151118,268,7.7
20151119,360,8.2
20151120,24,9.8
20151121,350,5.1
20151122,191,8.8
20151123,357,7.2
20151124,40,8.8
20151125,14,6.7
20151126,337,10.3
20151127,39,13.4
20151128,296,8.2
20151129,231,5.7
20151130,359,7.2
20151201,48,8.8
20151202,36,8.8
20151203,335,11.8
20151204,149,8.2
20151205,182,7.2
20151206,171,8.2
20151207,187,8.8
20151208,196,7.7
20151209,192,6.7
20151210,26,6.7
20151211,211,6.2
20151212,74,11.3
20151213,284,8.8
20151214,176,5.1
20151215,183,5.7
20151216,157,8.2
20151217,175,9.3
20151218,185,7.7
20151219,266,6.2
20151220,192,3.6
20151221,298,6.7
20151222,218,9.8
20151223,327,5.7
20151224,238,8.2
20151225,261,7.2
20151226,60,6.2
20151227,237,6.2
20151228,253,8.2
20151229,252,7.2
20151230,35,8.8
20151231,256,8.2
20160101,268,7.2
20160102,49,5.7
20160103,62,7.7
20160104,218,6.7
20160105,234,7.7
20160106,239,6.2
20160107,322,8.2
20160108,80,13.4
20160109,202,8.2
20160110,184,8.2
20160111,339,7.7
20160112,227,6.7
20160113,235,6.7
20160114,3,5.7
20160115,18,10.3
20160116,22,5.7
20160117,20,4.1
20160118,130,5.1
20160119,251,5.7
20160120,28,7.7
20160121,261,5.1
20160122,306,5.1
20160123,256,5.1
20160124,58,6.7
20160125,23,9.3
20160126,57,7.7
20160127,168,5.7
20160128,253,7.2
20160129,358,7.2
20160130,353,5.7
20160131,256,6.7
20160201,323,4.6
20160202,267,6.2
20160203,40,7.7
20160204,348,8.2
20160205,268,5.7
20160206,231,4.6
20160207,221,7.2
20160208,201,6.7
20160209,194,8.8
20160210,341,7.7
20160211,254,7.2
20160212,146,7.7
20160213,262,6.7
20160214,240,6.2
20160215,350,7.2
20160216,38,9.8
20160217,64,13.4
20160218,15,12.9
20160219,345,6.2
20160220,223,6.2
20160221,156,6.7
20160222,5,6.2
20160223,201,6.2
20160224,252,5.1
20160225,250,4.1
20160226,344,7.7
20160227,61,8.8
20160228,254,5.7
20160229,236,7.2
20160301,317,5.1
20160302,247,6.7
20160303,184,5.7
20160304,256,5.7
20160305,138,5.1
20160306,164,4.6
20160307,334,6.2
20160308,195,7.7
20160309,182,5.7
20160310,353,9.3
20160311,151,7.7
20160312,84,4.6
20160313,226,4.6
20160314,250,4.6
20160315,206,4.6
20160316,203,5.1
20160317,308,4.1
20160318,20,5.7
20160319,21,8.2
20160320,339,6.7
20160321,12,6.2
20160322,289,4.1
20160323,59,4.1
20160324,6,7.7
20160325,201,5.1
20160326,204,5.7
20160327,226,5.1
20160328,216,6.7
20160329,184,6.7
20160330,192,5.1
20160331,112,4.6
20160401,113,4.6
20160402,87,4.1
20160403,352,5.7
20160404,215,6.7
20160405,246,5.1
20160406,188,5.1
20160407,36,8.8
20160408,13,7.2
20160409,114,4.6
20160410,309,4.1
20160411,22,7.7
20160412,168,6.7
20160413,255,7.2
20160414,185,7.2
20160415,122,4.1
20160416,117,3.6
20160417,263,4.6
20160418,251,4.6
20160419,265,4.6
20160420,209,8.2
20160421,117,4.1
20160422,301,2.6
20160423,34,9.8
20160424,145,6.7
20160425,191,6.2
20160426,151,6.7
20160427,188,5.1
20160428,202,7.2
20160429,170,5.7
20160430,123,5.1
20160501,359,3.1
20160502,56,9.8
20160503,103,4.6
20160504,42,9.8
20160505,42,9.8
20160506,304,3.6
20160507,123,5.7
20160508,114,6.2
20160509,113,4.6
20160510,33,6.2
20160511,77,10.3
20160512,14,11.3
20160513,55,9.8
20160514,54,6.2
20160515,9,6.7
20160516,317,14.4
20160517,19,5.7
20160518,327,8.2
20160519,119,2.6
20160520,28,13.9
20160521,217,6.2
20160522,160,9.3
20160523,344,5.1
20160524,55,4.1
20160525,256,5.1
20160526,126,4.6
20160527,51,3.6
20160528,40,11.8
20160529,9,5.1
20160530,132,6.2
20160531,82,5.1
20160601,125,6.2
20160602,158,2.6
20160603,288,2.6
20160604,308,2.6
20160605,121,3.1
20160606,104,3.1
20160607,99,4.1
20160608,133,5.7
20160609,50,11.3
20160610,38,10.8
20160611,172,6.7
20160612,161,8.2
20160613,135,4.6
20160614,237,4.1
20160615,179,4.1
20160616,188,8.8
20160617,207,5.1
20160618,328,2.6
20160619,112,4.1
20160620,44,6.7
20160621,32,6.2
20160622,43,9.8
20160623,18,8.2
20160624,253,3.1
20160625,45,6.7
20160626,117,9.3
20160627,116,3.6
20160628,129,3.1
20160629,123,5.7
20160630,186,7.2
20160701,113,4.6
20160702,322,3.6
20160703,101,3.1
20160704,5,4.6
20160705,195,6.2
20160706,114,5.1
20160707,119,5.7
20160708,205,9.3
20160709,127,5.1
20160710,119,4.6
20160711,96,3.1
20160712,300,2.6
20160713,69,19.6
20160714,237,8.8
20160715,19,9.3
20160716,173,4.1
20160717,194,5.7
20160718,106,5.1
20160719,264,12.4
20160720,172,6.7
20160721,207,5.7
20160722,55,4.1
20160723,353,12.4
20160724,231,14.9
20160725,200,5.7
20160726,116,3.6
20160727,43,9.8
20160728,74,9.8
20160729,262,8.8
20160730,265,8.8
20160731,139,3.6
20160801,112,6.2
20160802,113,5.1
20160803,114,7.7
20160804,116,4.1
20160805,196,6.2
20160806,154,7.7
20160807,256,4.1
20160808,260,5.1
20160809,115,5.1
20160810,110,4.6
20160811,100,4.6
20160812,37,8.8
20160813,210,7.2
20160814,20,5.1
20160815,343,4.6
20160816,97,5.1
20160817,190,6.7
20160818,130,4.6
20160819,114,4.6
20160820,329,6.7
20160821,40,11.8
20160822,23,9.8
20160823,111,4.1
20160824,354,5.1
20160825,24,4.6
20160826,104,4.1
20160827,116,7.2
20160828,202,4.1
20160829,154,4.1
20160830,189,5.7
20160831,55,5.1
20160901,13,6.2
20160902,40,8.8
20160903,164,4.6
20160904,47,10.8
20160905,26,9.8
20160906,184,6.7
20160907,254,15.4
20160908,164,13.9
20160909,240,7.7
20160910,242,5.1
20160911,116,5.1
20160912,112,4.6
20160913,199,5.7
20160914,195,6.2
20160915,20,5.7
20160916,58,10.8
20160917,252,5.7
20160918,245,7.7
20160919,19,7.2
20160920,110,10.8
20160921,286,6.2
20160922,255,5.1
20160923,16,5.1
20160924,345,4.1
20160925,238,3.6
20160926,319,7.2
20160927,225,5.1
20160928,252,5.1
20160929,125,8.8
20160930,340,8.2
20161001,340,7.7
20161002,11,7.7
20161003,142,6.7
20161004,334,8.2
20161005,206,6.7
20161006,94,7.2
20161007,182,8.8
20161008,39,8.8
20161009,144,10.3
20161010,144,4.6
20161011,312,9.8
20161012,39,11.3
20161013,333,8.8
20161014,74,8.2
20161015,144,9.3
20161016,217,7.7
20161017,183,7.7
20161018,6,7.2
20161019,72,11.8
20161020,192,7.7
20161021,123,8.2
20161022,266,7.7
20161023,46,5.1
20161024,353,9.8
20161025,27,7.2
20161026,186,8.2
20161027,190,8.8
20161028,9,8.2
20161029,134,7.2
20161030,288,6.2
20161031,235,6.7
20161101,351,7.2
20161102,211,8.2
20161103,193,8.2
20161104,196,4.6
20161105,67,6.7
20161106,31,10.8
20161107,150,7.2
20161108,212,7.2
20161109,51,8.2
20161110,12,5.1
20161111,13,7.7
20161112,247,8.2
20161113,265,7.7
20161114,22,13.4
20161115,58,9.8
20161116,348,8.8
20161117,202,12.4
20161118,180,7.2
20161119,182,10.8
20161120,263,10.3
20161121,188,8.2
20161122,267,7.2
20161123,248,6.2
20161124,338,8.8
20161125,46,9.3
20161126,58,9.8
20161127,242,10.8
20161128,242,6.2
20161129,2,6.2
20161130,274,6.7
20161201,261,6.2
20161202,254,7.2
20161203,245,7.2
20161204,229,6.2
20161205,52,8.2
20161206,354,6.7
20161207,24,11.8
20161208,216,4.6
20161209,45,9.3
20161210,354,9.8
20161211,205,8.2
20161212,182,13.4
20161213,249,6.2
20161214,32,9.3
20161215,26,9.8
20161216,142,7.7
20161217,237,6.7
20161218,50,11.3
20161219,260,9.3
20161220,264,5.7
20161221,12,9.3
20161222,35,10.8
20161223,158,8.2
20161224,203,8.2
20161225,191,7.2
20161226,246,5.7
20161227,32,7.2
20161228,191,9.8
20161229,280,7.2
20161230,268,6.2
20161231,34,9.8
20170101,48,10.8
20170102,5,7.7
20170103,19,5.1
20170104,168,10.3
20170105,304,6.2
20170106,360,5.7
20170107,187,6.2
20170108,145,6.2
20170109,59,7.2
20170110,262,6.2
20170111,1,9.8
20170112,71,10.8
20170113,187,8.8
20170114,32,10.8
20170115,56,9.3
20170116,187,7.7
20170117,299,5.1
20170118,70,10.8
20170119,330,13.9
20170120,55,6.7
20170121,26,7.2
20170122,230,8.2
20170123,207,7.7
20170124,203,7.2
20170125,208,12.4
20170126,10,5.1
20170127,272,6.7
20170128,260,8.2
20170129,49,7.7
20170130,14,6.2
20170131,75,9.3
20170201,2,11.8
20170202,49,6.7
20170203,189,6.7
20170204,10,5.1
20170205,250,6.2
20170206,348,9.8
20170207,201,5.7
20170208,119,7.2
20170209,222,9.3
20170210,122,5.1
20170211,252,6.7
20170212,25,10.3
20170213,343,10.3
20170214,35,7.2
20170215,213,8.2
20170216,257,5.7
20170217,229,5.1
20170218,19,5.7
20170219,251,5.1
20170220,3,5.1
20170221,201,7.2
20170222,307,4.6
20170223,289,4.6
20170224,262,6.7
20170225,297,6.2
20170226,318,5.7
20170227,252,5.7
20170228,9,4.6
20170301,267,6.2
20170302,191,4.6
20170303,144,7.2
20170304,194,6.7
20170305,260,7.2
20170306,182,4.6
20170307,163,6.2
20170308,138,8.8
20170309,108,4.1
20170310,353,4.1
20170311,250,5.1
20170312,203,3.6
20170313,136,3.6
20170314,262,7.7
20170315,146,7.2
20170316,234,4.6
20170317,222,4.1
20170318,44,5.7
20170319,31,4.6
20170320,176,7.7
20170321,351,5.7
20170322,203,6.7
20170323,295,4.6
20170324,334,4.6
20170325,347,4.6
20170326,34,3.1
20170327,220,4.6
20170328,231,5.7
20170329,118,4.6
20170330,265,5.7
20170331,162,5.7
20170401,6,7.2
20170402,24,7.2
20170403,122,5.1
20170404,123,7.7
20170405,236,9.8
20170406,176,7.7
20170407,109,4.6
20170408,348,4.6
20170409,21,4.6
20170410,266,4.6
20170411,135,5.1
20170412,76,8.8
20170413,162,4.6
20170414,81,9.3
20170415,33,5.7
20170416,104,4.1
20170417,250,5.1
20170418,112,5.1
20170419,216,5.1
20170420,141,4.6
20170421,272,4.6
20170422,120,4.1
20170423,191,4.1
20170424,192,4.6
20170425,295,3.6
20170426,326,4.1
20170427,2,6.2
20170428,17,11.3
20170429,252,3.6
20170430,182,7.2
20170501,156,5.1
20170502,307,2.6
20170503,70,11.3
20170504,118,5.7
20170505,282,2.6
20170506,114,3.1
20170507,102,4.6
20170508,48,4.6
20170509,46,4.6
20170510,128,3.6
20170511,306,7.7
20170512,262,5.1
20170513,118,5.1
20170514,103,3.1
20170515,103,4.1
20170516,109,5.7
20170517,286,5.7
20170518,205,12.4
20170519,162,7.7
20170520,158,9.8
20170521,118,4.1
20170522,281,2.1
20170523,360,5.1
20170524,107,4.1
20170525,103,5.1
20170526,131,5.1
20170527,202,4.6
20170528,134,4.6
20170529,285,3.1
20170530,302,4.1
20170531,106,3.1
20170601,110,4.6
20170602,112,4.1
20170603,105,2.1
20170604,179,6.2
20170605,175,7.2
20170606,110,5.1
20170607,201,6.2
20170608,138,3.1
20170609,288,3.1
20170610,147,7.2
20170611,118,4.6
20170612,59,7.2
20170613,196,7.7
20170614,151,5.1
20170615,153,2.6
20170616,130,3.6
20170617,119,5.1
20170618,112,5.7
20170619,123,5.1
20170620,139,4.6
20170621,106,5.1
20170622,193,5.1
20170623,196,6.7
20170624,202,4.6
20170625,178,8.2
20170626,100,3.6
20170627,108,4.1
20170628,122,4.1
20170629,336,3.6
20170630,18,9.3
20170701,14,10.3
20170702,119,4.6
20170703,80,3.1
20170704,193,6.2
20170705,91,3.6
20170706,334,3.1
20170707,115,3.1
20170708,29,4.6
20170709,111,4.1
20170710,118,3.1
20170711,3,6.7
20170712,180,9.8
20170713,192,9.3
20170714,224,5.7
20170715,279,3.1
20170716,302,2.6
20170717,216,4.1
20170718,112,4.1
20170719,110,4.6
20170720,130,5.1
20170721,111,6.2
20170722,247,7.2
20170723,113,4.1
20170724,352,5.1
20170725,142,4.1
20170726,30,6.2
20170727,29,7.7
20170728,128,6.7
20170729,114,5.7
20170730,302,3.1
20170731,65,6.2
20170801,171,5.1
20170802,115,4.6
20170803,148,4.6
20170804,119,4.1
20170805,107,4.6
20170806,28,7.7
20170807,57,3.6
20170808,93,4.1
20170809,275,3.1
20170810,322,5.1
20170811,173,4.1
20170812,25,9.8
20170813,59,7.2
20170814,102,5.1
20170815,134,4.6
20170816,24,9.3
20170817,36,14.4
20170818,113,5.1
20170819,121,4.6
20170820,149,8.8
20170821,107,7.2
20170822,137,5.1
20170823,112,4.6
20170824,312,3.1
20170825,360,5.1
20170826,28,4.6
20170827,356,5.1
20170828,40,7.2
20170829,243,5.7
20170830,260,4.1
20170831,256,5.7
20170901,312,5.1
20170902,253,5.7
20170903,119,4.6
20170904,246,5.7
20170905,26,6.7
20170906,355,10.3
20170907,54,7.7
20170908,102,9.8
20170909,56,6.2
20170910,142,5.1
20170911,138,9.3
20170912,145,6.2
20170913,50,6.7
20170914,348,7.7
20170915,54,14.9
20170916,180,6.2
20170917,59,14.4
20170918,127,6.2
20170919,205,7.7
20170920,28,6.7
20170921,353,7.2
20170922,265,8.8
20170923,186,5.7
20170924,49,9.3
20170925,52,11.8
20170926,13,8.8
20170927,154,8.2
20170928,262,7.2
20170929,7,7.7
20170930,184,5.7
20171001,148,7.7
20171002,164,7.2
20171003,190,7.2
20171004,312,4.6
20171005,328,8.2
20171006,352,7.7
20171007,147,5.1
20171008,127,4.6
20171009,108,6.7
20171010,27,6.7
20171011,200,6.7
20171012,11,4.6
20171013,183,8.8
20171014,354,8.8
20171015,194,8.8
20171016,184,10.3
20171017,132,6.2
20171018,272,8.2
20171019,249,7.2
20171020,218,5.1
20171021,203,8.8
20171022,262,7.2
20171023,18,7.2
20171024,200,8.8
20171025,1,7.7
20171026,178,7.7
20171027,345,5.7
20171028,196,5.1
20171029,348,5.1
20171030,2,7.2
20171031,267,5.1
20171101,22,6.7
20171102,58,8.8
20171103,49,10.8
20171104,25,10.3
20171105,288,11.3
20171106,185,7.2
20171107,13,19.6
20171108,352,20.1
20171109,157,8.2
20171110,150,7.2
20171111,185,9.3
20171112,303,6.2
20171113,49,6.2
20171114,198,8.2
20171115,246,6.7
20171116,250,4.6
20171117,254,8.2
20171118,146,9.8
20171119,264,7.7
20171120,203,7.2
20171121,267,5.7
20171122,252,7.2
20171123,210,6.7
20171124,265,6.2
20171125,326,6.2
20171126,241,6.2
20171127,272,5.1
20171128,241,6.2
20171129,240,6.7
20171130,58,7.2
20171201,204,5.7
20171202,174,6.7
20171203,194,7.2
20171204,237,7.7
20171205,269,8.2
20171206,318,6.2
20171207,360,9.3
20171208,51,9.8
20171209,331,9.3
20171210,180,7.2
20171211,252,7.7
20171212,239,7.2
20171213,300,5.7
20171214,203,7.2
20171215,201,7.7
20171216,191,8.2
20171217,173,8.8
20171218,53,8.8
20171219,173,7.2
20171220,250,6.7
20171221,190,4.6
20171222,341,7.2
20171223,354,6.7
20171224,322,8.2
20171225,33,9.3
20171226,202,9.3
20171227,261,11.8
20171228,190,9.8
20171229,274,7.7
20171230,11,6.7
20171231,3,6.7
20180101,257,6.2
20180102,338,7.7
20180103,335,7.2
20180104,150,10.8
20180105,195,7.2
20180106,258,8.2
20180107,190,6.7
20180108,247,6.7
20180109,344,5.1
20180110,62,4.6
20180111,25,8.2
20180112,219,5.1
20180113,349,7.7
20180114,51,6.7
20180115,19,7.2
20180116,360,7.7
20180117,1,6.2
20180118,24,9.3
20180119,288,5.7
20180120,201,6.2
20180121,266,6.7
20180122,190,6.7
20180123,201,6.7
20180124,143,6.2
20180125,197,7.7
20180126,257,8.2
20180127,224,8.2
20180128,338,7.2
20180129,350,5.1
20180130,259,6.7
20180131,65,8.2
20180201,61,20.6
20180202,8,8.8
20180203,250,6.2
20180204,114,5.1
20180205,352,7.2
20180206,205,7.2
20180207,199,5.7
20180208,264,6.7
20180209,250,6.7
20180210,31,7.2
20180211,42,7.2
20180212,352,7.2
20180213,62,5.7
20180214,258,6.2
20180215,353,7.2
20180216,337,9.3
20180217,13,8.8
20180218,49,6.2
20180219,19,5.1
20180220,193,9.8
20180221,28,10.3
20180222,198,5.7
20180223,198,7.7
20180224,226,6.7
20180225,60,8.8
20180226,42,11.3
20180227,116,4.6
20180228,290,2.6
20180301,278,5.1
20180302,340,5.7
20180303,82,5.1
20180304,1,7.2
20180305,239,5.1
20180306,227,5.1
20180307,121,7.7
20180308,280,5.1
20180309,158,9.8
20180310,238,7.2
20180311,247,5.7
20180312,191,6.2
20180313,181,8.2
20180314,327,4.6
20180315,348,7.2
20180316,202,8.2
20180317,250,6.2
20180318,111,4.1
20180319,29,6.2
20180320,350,4.1
20180321,355,5.1
20180322,137,8.2
20180323,207,3.6
20180324,351,8.8
20180325,55,6.2
20180326,4,5.7
20180327,32,12.4
20180328,193,4.6
20180329,239,6.2
20180330,156,7.2
20180331,60,8.2
20180401,212,6.2
20180402,36,7.7
20180403,175,5.1
20180404,183,6.2
20180405,172,5.1
20180406,36,6.2
20180407,212,8.8
20180408,1,6.2
20180409,132,10.3
20180410,166,13.9
20180411,170,10.3
20180412,114,4.6
20180413,310,4.1
20180414,89,3.6
20180415,258,9.3
20180416,64,8.2
20180417,22,13.4
20180418,253,6.7
20180419,291,3.6
20180420,115,3.6
20180421,159,8.8
20180422,141,4.6
20180423,253,4.6
20180424,130,5.1
20180425,171,6.2
20180426,263,5.1
20180427,66,4.6
20180428,188,3.6
20180429,233,3.6
20180430,191,8.2
20180501,263,4.6
20180502,111,4.6
20180503,113,5.1
20180504,308,3.6
20180505,31,8.8
20180506,209,6.2
20180507,139,3.6
20180508,102,4.1
20180509,138,4.6
20180510,109,3.6
20180511,10,8.8
20180512,67,5.1
20180513,106,4.6
20180514,113,4.1
20180515,132,3.1
20180516,191,5.1
20180517,196,5.1
20180518,132,4.6
20180519,199,8.8
20180520,42,11.3
20180521,229,5.1
20180522,37,12.9
20180523,155,6.7
20180524,56,12.4
20180525,112,6.2
20180526,135,4.1
20180527,108,5.1
20180528,201,7.2
20180529,126,4.6
20180530,109,2.6
20180531,345,3.1
20180601,112,4.6
20180602,134,5.7
20180603,138,5.1
20180604,116,3.6
20180605,162,8.8
20180606,122,8.2
20180607,102,5.7
20180608,120,7.7
20180609,68,6.7
20180610,52,6.7
20180611,204,5.1
20180612,251,7.7
20180613,256,7.7
20180614,111,3.6
20180615,131,3.1
20180616,116,3.6
20180617,66,5.7
20180618,181,4.6
20180619,258,6.2
20180620,118,5.1
20180621,106,4.1
20180622,292,2.6
20180623,292,3.1
20180624,50,7.7
20180625,39,6.7
20180626,110,5.7
20180627,314,2.6
20180628,108,4.6
20180629,293,2.6
20180630,262,2.6
20180701,200,7.2
20180702,147,5.7
20180703,124,3.6
20180704,196,6.2
20180705,103,3.1
20180706,62,8.2
20180707,50,12.9
20180708,25,14.9
20180709,8,9.3
20180710,116,3.1
20180711,125,3.6
20180712,119,4.6
20180713,16,5.1
20180714,104,5.7
20180715,29,5.7
20180716,53,7.7
20180717,198,3.6
20180718,318,3.1
20180719,308,4.1
20180720,104,4.1
20180721,2,14.4
20180722,201,7.2
20180723,123,5.1
20180724,111,4.1
20180725,108,5.1
20180726,267,4.6
20180727,360,4.6
20180728,341,3.1
20180729,62,6.2
20180730,131,4.6
20180731,34,8.2
20180801,354,4.1
20180802,102,7.2
20180803,322,5.7
20180804,122,4.6
20180805,116,4.6
20180806,90,3.1
20180807,50,9.3
20180808,51,9.8
20180809,257,4.6
20180810,110,4.1
20180811,106,5.1
20180812,136,5.7
20180813,322,3.1
20180814,122,5.1
20180815,196,6.2
20180816,76,8.2
20180817,353,5.1
20180818,161,5.7
20180819,95,5.1
20180820,96,6.2
20180821,140,4.6
20180822,293,8.2
20180823,270,6.2
20180824,133,5.7
20180825,255,6.7
20180826,221,5.1
20180827,243,3.1
20180828,110,4.6
20180829,58,7.2
20180830,358,6.2
20180831,257,5.7
20180901,42,7.2
20180902,98,4.1
20180903,147,5.7
20180904,158,7.2
20180905,284,7.2
20180906,254,5.1
20180907,231,5.7
20180908,205,5.7
20180909,259,5.7
20180910,258,5.1
20180911,246,5.1
20180912,256,6.2
20180913,202,5.7
20180914,193,6.2
20180915,243,6.7
20180916,46,9.3
20180917,22,11.8
20180918,228,5.7
20180919,261,5.1
20180920,16,7.7
20180921,250,5.1
20180922,182,6.2
20180923,198,7.2
20180924,12,7.2
20180925,251,10.8
20180926,190,7.7
20180927,336,5.7
20180928,205,6.2
20180929,329,4.6
20180930,26,9.3
20181001,305,8.2
20181002,186,7.7
20181003,197,7.2
20181004,333,4.6
20181005,359,7.2
20181006,360,6.2
20181007,209,6.2
20181008,194,8.2
20181009,180,7.2
20181010,8,9.3
20181011,43,10.3
20181012,135,12.9
20181013,205,6.2
20181014,283,7.2
20181015,206,7.2
20181016,174,8.2
20181017,193,7.2
20181018,240,5.7
20181019,328,4.1
20181020,272,5.1
20181021,264,6.2
20181022,267,6.2
20181023,243,6.7
20181024,270,6.7
20181025,11,8.8
20181026,26,5.7
20181027,253,5.7
20181028,12,7.2
20181029,201,3.6
20181030,198,7.7
20181031,21,8.2
20181101,184,9.8
20181102,263,8.2
20181103,35,11.8
20181104,306,8.2
20181105,169,7.2
20181106,311,6.2
20181107,56,8.8
20181108,54,11.8
20181109,65,11.3
20181110,183,5.7
20181111,226,7.2
20181112,183,9.3
20181113,240,8.2
20181114,300,5.7
20181115,360,8.8
20181116,311,6.7
20181117,36,8.2
20181118,188,12.9
20181119,160,9.3
20181120,55,7.2
20181121,120,9.3
20181122,166,8.8
20181123,295,7.7
20181124,53,7.7
20181125,91,9.3
20181126,138,8.8
20181127,91,8.8
20181128,239,7.2
20181129,238,7.2
20181130,356,8.2
20181201,352,8.8
20181202,330,8.8
20181203,206,7.7
20181204,24,9.3
20181205,53,8.8
20181206,139,11.3
20181207,162,7.2
20181208,152,6.7
20181209,225,8.8
20181210,339,6.7
20181211,349,6.2
20181212,47,9.3
20181213,87,12.9
20181214,15,6.7
20181215,350,6.7
20181216,176,5.7
20181217,238,7.2
20181218,31,8.8
20181219,331,6.2
20181220,253,5.1
20181221,343,5.7
20181222,200,7.2
20181223,204,6.7
20181224,292,6.7
20181225,182,7.7
20181226,188,9.3
20181227,181,6.7
20181228,45,7.7
20181229,283,3.6
20181230,282,3.6
20181231,193,6.7
20190101,188,6.2
20190102,13,6.2
20190103,201,8.8
20190104,165,9.8
20190105,248,8.2
20190106,353,9.8
20190107,162,9.3
20190108,185,10.8
20190109,28,7.7
20190110,262,6.7
20190111,234,7.7
20190112,13,8.2
20190113,272,9.8
20190114,185,8.8
20190115,154,8.8
20190116,195,8.2
20190117,169,7.7
20190118,260,7.7
20190119,48,11.3
20190120,193,8.2
20190121,181,7.2
20190122,184,5.1
20190123,1,10.8
20190124,23,7.2
20190125,251,6.2
20190126,187,6.7
20190127,122,6.2
20190128,189,9.3
20190129,260,6.2
20190130,178,7.2
20190131,345,5.7
20190201,80,8.8
20190202,288,5.1
20190203,258,6.7
20190204,60,8.2
20190205,352,4.6
20190206,244,7.7
20190207,299,6.7
20190208,38,7.2
20190209,282,6.7
20190210,2,6.7
20190211,353,7.7
20190212,26,6.7
20190213,230,5.7
20190214,15,9.3
20190215,194,9.8
20190216,300,6.2
20190217,208,6.7
20190218,210,8.2
20190219,42,7.2
20190220,4,7.2
20190221,339,7.7
20190222,183,8.8
20190223,259,6.7
20190224,176,9.3
20190225,158,7.7
20190226,213,6.2
20190227,26,10.8
20190228,210,6.2
20190301,250,6.7
20190302,224,7.2
20190303,254,6.7
20190304,176,6.7
20190305,231,6.7
20190306,265,4.6
20190307,53,10.8
20190308,312,8.2
20190309,231,5.1
20190310,247,5.7
20190311,320,6.2
20190312,63,6.2
20190313,62,8.2
20190314,360,7.2
20190315,62,9.3
20190316,45,7.2
20190317,196,5.7
20190318,227,5.7
20190319,325,5.1
20190320,337,4.6
20190321,253,5.1
20190322,254,5.7
20190323,288,4.1
20190324,298,4.1
20190325,29,7.7
20190326,38,11.8
20190327,58,12.4
20190328,345,5.7
20190329,307,4.6
20190330,283,4.6
20190331,317,8.8
20190401,329,14.9
20190402,189,6.7
20190403,123,4.6
20190404,254,5.7
20190405,210,8.8
20190406,115,6.2
20190407,242,8.8
20190408,99,5.1
20190409,111,5.7
20190410,352,8.8
20190411,182,6.2
20190412,152,7.7
20190413,188,5.1
20190414,130,4.1
20190415,118,4.6
20190416,247,5.7
20190417,121,4.6
20190418,115,5.1
20190419,114,4.1
20190420,15,6.2
20190421,162,6.2
20190422,266,5.1
20190423,102,4.6
20190424,119,4.1
20190425,241,5.1
20190426,120,3.6
20190427,39,9.8
20190428,38,11.3
20190429,55,11.8
20190430,111,5.7
20190501,104,5.1
20190502,124,5.1
20190503,325,3.6
20190504,350,4.1
20190505,275,3.6
20190506,113,4.6
20190507,115,4.6
20190508,104,4.1
20190509,61,7.7
20190510,66,4.6
20190511,63,5.7
20190512,33,8.2
20190513,184,8.8
20190514,2,7.7
20190515,317,4.1
20190516,148,6.2
20190517,125,4.6
20190518,359,4.1
20190519,178,7.2
20190520,192,6.2
20190521,243,5.1
20190522,133,4.6
20190523,229,4.6
20190524,182,5.7
20190525,125,3.6
20190526,13,3.6
20190527,49,8.2
20190528,54,9.3
20190529,70,12.9
20190530,49,12.9
20190531,72,6.7
20190601,44,6.7
20190602,248,6.2
20190603,128,4.1
20190604,113,6.7
20190605,181,6.2
20190606,57,9.3
20190607,128,4.6
20190608,108,4.1
20190609,115,3.6
20190610,293,2.6
20190611,297,3.1
20190613,126,3.1
20190614,110,3.1
20190615,136,5.1
20190616,232,7.2
20190617,94,4.1
20190618,140,3.6
20190619,296,2.1
20190620,50,6.7
20190621,10,3.6
20190622,309,3.6
20190623,130,3.1
20190624,119,3.6
20190625,124,2.6
20190626,98,4.1
20190627,108,3.6
20190628,110,3.1
20190629,298,1.5
20190630,331,3.1
20190701,79,3.6
20190702,44,4.6
20190703,40,10.8
20190704,149,5.7
20190705,99,6.2
20190706,126,6.7
20190707,126,3.1
20190708,108,5.1
20190709,102,3.6
20190710,3,5.1
20190711,25,4.6
20190712,26,6.7
20190713,25,11.8
20190714,25,13.9
20190715,39,6.2
20190716,93,6.7
20190717,128,4.6
20190718,110,4.6
20190719,187,3.1
20190720,196,3.6
20190721,110,5.1
20190722,118,4.6
20190723,87,4.1
20190724,97,3.6
20190725,144,4.6
20190726,137,3.1
20190727,128,3.6
20190728,62,4.1
20190729,147,3.1
20190730,4,6.2
20190731,206,6.7
20190801,117,5.1
20190802,115,7.2
20190803,125,3.6
20190804,187,8.8
20190805,340,3.1
20190806,322,2.6
20190807,130,3.6
20190808,1,4.6
20190809,122,5.1
20190810,90,7.2
20190811,49,7.2
20190812,258,4.1
20190813,188,3.6
20190814,162,5.7
20190815,111,5.7
20190816,1,7.2
20190817,195,8.2
20190818,102,5.7
20190819,67,5.1
20190820,46,10.3
20190821,357,6.2
20190822,113,6.7
20190823,122,7.2
20190824,183,7.7
20190825,52,4.1
20190826,163,9.8
20190827,155,6.7
20190828,156,4.1
20190829,353,4.6
20190830,160,6.7
20190831,191,7.2
20190901,228,4.6
20190902,268,4.6
20190903,118,4.6
20190904,124,5.1
20190905,183,6.2
20190906,234,5.7
20190907,122,4.6
20190908,102,7.2
20190909,113,8.8
20190910,108,5.1
20190911,229,5.7
20190912,236,4.1
20190913,23,8.2
20190914,164,5.1
20190915,264,7.2
20190916,42,10.8
20190917,233,11.8
20190918,152,7.7
20190919,186,7.7
20190920,41,5.1
20190921,240,5.7
20190922,167,5.7
20190923,54,9.8
20190924,181,9.8
20190925,257,11.3
20190926,219,7.2
20190927,160,6.7
20190928,360,3.6
20190929,45,9.3
20190930,346,10.3
20191001,229,7.7
20191002,183,13.4
20191003,296,5.1
20191004,307,5.1
20191005,49,10.8
20191006,216,5.7
20191007,190,6.2
20191008,28,8.8
20191009,17,9.3
20191010,42,9.3
20191011,344,8.8
20191012,54,8.8
20191013,119,6.7
20191014,177,5.7
20191015,150,9.8
20191016,175,9.8
20191017,3,7.2
20191018,33,12.4
20191019,26,9.3
20191020,23,8.8
20191021,260,8.2
20191022,20,9.3
20191023,237,9.3
20191024,199,11.8
20191025,199,7.2
20191026,235,5.7
20191027,11,9.8
20191028,251,8.2
20191029,191,7.7
20191030,35,6.7
20191031,254,9.3
20191101,256,7.7
20191102,226,5.7
20191103,242,6.7
20191104,242,7.7
20191105,346,8.2
20191106,14,9.3
20191107,42,9.8
20191108,18,10.3
20191109,5,11.3
20191110,27,12.4
20191111,235,9.8
20191112,149,8.2
20191113,18,11.8
20191114,8,18
20191115,344,6.7
20191116,54,10.3
20191117,340,8.2
20191118,211,11.8
20191119,29,8.8
20191120,171,8.2
20191121,177,7.2
20191122,210,7.7
20191123,191,7.2
20191124,352,7.7
20191125,201,7.2
20191126,3,7.2
20191127,5,8.8
20191128,333,10.3
20191129,216,7.7
20191130,9,8.8
20191201,349,13.4
20191202,39,11.8
20191203,52,13.9
20191204,44,9.3
20191205,352,7.7
20191206,3,8.8
20191207,51,12.9
20191208,56,9.8
20191209,190,8.2
20191210,203,8.2
20191211,257,7.7
20191212,333,6.2
20191213,354,9.3
20191214,184,8.8
20191215,5,9.8
20191216,358,8.2
20191217,347,9.3
20191218,232,9.3
20191219,32,11.3
20191220,63,8.2
20191221,338,5.7
20191222,260,6.2
20191223,209,7.7
20191224,250,6.7
20191225,244,7.2
20191226,349,7.7
20191227,5,9.3
20191228,202,9.8
20191229,166,7.7
20191230,196,7.2
20191231,233,6.7
20200101,227,5.1
20200102,20,10.3
20200103,204,9.8
20200104,194,7.7
20200105,180,8.2
20200106,156,13.9
20200107,1,6.7
20200108,306,6.7
20200109,184,7.2
20200110,196,7.2
20200111,5,10.3
20200112,56,10.3
20200113,253,8.2
20200114,272,7.7
20200115,244,7.2
20200116,253,7.2
20200117,186,8.2
20200118,255,8.2
20200119,262,6.2
20200120,243,6.7
20200121,241,7.2
20200122,196,6.2
20200123,241,5.7
20200124,195,6.7
20200125,179,5.7
20200126,192,6.2
20200127,37,8.2
20200128,221,5.7
20200129,358,8.2
20200130,192,10.3
20200131,233,8.2
20200201,186,5.1
20200202,56,7.7
20200203,343,9.8
20200204,50,15.4
20200205,195,8.2
20200206,166,7.7
20200207,360,6.2
20200208,190,9.3
20200209,190,5.1
20200210,245,5.7
20200211,226,6.2
20200212,231,6.7
20200213,237,5.7
20200214,248,6.7
20200215,340,7.7
20200216,27,12.9
20200217,12,9.3
20200218,346,8.2
20200219,162,6.2
20200220,22,5.7
20200221,316,10.3
20200222,240,10.8
20200223,231,6.2
20200224,238,7.2
20200225,256,5.7
20200226,357,6.2
20200227,345,7.2
20200228,59,10.8
20200229,33,8.2
20200301,244,4.1
20200302,27,6.7
20200303,24,9.3
20200304,144,7.7
20200305,244,5.7
20200306,44,4.1
20200307,355,6.2
20200308,331,7.2
20200309,8,8.2
20200310,123,5.7
20200311,232,6.7
20200312,152,5.7
20200313,233,5.7
20200314,254,5.7
20200315,110,4.6
20200316,231,8.8
20200317,262,7.2
20200318,282,5.1
20200319,253,6.2
20200320,201,6.7
20200321,42,11.8
20200322,246,5.7
20200323,175,13.9
20200324,143,5.1
20200325,225,6.2
20200326,81,7.2
20200327,204,7.2
20200328,145,9.3
20200329,245,5.1
20200330,125,4.6
20200331,250,4.6
20200401,204,4.6
20200402,239,5.1
20200403,113,4.6
20200404,306,5.1
20200405,36,5.7
20200406,26,6.7
20200407,360,9.3
20200408,187,6.7
20200409,119,5.7
20200410,136,4.1
20200411,35,6.2
20200412,356,11.3
20200413,357,12.4
20200414,277,8.2
20200415,106,4.6
20200416,185,5.1
20200417,124,3.6
20200418,30,9.8
20200419,89,6.2
20200420,218,9.3
20200421,102,4.1
20200422,26,6.2
20200423,122,4.1
20200424,196,4.6
20200425,111,4.6
20200426,98,4.1
20200427,33,10.8
20200428,250,5.1
20200429,107,4.6
20200430,235,3.6
20200501,112,4.1
20200502,12,17
20200503,20,10.8
20200504,183,6.7
20200505,142,9.8
20200506,110,4.6
20200507,314,2.6
20200508,108,4.1
20200509,112,3.6
20200510,120,3.6
20200511,3,7.7
20200512,51,4.6
20200513,301,3.6
20200514,112,3.1
20200515,115,3.1
20200516,239,2.6
20200517,116,5.1
20200518,198,4.6
20200519,112,4.6
20200520,124,4.1
20200521,284,3.6
20200522,272,3.1
20200523,102,4.1
20200524,185,4.1
20200525,176,5.7
20200526,115,4.6
20200527,102,4.6
20200528,108,3.6
20200529,115,4.6
20200530,111,3.1
20200531,111,4.1
20200601,114,4.1
20200602,258,4.1
20200603,324,3.6
20200604,235,4.6
20200605,114,3.1
20200606,141,6.7
20200607,103,4.1
20200608,258,2.1
20200609,134,5.1
20200610,100,5.1
20200611,45,6.2
20200612,185,5.1
20200613,122,4.1
20200614,111,3.6
20200615,48,10.3
20200616,36,8.8
20200617,344,8.8
20200618,129,8.8
20200619,159,9.8
20200620,121,3.6
20200621,309,2.6
20200622,264,2.1
20200623,150,2.1
20200624,123,3.6
20200625,128,5.7
20200626,98,5.1
20200627,119,5.7
20200628,28,6.2
20200629,240,7.2
20200630,237,6.2
20200701,249,6.7
20200702,100,5.1
20200703,318,2.1
20200704,62,8.2
20200705,73,4.6
20200706,25,6.2
20200707,122,3.1
20200708,222,8.2
20200709,114,2.6
20200710,295,1.5
20200711,307,1
20200712,58,9.8
20200713,210,5.7
20200714,120,3.6
20200715,124,5.1
20200716,141,3.1
20200717,133,3.6
20200718,109,2.6
20200719,127,2.6
20200720,52,9.8
20200721,56,10.8
20200722,134,4.6
20200723,186,8.2
20200724,118,4.1
20200725,115,2.6
20200726,120,4.6
20200727,52,5.7
20200728,315,2.1
20200729,316,3.6
20200730,321,3.1
20200731,41,4.6
20200801,37,5.1
20200802,40,4.1
20200803,281,3.6
20200804,360,6.2
20200805,341,4.6
20200806,21,8.8
20200807,22,4.6
20200808,123,5.7
20200809,158,6.2
20200810,158,4.1
20200811,180,7.7
20200812,53,6.7
20200813,238,6.2
20200814,242,5.1
20200815,228,7.2
20200816,126,4.1
20200817,132,6.2
20200818,107,6.2
20200819,85,5.1
20200820,54,9.3
20200821,24,7.7
20200822,8,5.1
20200823,129,3.6
20200824,354,6.7
20200825,114,10.8
20200826,208,7.2
20200827,188,5.7
20200828,42,5.7
20200829,112,3.6
20200830,231,5.1
20200831,39,8.2
20200901,43,9.8
20200902,249,7.7
20200903,122,4.6
20200904,50,5.7
20200905,52,9.8
20200906,36,9.8
20200907,106,5.7
20200908,254,4.1
20200909,213,4.6
20200910,243,8.2
20200911,154,9.3
20200912,145,7.2
20200913,43,6.2
20200914,56,11.3
20200915,318,12.9
20200916,2,5.7
20200917,43,9.3
20200918,255,11.3
20200919,156,6.7
20200920,111,5.1
20200921,109,3.6
20200922,340,9.3
20200923,41,11.3
20200924,357,9.8
20200925,43,7.7
20200926,36,9.8
20200927,344,14.9
20200928,250,16
20200929,199,10.8
20200930,140,5.7
20201001,342,5.1
20201002,3,7.2
20201003,15,7.2
20201004,51,8.2
20201005,253,7.2
20201006,330,9.3
20201007,139,8.8
20201008,353,8.2
20201009,357,7.7
20201010,24,6.7
20201011,21,12.4
20201012,51,8.8
20201013,209,7.2
20201014,221,9.3
20201015,136,8.2
20201016,191,7.2
20201017,327,7.7
20201018,40,6.7
20201019,45,10.3
20201020,189,7.2
20201021,232,6.2
20201022,228,7.2
20201023,241,6.2
20201024,19,5.7
20201025,45,9.3
20201026,28,11.3
20201027,68,6.7
20201028,320,5.1
20201029,31,7.7
20201030,33,8.2
20201031,4,9.8
20201101,194,9.3
20201102,317,3.6
20201103,10,4.1
20201104,14,9.3
20201105,89,9.3
20201106,65,5.1
20201107,243,5.1
20201108,185,7.7
20201109,100,11.3
20201110,92,7.7
20201111,208,8.2
20201112,206,7.7
20201113,354,7.2
20201114,244,7.7
20201115,197,5.7
20201116,200,8.8
20201117,355,10.3
20201118,206,8.8
20201119,280,8.8
20201120,180,7.2
20201121,1,8.8
20201122,236,8.2
20201123,1,7.7
20201124,40,8.2
20201125,99,6.2
20201126,174,10.3
20201127,177,10.3
20201128,12,7.7
20201129,254,7.7
20201130,61,8.2
20201201,284,7.2
20201202,4,10.3
20201203,46,10.3
20201204,44,6.2
20201205,6,8.8
20201206,32,10.8
20201207,41,12.4
20201208,50,9.8
20201209,49,5.7
20201210,188,9.3
20201211,204,11.3
20201212,158,8.8
20201213,193,6.7
20201214,186,5.1
20201215,211,7.2
20201216,246,8.8
20201217,246,8.8
20201218,204,7.2
20201219,359,8.2
20201220,358,5.7
20201221,53,8.2
20201222,328,8.8
20201223,20,11.3
20201224,175,10.8
20201225,224,6.7
20201226,220,8.8
20201227,129,8.8
20201228,193,8.2
20201229,175,8.8
20201230,226,6.7
20201231,242,7.7
20210101,37,5.1
20210102,27,9.3
20210103,29,8.8
20210104,258,5.7
20210105,348,7.2
20210106,74,6.2
20210107,358,9.8
20210108,208,8.8
20210109,18,8.8
20210110,224,8.8
20210111,215,8.2
20210112,236,6.7
20210113,339,6.7
20210114,247,8.2
20210115,232,9.8
20210116,341,6.2
20210117,46,11.8
20210118,21,10.3
20210119,60,13.4
20210120,45,8.2
20210121,176,5.1
20210122,186,6.7
20210123,1,9.8
20210124,243,7.2
20210125,235,7.2
20210126,183,8.8
20210127,254,7.2
20210128,204,10.3
20210129,244,7.7
20210130,240,8.8
20210131,239,7.2
20210201,253,8.8
20210202,242,6.2
20210203,232,9.3
20210204,7,6.2
20210205,360,6.7
20210206,239,6.2
20210207,22,8.8
20210208,13,7.2
20210209,85,11.3
20210210,256,12.4
20210211,266,9.3
20210212,238,7.7
20210213,337,5.7
20210214,260,6.2
20210215,252,3.6
20210216,145,12.4
20210217,249,6.7
20210218,240,7.2
20210219,235,8.8
20210220,225,7.7
20210221,216,7.2
20210222,64,7.7
20210223,321,10.8
20210224,4,11.3
20210225,43,5.1
20210226,4,6.7
20210227,21,6.2
20210228,63,8.2
20210301,11,6.7
20210302,48,8.2
20210303,47,11.3
20210304,194,5.7
20210305,2,11.8
20210306,46,11.3
20210307,205,7.7
20210308,177,6.7
20210309,286,4.1
20210310,36,9.3
20210311,76,5.1
20210312,237,5.1
20210313,235,6.7
20210314,26,6.2
20210315,46,9.8
20210316,189,9.3
20210317,246,5.7
20210318,221,8.8
20210319,231,7.2
20210320,238,3.6
20210321,254,6.2
20210322,298,5.1
20210323,214,7.2
20210324,237,5.1
20210325,328,4.6
20210326,118,6.2
20210327,36,11.3
20210328,52,10.3
20210329,306,5.1
20210330,136,4.6
20210331,144,9.3
20210401,226,6.7
20210402,94,4.6
20210403,2,6.2
20210404,4,5.1
20210405,350,6.2
20210406,164,8.8
20210407,108,5.1
20210408,220,4.6
20210409,56,5.1
20210410,57,10.8
20210411,53,9.8
20210412,22,10.8
20210413,13,11.3
20210414,230,6.7
20210415,47,5.1
20210416,139,8.2
20210417,241,6.7
20210418,327,4.6
20210419,160,4.1
20210420,335,4.1
20210421,194,8.8
20210422,354,3.6
20210423,7,5.1
20210424,194,7.2
20210425,238,6.2
20210426,54,7.2
20210427,246,6.2
20210428,126,4.6
20210429,243,5.7
20210430,196,4.1
20210501,126,5.1
20210502,201,5.7
20210503,119,4.1
20210504,358,6.2
20210505,307,3.1
20210506,239,5.7
20210507,125,4.1
20210508,28,9.8
20210509,37,9.3
20210510,36,7.2
20210511,58,11.8
20210512,174,8.8
20210513,121,4.1
20210514,61,5.1
20210515,109,5.1
20210516,356,7.2
20210517,249,7.2
20210518,231,12.9
20210519,245,3.6
20210520,158,5.1
20210521,42,5.1
20210522,246,5.1
20210523,20,3.6
20210524,100,7.7
20210525,178,5.7
20210526,109,4.6
20210527,114,3.6
20210528,309,5.1
20210529,198,5.1
20210530,176,4.6
20210531,174,8.2
20210601,104,7.2
20210602,115,5.1
20210603,117,3.6
20210604,311,2.6
20210605,41,10.8
20210606,30,10.3
20210607,124,3.1
20210608,117,4.1
20210609,97,4.6
20210610,104,4.1
20210611,112,3.1
20210612,357,3.1
20210613,1,8.2
20210614,54,7.2
20210615,35,7.2
20210616,15,5.1
20210617,171,8.2
20210618,119,4.6
20210619,122,4.6
20210620,210,8.8
20210621,210,8.8
20210622,92,4.6
20210623,125,4.6
20210624,117,4.1
20210625,38,9.8
20210626,60,11.3
20210627,124,5.7
20210628,63,8.8
20210629,192,6.7
20210630,298,2.6
20210701,324,2.6
20210702,122,3.1
20210703,315,2.1
20210704,134,3.1
20210705,111,3.1
20210706,32,15.4
20210707,47,19.6
20210708,123,3.6
20210709,187,4.1
20210710,309,3.6
20210711,114,3.1
20210712,100,5.1
20210713,99,3.1
20210714,307,2.6
20210715,38,8.2
20210716,17,16
20210717,23,14.9
20210718,47,4.6
20210719,114,4.6
20210720,20,3.6
20210721,53,10.3
20210722,57,8.2
20210723,114,4.6
20210724,99,5.7
20210725,51,6.7
20210726,348,11.8
20210727,138,4.6
20210728,1,3.6
20210729,331,5.1
20210730,109,4.6
20210731,114,5.1
20210801,124,3.1
20210802,16,6.2
20210803,237,7.2
20210804,96,6.2
20210805,103,8.2
20210806,223,5.1
20210807,175,8.2
20210808,193,10.3
20210809,188,10.8
20210810,118,3.1
20210811,315,2.6
20210812,71,9.8
20210813,24,10.8
20210814,213,8.2
20210815,347,3.1
20210816,354,17
20210817,45,10.8
20210818,114,6.2
20210819,206,5.1
20210820,178,7.2
20210821,241,4.1
20210822,26,9.3
20210823,49,8.2
20210824,2,7.7
20210825,29,6.2
20210826,54,8.2
20210827,39,6.7
20210828,45,7.2
20210829,124,4.1
20210830,282,7.2
20210831,100,4.6
20210901,118,5.1
20210902,232,7.2
20210903,254,5.1
20210904,110,4.1
20210905,108,5.1
20210906,71,11.8
20210907,53,13.4
20210908,268,8.2
20210909,199,3.1
20210910,278,12.4
20210911,151,7.2
20210912,28,12.4
20210913,10,13.4
20210914,39,8.8
20210915,253,6.2
20210916,96,9.8
20210917,234,6.7
20210918,298,7.7
20210919,50,10.3
20210920,140,7.7
20210921,41,11.8
20210922,178,4.1
20210923,109,4.6
20210924,324,5.7
20210925,337,13.4
20210926,220,10.8
20210927,79,8.2
20210928,184,7.7
20210929,69,5.1
20210930,205,9.3
20211001,185,6.7
20211002,292,5.1
20211003,32,7.2
20211004,127,3.1
20211005,17,7.2
20211006,44,10.8
20211007,342,8.2
20211008,358,8.8
20211009,199,6.2
20211010,232,8.8
20211011,303,12.9
20211012,212,8.8
20211013,181,11.3
20211014,128,6.7
20211015,199,8.8
20211016,343,6.7
20211017,27,13.9
20211018,23,10.3
20211019,226,5.7
20211020,326,7.2
20211021,228,7.7
20211022,246,7.2
20211023,307,4.1
20211024,354,8.2
20211025,354,7.7
20211026,61,6.2
20211027,32,7.2
20211028,301,7.2
20211029,174,7.2
20211030,349,8.8
20211031,192,6.2
20211101,204,7.2
20211102,238,9.8
20211103,117,12.9
20211104,272,7.2
20211105,243,7.2
20211106,223,7.2
20211107,242,7.2
20211108,186,7.7
20211109,34,7.2
20211110,356,6.7
20211111,48,8.8
20211112,78,11.3
20211113,359,12.9
20211114,322,10.8
20211115,17,9.8
20211116,332,9.8
20211117,53,7.2
20211118,252,8.2
20211119,200,8.2
20211120,31,6.7
20211121,22,13.9
20211122,158,5.1
20211123,248,9.3
20211124,305,6.7
20211125,334,8.2
20211126,300,7.7
20211127,36,7.7
20211128,39,8.8
20211129,237,7.7
20211130,249,7.2
20211201,204,8.2
20211202,360,7.7
20211203,63,7.7
20211204,5,8.8
20211205,52,11.8
20211206,142,5.1
20211207,20,6.7
20211208,258,6.7
20211209,67,6.7
20211210,19,7.7
20211211,78,9.3
20211212,142,7.2
20211213,231,5.1
20211214,221,4.6
20211215,154,10.3
20211216,228,8.2
20211217,187,9.3
20211218,227,10.3
20211219,243,8.2
20211220,48,13.4
20211221,74,11.8
20211222,295,9.8
20211223,168,9.3
20211224,262,10.8
20211225,357,5.7
20211226,45,8.2
20211227,354,9.3
20211228,208,7.7
20211229,196,8.8
20211230,211,6.7
20211231,225,8.8
20220101,187,7.7
20220102,355,8.2
20220103,255,6.7
20220104,227,9.8
20220105,180,8.8
20220106,359,7.2
20220107,99,6.7
20220108,204,6.7
20220109,240,6.2
20220110,312,7.2
20220111,208,8.2
20220112,198,12.4
20220113,9,5.7
20220114,242,8.2
20220115,9,8.2
20220116,256,8.8
20220117,243,10.3
20220118,234,9.8
20220119,359,8.8
20220120,190,9.8
20220121,247,5.7
20220122,254,10.3
20220123,240,6.7
20220124,212,8.8
20220125,347,5.1
20220126,175,9.8
20220127,281,8.8
20220128,277,6.7
20220129,236,8.2
20220130,235,8.8
20220131,252,8.2
20220201,8,8.8
20220202,38,11.8
20220203,9,11.8
20220204,58,11.3
20220205,236,6.7
20220206,132,11.8
20220207,2,5.1
20220208,337,5.7
20220209,26,5.7
20220210,90,10.8
20220211,195,4.6
20220212,160,7.2
20220213,189,9.3
20220214,242,8.2
20220215,238,6.2
20220216,260,7.2
20220217,347,7.2
20220218,180,5.1
20220219,44,9.8
20220220,39,6.2
20220221,238,7.2
20220222,336,5.7
20220223,234,5.1
20220224,251,8.2
20220225,230,6.7
20220226,249,9.3
20220227,239,7.2
20220228,239,7.2
20220301,155,7.7
20220302,240,7.7
20220303,240,6.2
20220304,258,6.2
20220305,239,5.7
20220306,236,6.7
20220307,245,5.7
20220308,308,6.2
20220309,341,5.7
20220310,305,6.2
20220311,62,11.3
20220312,150,9.8
20220313,261,8.2
20220314,234,7.7
20220315,129,8.8
20220316,272,6.7
20220317,41,6.7
20220318,286,8.8
20220319,3,6.2
20220320,74,9.8
20220321,134,5.1
20220322,130,4.6
20220323,137,4.6
20220324,141,7.7
20220325,258,8.8
20220326,239,7.7
20220327,248,6.7
20220328,244,5.7
20220329,250,6.7
20220330,241,5.1
20220331,260,6.2
20220401,355,7.2
20220402,184,7.7
20220403,277,5.7
20220404,258,4.1
20220405,69,6.2
20220406,192,10.3
20220407,176,5.7
20220408,204,6.7
20220409,341,5.1
20220410,119,4.6
20220411,351,6.2
20220412,21,7.7
20220413,252,7.2
20220414,115,4.6
20220415,198,6.7
20220416,132,4.6
20220417,242,6.2
20220418,249,5.7
20220419,122,4.1
20220420,19,10.3
20220421,79,12.4
20220422,59,8.2
20220423,192,6.7
20220424,168,6.2
20220425,124,4.1
20220426,292,4.6
20220427,48,5.1
20220428,272,5.1
20220429,210,4.6
20220430,353,6.2
20220501,41,8.8
20220502,69,8.8
20220503,10,5.7
20220504,330,3.6
20220505,117,4.1
20220506,190,6.7
20220507,304,3.6
20220508,54,8.2
20220509,48,9.3
20220510,252,5.7
20220511,104,4.6
20220512,129,4.1
20220513,250,4.1
20220514,54,8.8
20220515,23,4.1
20220516,241,4.6
20220517,303,3.1
20220518,113,3.6
20220519,30,10.8
20220520,36,11.3
20220521,77,4.1
20220522,311,3.6
20220523,142,4.1
20220524,114,6.2
20220525,165,6.7
20220526,99,5.1
20220527,108,6.2
20220528,126,3.6
20220529,130,5.1
20220530,148,4.6
20220531,50,8.8
20220601,21,12.4
20220602,30,10.8
20220603,119,6.2
20220604,112,4.6
20220605,65,6.2
20220606,68,10.8
20220607,35,16
20220608,12,8.2
20220609,47,9.8
20220610,302,12.4
20220611,192,10.3
20220612,14,14.4
20220613,7,10.8
20220614,200,7.2
20220615,179,4.6
20220616,332,3.6
20220617,347,3.1
20220618,210,4.1
20220619,132,6.2
20220620,183,7.7
20220621,281,2.6
20220622,322,2.1
20220623,312,2.1
20220624,138,2.6
20220625,113,4.1
20220626,120,3.6
20220627,90,3.1
20220628,123,3.6
20220629,184,5.7
20220630,183,8.8
20220701,172,8.2
20220702,120,3.1
20220703,103,3.1
20220704,308,3.1
20220705,357,5.1
20220706,161,4.6
20220707,118,5.7
20220708,22,12.4
20220709,41,8.8
20220710,241,5.7
20220711,178,4.1
20220712,128,7.2
20220713,64,10.3
20220714,112,4.6
20220715,351,6.7
20220716,153,4.6
20220717,35,9.3
20220718,21,14.9
20220719,31,14.9
20220720,37,5.7
20220721,180,7.7
20220722,127,5.1
20220723,110,3.6
20220724,125,4.6
20220725,135,3.6
20220726,248,6.2
20220727,44,7.2
20220728,6,4.6
20220729,37,7.7
20220730,209,5.1
20220731,197,8.2
20220801,248,4.6
20220802,74,13.4
20220803,179,5.7
20220804,28,6.7
20220805,33,9.8
20220806,55,13.9
20220807,133,8.2
20220808,153,6.7
20220809,239,7.2
20220810,140,5.7
20220811,249,5.7
20220812,108,5.1
20220813,265,6.2
20220814,239,5.1
20220815,100,5.1
20220816,49,10.8
20220817,39,11.3
20220818,44,12.4
20220819,69,10.8
20220820,19,11.8
20220821,39,10.3
20220822,327,4.1
20220823,240,5.7
20220824,332,9.3
20220825,44,7.7
20220826,162,8.8
20220827,118,4.6
20220828,248,6.7
20220829,244,7.2
20220830,343,5.7
20220831,14,6.7
20220901,1,5.7
20220902,51,11.3
20220903,7,10.3
20220904,234,6.7
20220905,197,7.2
20220906,271,6.2
20220907,129,8.2
20220908,17,5.1
20220909,116,5.1
20220910,305,6.7
20220911,322,7.2
20220912,197,5.7
20220913,148,9.3
20220914,125,6.7
20220915,162,7.2
20220916,256,5.7
20220917,263,5.7
20220918,19,7.2
20220919,24,7.7
20220920,350,6.2
20220921,146,4.6
20220922,289,5.1
20220923,252,8.2
20220924,248,8.2
20220925,192,5.7
20220926,236,6.2
20220927,350,5.7
20220928,130,9.8
20220929,39,9.3
20220930,230,6.2
20221001,326,4.1
20221002,241,5.1
20221003,234,9.3
20221004,302,8.2
20221005,220,11.8
20221006,248,7.2
20221007,276,6.2
20221008,22,7.7
20221009,327,6.7
20221010,38,12.4
20221011,81,11.8
20221012,152,6.7
20221013,115,9.3
20221014,240,7.2
20221015,251,7.7
20221016,182,7.7
20221017,223,8.2
20221018,254,9.8
20221019,238,7.7
20221020,247,8.2
20221021,248,7.7
20221022,208,6.2
20221023,266,7.7
20221024,175,5.7
20221025,155,5.1
20221026,18,7.2
20221027,332,6.7
20221028,36,11.8
20221029,354,12.9
20221030,353,9.8
20221031,289,9.3
20221101,37,9.3
20221102,22,16
20221103,14,13.9
20221104,232,8.8
20221105,184,8.2
20221106,345,6.7
20221107,248,8.2
20221108,360,6.7
20221109,225,8.2
20221110,228,10.3
20221111,347,9.3
20221112,151,6.7
20221113,246,7.7
20221114,258,7.7
20221115,354,7.2
20221116,22,6.7
20221117,354,6.7
20221118,326,7.2
20221119,5,6.7
20221120,352,9.8
20221121,351,11.3
20221122,20,11.8
20221123,351,9.8
20221124,261,7.7
20221125,172,6.7
20221126,8,8.2
20221127,212,7.7
20221128,211,8.2
20221129,340,9.3
20221130,72,8.8
20221201,232,8.8
20221202,182,9.8
20221203,183,8.2
20221204,174,9.3
20221205,207,7.7
20221206,241,8.8
20221207,335,8.2
20221208,354,8.2
20221209,46,9.3
20221210,354,10.3
20221211,30,8.8
20221212,242,7.2
20221213,2,6.7
20221214,208,5.1
20221215,338,7.2
20221216,338,8.8
20221217,45,6.7
20221218,238,7.2
20221219,220,5.1
20221220,149,4.6
20221221,142,9.8
20221222,343,5.7
20221223,161,7.7
20221224,207,7.7
20221225,244,10.8
20221226,236,7.7
20221227,47,8.2
20221228,240,8.8
20221229,246,9.8
20221230,271,8.2
20221231,259,8.8
20230101,15,8.2
20230102,339,6.2
20230103,251,7.2
20230104,60,7.2
20230105,306,5.7
20230106,34,8.8
20230107,104,7.2
20230108,249,7.2
20230109,262,6.7
20230110,356,7.2
20230111,144,13.9
20230112,260,8.2
20230113,43,5.1
20230114,246,6.7
20230115,310,8.2
20230116,222,9.3
20230117,242,8.2
20230118,166,8.2
20230119,198,8.8
20230120,209,7.7
20230121,239,7.7
20230122,217,10.3
20230123,232,8.8
20230124,297,7.2
20230125,358,9.8
20230126,37,7.2
20230127,276,7.7
20230128,118,8.8
20230129,244,5.1
20230130,79,8.8
20230131,344,5.1
20230201,18,5.7
20230202,59,10.8
20230203,8,8.8
20230204,32,6.7
20230205,25,14.4
20230206,227,7.2
20230207,148,7.7
20230208,226,8.2
20230209,128,8.8
20230210,262,6.2
20230211,14,8.2
20230212,274,6.2
20230213,125,11.8
20230214,170,11.3
20230215,226,8.2
20230216,108,9.3
20230217,268,8.2
20230218,349,6.7
20230219,190,7.2
20230220,215,7.2
20230221,205,7.7
20230222,220,9.3
20230223,189,9.8
20230224,165,9.8
20230225,350,6.2
20230226,238,8.2
20230227,135,7.2
20230228,250,6.7
20230301,34,7.7
20230302,211,6.2
20230303,47,6.7
20230304,148,8.8
20230305,243,10.3
20230306,231,6.2
20230307,316,4.6
20230308,173,7.2
20230309,7,9.3
20230310,212,9.3
20230311,244,7.2
20230312,1,7.7
20230313,189,11.8
20230314,238,7.2
20230315,6,7.2
20230316,34,10.3
20230317,23,17
20230318,247,8.2
20230319,197,8.2
20230320,46,12.4
20230321,298,8.2
20230322,241,7.2
20230323,245,4.6
20230324,355,5.7
20230325,19,9.3
20230326,127,7.7
20230327,196,6.2
20230328,121,13.4
20230329,266,9.8
20230330,113,6.2
20230331,350,8.8
20230401,10,14.4
20230402,330,8.8
20230403,237,6.2
20230404,202,5.7
20230405,75,6.2
20230406,199,9.8
20230407,121,5.1
20230408,337,4.1
20230409,323,4.1
20230410,1,10.8
20230411,36,11.8
20230412,61,5.1
20230413,154,5.1
20230414,109,5.1
20230415,352,5.7
20230416,120,6.2
20230417,132,5.1
20230418,41,12.4
20230419,35,5.1
20230420,318,4.1
20230421,36,7.7
20230422,232,6.7
20230423,159,9.8
20230424,183,14.9
20230425,216,3.1
20230426,197,7.2
20230427,122,3.6
20230428,103,4.1
20230429,276,3.1
20230430,307,3.1
20230501,128,4.6
20230502,8,12.9
20230503,35,11.8
20230504,359,5.7
20230505,116,5.1
20230506,109,4.1
20230507,55,6.7
20230508,56,6.2
20230509,10,11.8
20230510,210,8.8
20230511,152,11.3
20230512,107,4.6
20230513,101,3.1
20230514,117,3.1
20230515,122,4.6
20230516,104,4.6
20230517,132,3.1
20230518,342,5.7
20230519,130,4.1
20230520,196,6.2
20230521,214,4.6
20230522,119,4.6
20230523,173,7.2
20230524,188,5.7
20230525,90,3.6
20230526,358,9.8
20230527,23,9.3
20230528,103,3.6
20230529,35,12.4
20230530,313,11.8
20230531,27,5.1
20230601,50,11.3
20230602,33,10.8
20230603,121,4.6
20230604,315,9.8
20230605,184,8.2
20230606,106,3.6
20230607,305,2.1
20230608,111,2.6
20230609,171,2.6
20230610,325,2.6
20230611,292,2.6
20230612,195,6.7
20230613,258,3.1
20230614,114,2.1
20230615,304,2.6
20230616,184,2.6
20230617,332,2.6
20230618,147,3.6
20230619,122,3.6
20230620,127,3.6
20230621,120,5.7
20230622,104,4.1
20230623,71,4.6
20230624,107,5.1
20230625,108,3.6
20230626,90,6.2
20230627,244,5.7
20230628,111,2.6
20230629,258,9.3
20230630,243,5.7
20230701,176,10.8
20230702,189,6.2
20230703,199,7.7
20230704,164,5.1
20230705,201,6.2
20230706,126,3.6
20230707,287,5.7
20230708,103,3.1
20230709,118,3.6
20230710,278,2.6
20230711,321,2.6
20230712,202,8.8
20230713,22,3.1
20230714,120,4.6
20230715,305,4.6
20230716,152,8.2
20230717,295,3.1
20230718,309,3.1
20230719,42,6.7
20230720,124,5.1
20230721,132,6.2
20230722,266,8.8
20230723,127,5.1
20230724,118,5.1
20230725,198,9.8
20230726,156,8.8
20230727,137,6.7
20230728,125,4.1
20230729,106,3.6
20230730,118,4.1
20230731,305,3.6
20230801,325,10.8
20230802,66,7.7
20230803,283,3.1
20230804,178,7.2
20230805,149,4.1
20230806,241,5.1
20230807,227,7.7
20230808,126,5.1
20230809,314,4.6
20230810,229,7.7
20230811,112,5.1
20230812,308,3.1
20230813,15,8.8
20230814,239,8.8
20230815,4,8.8
20230816,109,7.2
20230817,105,5.7
20230818,290,4.6
20230819,42,8.2
20230820,32,5.7
20230821,232,7.7
20230822,120,6.2
20230823,291,5.1
20230824,193,7.7
20230825,232,5.1
20230826,117,4.1
20230827,200,7.7
