Date(NZST),Radiation(MJ/m2)
20090719,3.85
20090720,4.64
20090721,1.87
20090722,3.23
20090723,0.77
20090724,9.77
20090725,8.8
20090726,8.84
20090727,7.21
20090728,3.27
20090729,4.95
20090730,6.62
20090731,2.92
20090801,6.76
20090802,2.82
20090803,5.67
20090804,3.74
20090805,4.01
20090806,10.06
20090924,3
20090925,8.13
20090926,19.96
20090927,11.7
20090928,11.87
20090929,8.28
20090930,17.22
20091001,14.85
20091002,4.2
20091003,8.19
20091004,19.03
20091005,21.85
20091006,22.6
20091007,22.05
20091008,6.15
20091009,2.1
20091010,23.9
20091011,23.28
20091012,20.36
20091013,16.85
20091014,5.9
20091015,21.35
20091016,7.61
20091017,7.5
20091018,18.88
20091019,12.04
20091020,24.13
20091021,10.02
20091022,21.18
20091023,24.86
20091024,20.36
20091025,17.6
20091026,15.31
20091027,25.69
20091028,19.87
20091029,18.86
20091030,24.05
20091031,26.53
20091101,13.1
20091102,11.36
20091103,24.24
20091104,8.32
20091105,15.71
20091106,26.16
20091107,15.2
20091108,23.13
20091109,22.2
20091110,12.92
20091111,16.37
20091112,22.58
20091113,15.27
20091114,19.41
20091115,7.85
20091116,14.76
20091117,23.04
20091118,29.79
20091119,18.44
20091120,8.44
20091121,9.61
20091122,23.3
20091123,15.65
20091124,26.8
20091125,19.17
20091126,21.8
20091127,19.74
20091128,18.02
20091129,30.14
20091130,7.89
20091201,10.46
20091202,9.73
20091203,31.25
20091204,28.32
20091205,14.45
20091206,8.19
20091207,27.18
20091208,28.41
20091209,15.04
20091210,7.15
20091211,6.69
20091212,13.37
20091213,5.08
20091214,21.6
20091215,27.11
20091216,16.51
20091217,22.99
20091218,22.68
20091219,14.07
20091220,21.42
20091221,33.53
20091222,32.16
20091223,18.7
20091224,30.01
20091225,25.06
20091226,14.02
20091227,11.3
20091228,26.65
20091229,17.56
20091230,18.64
20091231,18.88
20100101,26.26
20100102,4.21
20100103,8.7
20100104,15.5
20100105,26.1
20100106,15.89
20100107,5.48
20100108,26.82
20100109,16.12
20100110,4.82
20100111,22.37
20100112,25.33
20100113,13.4
20100114,27.28
20100115,29.36
20100116,21.94
20100117,22.35
20100118,19.23
20100119,22.61
20100120,13.91
20100121,21.2
20100122,15.41
20100123,20.08
20100124,11.3
20100125,23.59
20100126,28.63
20100127,19.08
20100128,29.73
20100129,23
20100130,27.3
20100131,28.77
20100201,28.47
20100202,27.33
20100203,28.82
20100204,28.12
20100205,24.23
20100206,24.41
20100207,18.86
20100208,17.21
20100209,21.76
20100210,7.66
20100211,19.9
20100212,16.12
20100213,17.36
20100214,14.3
20100215,22.61
20100216,18.94
20100217,6.9
20100218,11.11
20100219,21.67
20100220,21.86
20100221,25.28
20100222,22.42
20100223,22.99
20100224,8.4
20100225,12.51
20100226,23.47
20100227,23.01
20100228,11.92
20100301,16.19
20100302,16.04
20100303,15.32
20100304,20.96
20100305,17.02
20100306,22.69
20100307,22.42
20100308,20.1
20100309,18.53
20100310,16.22
20100311,19.43
20100312,13.08
20100313,11.46
20100314,16.21
20100315,17.66
20100316,11.29
20100317,20.65
20100318,12.21
20100319,14.56
20100320,9.92
20100321,6.8
20100322,5.94
20100323,12.69
20100324,2.95
20100325,8.3
20100326,12.83
20100327,10.36
20100328,14.85
20100329,10.51
20100330,4.98
20100331,8.02
20100401,8.71
20100402,9.57
20100403,12.16
20100404,4.89
20100405,6
20100406,9.62
20100407,15.75
20100408,15.49
20100409,15.13
20100410,12.02
20100411,11.66
20100412,11.28
20100413,3.88
20100414,9.32
20100415,5.24
20100416,12.92
20100417,6.08
20100418,10.21
20100419,4.24
20100420,11.81
20100421,7.63
20100422,11.19
20100423,5.28
20100424,2.2
20100425,2.73
20100426,3.58
20100427,1.74
20100428,7.62
20100429,7.33
20100430,2.78
20100501,9.82
20100502,6.32
20100503,6.21
20100504,9.34
20100505,5.81
20100506,4.62
20100507,2.45
20100508,3.37
20100509,8.33
20100510,8.18
20100511,9.73
20100512,5.13
20100513,7.39
20100514,5.78
20100515,6.87
20100516,4.75
20100517,5.42
20100518,6.48
20100519,4.59
20100520,8.27
20100521,6.66
20100522,6.01
20100523,1.82
20100524,2.46
20100525,1.71
20100526,5.07
20100527,1.16
20100528,3.18
20100529,3.12
20100530,6.57
20100531,7.76
20100601,3.65
20100602,5.56
20100603,6.36
20100604,3.6
20100605,3.31
20100606,1.5
20100607,1.91
20100608,7.03
20100609,5.51
20100610,3.38
20100611,3.46
20100612,3.62
20100613,4.65
20100614,2.41
20100615,4.08
20100616,4.39
20100617,3.73
20100618,3.26
20100619,2.46
20100620,2.9
20100621,4.08
20100622,2.93
20100623,2.02
20100624,5.7
20100625,3.08
20100626,6.63
20100627,6.71
20100628,2.8
20100629,4.82
20100630,5.45
20100701,4.29
20100702,4.79
20100703,4.09
20100704,4.14
20100705,5.87
20100706,5.64
20100707,5.71
20100708,7.7
20100709,7.78
20100710,7.78
20100711,7.43
20100712,5.83
20100713,4.88
20100714,5.27
20100715,5.96
20100716,2.48
20100717,4.66
20100718,5.63
20100719,5.64
20100720,3.86
20100721,4.33
20100722,4.97
20100723,3.22
20100724,8.1
20100725,5.91
20100726,5.9
20100727,4.24
20100728,5.51
20100729,6.31
20100730,8.55
20100731,2.36
20100801,1.53
20100802,4.78
20100803,7.92
20100804,3.96
20100805,8.38
20100806,5.11
20100807,1.84
20100808,4.58
20100809,10.29
20100810,10.94
20100811,9.62
20100812,2.64
20100813,0.91
20100814,9.41
20100815,10.22
20100816,5.72
20100817,4.12
20100818,7.27
20100819,11.11
20100820,11.36
20100821,8.18
20100822,5.59
20100823,6.49
20100824,8.35
20100825,9.08
20100826,6.88
20100827,6.56
20100828,2.89
20100829,9.52
20100830,12.71
20100831,11.95
20100901,9.48
20100902,2.44
20100903,4.91
20100904,7.9
20100905,7.05
20100906,3.4
20100907,10.05
20100908,12.87
20100909,15.02
20100910,11.28
20100911,4.25
20100912,6.6
20100913,7.65
20100914,5.09
20100915,12.64
20100916,9.4
20100917,5.02
20100918,7.84
20100919,11.85
20100920,4.56
20100921,8.42
20100922,9.81
20100923,9.91
20100924,6.21
20100925,14.08
20100926,8.93
20100927,18.23
20100928,8.32
20100929,4.66
20100930,4.94
20101001,16.22
20101002,16.51
20101003,20.31
20101004,19.35
20101005,15.98
20101006,9.67
20101007,15.97
20101008,8
20101009,8.28
20101010,8.04
20101011,22.88
20101012,23.07
20101013,22.9
20101014,23.52
20101015,23.05
20101016,20.63
20101017,10.9
20101018,12.66
20101019,12.15
20101020,16.7
20101021,14.49
20101022,22.03
20101023,23.85
20101024,15.28
20101025,12.92
20101026,24.47
20101027,20.21
20101028,14.21
20101029,14.33
20101030,26.06
20101031,26.21
20101101,21.39
20101102,23.18
20101103,21.45
20101104,10.68
20101105,11.77
20101106,27.89
20101107,27.83
20101108,13.65
20101109,28.01
20101110,26.09
20101111,20.42
20101112,17.99
20101113,26.39
20101114,5.74
20101115,24.42
20101116,18.92
20101117,24.5
20101118,21.75
20101119,12.12
20101120,6.76
20101121,22.87
20101122,26.96
20101124,35.58
20101125,30.91
20101126,34.69
20101127,33.05
20101128,30.52
20101129,35.97
20101130,32.99
20101201,24.31
20101202,35.31
20101203,26.57
20101204,31.18
20101205,27.24
20101206,18.44
20101207,25.01
20101208,26.52
20101209,26.1
20101210,20.36
20101211,27.35
20101212,23.49
20101213,13.08
20101214,31.62
20101215,33.95
20101216,15.22
20101217,6.94
20101218,30.71
20101219,12.55
20101220,10.08
20101221,8.89
20101222,20.11
20101223,25.67
20101224,16.64
20101225,21.69
20101226,18.48
20101227,16.54
20101228,10.84
20101229,34.05
20101230,27.62
20101231,20.09
20110101,31.06
20110102,13.11
20110103,20.71
20110104,19.66
20110105,9.83
20110106,12.03
20110107,29.86
20110108,34.43
20110109,35.92
20110110,30.75
20110111,22.82
20110112,23.52
20110113,26.53
20110114,33.24
20110115,20.8
20110116,15.54
20110117,26.46
20110118,2.96
20110119,25.97
20110120,24.64
20110121,17.43
20110122,30.05
20110123,19.22
20110124,34.36
20110125,30.46
20110126,29.36
20110127,32.56
20110128,26.07
20110129,20.9
20110130,13.45
20110131,17.77
20110201,22.07
20110202,9.91
20110203,15.48
20110204,20.87
20110205,23.34
20110206,20.8
20110207,11.12
20110208,28.53
20110209,30.49
20110210,30.27
20110211,30.03
20110212,23.32
20110213,10.09
20110214,22.69
20110215,28.23
20110216,28.56
20110217,27.78
20110218,18.58
20110219,16.05
20110220,19.84
20110221,18.9
20110222,8.34
20110223,16.91
20110224,25.14
20110225,17.94
20110226,20.16
20110227,17.25
20110228,18.73
20110301,10.66
20110302,12.53
20110303,25.65
20110304,15.8
20110305,13.19
20110306,22.92
20110307,26.76
20110308,22.75
20110309,21.41
20110310,24.8
20110311,13.91
20110312,19.49
20110313,21.39
20110314,21.3
20110315,15.24
20110316,7.32
20110317,7.84
20110318,20.23
20110319,16.64
20110320,20.81
20110321,21.45
20110322,21.73
20110323,22.06
20110324,21.59
20110325,18.86
20110326,16.11
20110327,6.2
20110328,13.27
20110329,15.91
20110330,19.65
20110331,14.13
20110401,19.96
20110402,18.62
20110403,7.23
20110404,2.6
20110405,15.71
20110406,11.11
20110407,14.85
20110408,17.4
20110409,9.55
20110410,5.76
20110411,11.49
20110412,14.01
20110413,5.1
20110414,7.41
20110415,9.01
20110416,6.83
20110417,7.37
20110418,14.87
20110419,12.29
20110420,10.98
20110421,12.95
20110422,7.36
20110423,7.67
20110424,5.18
20110425,6.4
20110426,14.24
20110427,11.78
20110428,14.24
20110429,13.51
20110430,12.64
20110501,8.23
20110502,4.43
20110503,8.84
20110504,5.05
20110505,5.94
20110506,6.61
20110507,2.98
20110508,5.18
20110509,7.75
20110510,8.4
20110511,5.66
20110512,6.41
20110513,3.61
20110514,6.34
20110515,3.27
20110516,4.16
20110517,4.53
20110518,10.2
20110519,3.82
20110520,4.3
20110521,9.15
20110522,4.66
20110523,4.31
20110524,4.78
20110525,2.35
20110526,6.09
20110527,5.93
20110528,6.19
20110529,3.86
20110530,4.04
20110531,6.67
20110601,7.19
20110602,5.02
20110603,4.86
20110604,3.02
20110605,4.13
20110606,5.4
20110607,3.1
20110608,5.64
20110609,6.53
20110610,1.96
20110611,3.52
20110612,5.99
20110613,4.65
20110614,6.78
20110615,3.86
20110616,6.27
20110617,4.93
20110618,2.38
20110619,5.37
20110620,5.78
20110621,5.34
20110622,5.21
20110623,2.03
20110624,4.47
20110625,5
20110626,7.85
20110627,3.24
20110628,4.59
20110629,8.21
20110630,8.06
20110701,5.77
20110702,4.17
20110703,4.09
20110704,5.77
20110705,4.31
20110706,2.79
20110707,2.12
20110708,3.51
20110709,2.7
20110710,3.96
20110711,3.76
20110712,2.46
20110713,3.35
20110714,4.79
20110715,8.18
20110716,6.16
20110717,6.7
20110718,4.49
20110719,5.54
20110720,3.69
20110721,4.67
20110722,8.35
20110723,5.59
20110724,4.8
20110725,9.74
20110726,7.27
20110727,7.08
20110728,4.38
20110729,4.14
20110730,9.83
20110731,7.99
20110801,6.04
20110802,4.82
20110803,8.75
20110804,3.8
20110805,9.57
20110806,3.04
20110807,5.44
20110808,7.19
20110809,9.96
20110810,9.95
20110811,4.8
20110812,6.25
20110813,8.03
20110814,6.46
20110815,5.26
20110816,10.76
20110817,9.5
20110818,13.45
20110819,13.56
20110820,14.12
20110821,12.46
20110822,8.74
20110823,12.45
20110824,10.58
20110825,8.71
20110826,7
20110827,9.89
20110828,10.4
20110829,3.51
20110830,6.47
20110831,12.99
20110901,12.9
20110902,15.01
20110903,8
20110904,8.87
20110905,12.45
20110906,7.1
20110907,9
20110908,8.93
20110909,13.06
20110910,6.51
20110911,5.34
20110912,13.21
20110913,9.45
20110914,12.53
20110915,8.62
20110916,10.03
20110917,14.25
20110918,18.79
20110919,11.15
20110920,19.07
20110921,14.88
20110922,13
20110923,16.22
20110924,10.69
20110925,13.54
20110926,17.1
20110927,14.87
20110928,16.83
20110929,20.51
20110930,22.03
20111001,8.63
20111002,9.71
20111003,6.9
20111004,10.26
20111005,21.52
20111006,20.15
20111007,12.32
20111008,14.53
20111009,17.15
20111010,15.45
20111011,14.5
20111012,16.07
20111013,17.05
20111014,11.52
20111015,15.83
20111016,20.38
20111017,16.62
20111018,20.16
20111019,14.93
20111020,20.41
20111021,15.67
20111022,16.44
20111023,26.07
20111024,17.95
20111025,9.51
20111026,13.32
20111027,20.87
20111028,21.8
20111029,16.26
20111030,20.94
20111031,16.72
20111101,9.22
20111102,10.62
20111103,13.03
20111104,14.82
20111105,18.64
20111106,20.17
20111107,22.96
20111108,7.48
20111109,10.86
20111110,31.41
20111111,23.23
20111112,14.36
20111113,25.38
20111114,23.47
20111115,18.31
20111116,30.14
20111117,28.96
20111118,19.54
20111119,25.48
20111120,7.17
20111121,8.6
20111122,27.18
20111123,3.58
20111124,21.4
20111125,23.14
20111126,24.86
20111127,27.27
20111128,10.92
20111129,29.09
20111130,33.79
20111201,25.14
20111202,27.04
20111203,24.8
20111204,13.96
20111205,24.61
20111206,7.9
20111207,18.09
20111208,29.47
20111209,32.56
20111210,24.02
20111211,27.63
20111212,13.97
20111213,31.87
20111214,5.32
20111215,8.73
20111216,15.28
20111217,34.43
20111218,32.39
20111219,21.29
20111220,28.65
20111221,22.85
20111222,25.63
20111223,29.09
20111224,33.6
20111225,33.72
20111226,35.23
20111227,32.93
20111228,18
20111229,7.64
20111230,4.62
20111231,29.25
20120101,30.51
20120102,32.46
20120103,16.57
20120104,32.14
20120105,32.47
20120106,29.3
20120107,28.48
20120108,33.92
20120109,20.06
20120110,16.4
20120111,24.65
20120112,18.23
20120113,10.6
20120114,13.54
20120115,8.54
20120116,32.21
20120117,32.31
20120118,30.4
20120119,17.88
20120120,30.71
20120121,25.29
20120122,19.91
20120123,29.19
20120124,32.88
20120125,23.28
20120126,15.8
20120127,24.15
20120128,14.03
20120129,17.73
20120130,31.9
20120131,17.06
20120201,17.35
20120202,12.16
20120203,22.56
20120204,21.12
20120205,18.11
20120206,11.33
20120207,24.13
20120208,26.63
20120209,20.68
20120210,13.58
20120211,26.88
20120212,17.42
20120213,25.85
20120214,13.25
20120215,14.42
20120216,30.11
20120217,26.06
20120218,22.86
20120219,22.04
20120220,16.56
20120221,7.9
20120222,6.62
20120223,15.78
20120224,12.1
20120225,14.44
20120226,10.39
20120227,17.06
20120228,21.68
20120229,8.91
20120301,19.21
20120302,5.79
20120303,21.03
20120304,25.58
20120305,19.14
20120306,8.35
20120307,13.81
20120308,22.29
20120309,24.69
20120310,19.09
20120311,6.16
20120312,18.38
20120313,22.46
20120314,17.75
20120315,12.37
20120316,19.25
20120317,20.05
20120318,8.45
20120319,19.86
20120320,21.71
20120321,17.21
20120322,8.03
20120323,9.97
20120324,8.13
20120325,7.19
20120326,12.51
20120327,12.19
20120328,19.24
20120329,18.4
20120330,17.04
20120331,17.93
20120401,13.53
20120402,17.01
20120403,18.35
20120405,18.31
20120406,17.86
20120407,16.13
20120408,16.65
20120409,12.11
20120410,8.83
20120411,2.8
20120412,14.53
20120413,8.53
20120414,15.44
20120415,13.02
20120416,14.98
20120417,10.39
20120418,14.84
20120419,15.02
20120420,7.75
20120421,7.85
20120422,10.04
20120423,6.67
20120424,8.04
20120425,10.91
20120426,10.92
20120427,7
20120428,9.39
20120429,7.4
20120430,6.19
20120501,12.79
20120502,10.91
20120503,11.22
20120504,9.56
20120505,9.17
20120506,5.64
20120507,7.64
20120508,6.56
20120509,10.37
20120510,3.25
20120511,4.92
20120512,5.8
20120513,4.19
20120514,2.86
20120515,6.65
20120516,9.24
20120517,4.02
20120518,4.77
20120519,8.81
20120520,6.2
20120521,7.98
20120522,7.44
20120523,5.27
20120524,5.48
20120525,7.71
20120526,2.42
20120527,3.58
20120528,5.03
20120529,8.39
20120530,5.8
20120531,6.33
20120601,5.5
20120602,5.23
20120603,4.15
20120604,6.34
20120605,2.26
20120606,1.65
20120607,4.07
20120608,3.86
20120609,4.52
20120610,4.55
20120611,4.75
20120612,8.53
20120613,6.99
20120614,7.14
20120615,8.31
20120616,8.31
20120617,4.41
20120618,1.9
20120619,2.99
20120620,4.09
20120622,3.62
20120623,1.31
20120624,5.09
20120625,4.4
20120626,2.93
20120627,1.6
20120628,3.95
20120629,8.39
20120630,8.06
20120701,7.66
20120702,8.07
20120703,6.51
20120704,6.41
20120705,6.53
20120706,7.97
20120707,7.63
20120708,7.81
20120709,4.9
20120710,4.89
20120711,6.91
20120712,3.75
20120713,3.37
20120714,2.39
20120715,3.91
20120716,4.18
20120717,7.46
20120718,6.76
20120719,4.12
20120720,7.54
20120721,3.69
20120722,5.66
20120723,6.89
20120724,3.89
20120725,5.07
20120726,8.14
20120727,9.34
20120728,8.11
20120729,9.28
20120730,4.03
20120731,4.5
20120801,9.38
20120802,10.03
20120803,4.79
20120804,7.86
20120805,6.52
20120806,6.63
20120807,3.31
20120808,4.5
20120809,11.53
20120810,8.79
20120811,9.43
20120812,2.78
20120813,8.72
20120814,12.98
20120815,8.23
20120816,7.43
20120817,9.15
20120818,10.57
20120819,3.28
20120820,10.11
20120821,12.18
20120822,7.79
20120823,8.45
20120824,11.01
20120825,7.41
20120826,7.96
20120827,7.77
20120828,11.87
20120829,14.13
20120830,13.64
20120831,14.37
20120901,4.07
20120902,4.19
20120903,5.76
20120904,7.39
20120905,6.96
20120906,8.86
20120907,7.24
20120908,3.7
20120909,8.56
20120910,6.89
20120911,7.6
20120912,15.77
20120913,12.25
20120914,9.75
20120915,5.39
20120916,12.81
20120917,10.03
20120918,14.13
20120919,12.92
20120920,11.54
20120921,18.6
20120922,15.34
20120923,17.09
20120924,12.77
20120925,10.03
20120926,5.65
20120927,21.17
20120928,21.46
20120929,21.01
20120930,14.34
20121001,8.3
20121002,15.54
20121003,11.05
20121004,15.42
20121005,7.09
20121006,8.38
20121007,15.93
20121008,3.24
20121009,9.14
20121010,15.46
20121011,19.05
20121012,8.22
20121013,6.33
20121014,23.46
20121015,16.17
20121016,15.35
20121017,5.1
20121018,5.28
20121019,19.38
20121020,15
20121021,10.55
20121022,16.05
20121023,20.62
20121024,16.08
20121025,14.19
20121026,14.69
20121027,6.42
20121028,13.51
20121029,27.39
20121030,26.4
20121031,23.63
20121101,15.34
20121102,13.82
20121103,15
20121104,23.73
20121105,21.39
20121106,29.88
20121107,28.58
20121108,29.68
20121109,29.31
20121110,16.37
20121111,13.71
20121112,26.14
20121113,19.07
20121114,17.45
20121115,20.97
20121116,14.47
20121117,9.14
20121118,23.32
20121119,14.99
20121120,28.52
20121121,31.68
20121122,28.35
20121123,20.71
20121124,27.72
20121125,24.31
20121126,12.5
20121127,22.51
20121128,30.1
20121129,12.38
20121130,23.59
20121201,20.01
20121202,13.43
20121203,31.94
20121204,18.86
20121205,14.41
20121206,10.48
20121207,17.8
20121208,23.6
20121209,30.05
20121210,28.15
20121211,33.79
20121212,28.49
20121213,31.97
20121214,13.98
20121215,32.07
20121216,33.61
20121217,20.32
20121218,12.4
20121219,34.23
20121220,33.27
20121221,7.63
20121222,30.58
20121223,34.79
20121224,33.83
20121225,27.89
20121226,10.76
20121227,16.02
20121228,18.41
20121229,15.13
20121230,8.84
20121231,20.05
20130101,10.21
20130102,3.92
20130103,27.98
20130104,32.93
20130105,31.86
20130106,32.76
20130107,25.21
20130108,27.17
20130109,11.04
20130110,11.81
20130111,25.22
20130112,27.5
20130113,7.75
20130114,10.02
20130115,8.5
20130116,18.71
20130117,17.08
20130118,27.35
20130119,12.9
20130120,29.56
20130121,31.39
20130122,31.05
20130123,18.1
20130124,30.4
20130125,30.71
20130126,31.29
20130127,31.14
20130128,31.07
20130129,29.7
20130130,31.44
20130131,32.01
20130201,31.64
20130202,25.02
20130203,22.82
20130204,5.58
20130205,31.64
20130206,31.52
20130207,26.13
20130208,28.13
20130209,27.27
20130210,29.84
20130211,20.08
20130212,21.71
20130213,22.16
20130214,20.75
20130215,25.21
20130216,19.41
20130217,24.63
20130218,25.52
20130219,26.61
20130220,27.56
20130221,21.99
20130222,27.58
20130223,26.97
20130224,26.91
20130225,26.43
20130226,25.13
20130227,26.57
20130228,23.52
20130301,23.57
20130302,17.23
20130303,25.16
20130304,17.68
20130305,19.84
20130306,17.87
20130307,21.01
20130308,24.58
20130309,23.53
20130310,23.82
20130311,22.06
20130312,14.88
20130313,20.71
20130314,21.42
20130315,12.3
20130316,16.98
20130317,8.17
20130318,8.59
20130319,7.77
20130320,17.76
20130321,15.27
20130322,12.47
20130323,5.8
20130324,13.17
20130325,9.21
20130326,14.75
20130327,17.93
20130328,16.85
20130329,10.04
20130330,18.5
20130331,8.9
20130401,16.24
20130402,12.52
20130403,5
20130404,18.32
20130405,10.93
20130406,14.44
20130407,14.74
20130408,11
20130409,14.4
20130410,11.65
20130411,8.96
20130412,12.95
20130413,6.08
20130414,11.47
20130415,11.65
20130416,3.89
20130417,4.14
20130418,8.64
20130419,6.93
20130420,4.98
20130421,2.98
20130422,9.32
20130423,8.53
20130424,6.76
20130425,7.61
20130426,8.77
20130427,6.11
20130428,5.86
20130429,4.68
20130430,8.68
20130502,2.58
20130503,6.55
20130504,4.32
20130505,5.79
20130506,7.16
20130507,11.07
20130508,10.79
20130509,6.49
20130510,11.15
20130511,10.87
20130512,10.35
20130513,7.35
20130514,6.91
20130515,10.18
20130516,6.87
20130517,2.11
20130518,8.65
20130519,8.05
20130520,9.6
20130521,4.45
20130522,3.9
20130523,6.4
20130524,9.52
20130525,5.61
20130526,2.71
20130527,3
20130528,8.97
20130529,9.08
20130530,5.26
20130531,5.23
20130601,3.85
20130602,5.24
20130603,2.72
20130604,1.73
20130605,8.68
20130606,8.27
20130607,3.65
20130608,2.93
20130609,3.64
20130610,4.51
20130611,4.77
20130612,3.78
20130613,4.37
20130614,5.62
20130615,2.11
20130616,1.94
20130617,3.43
20130618,2.58
20130619,2.74
20130620,3.21
20130621,7.66
20130622,3.8
20130623,7.7
20130624,4.33
20130625,4.56
20130626,6.15
20130627,4.11
20130628,7.74
20130629,5.86
20130630,3.83
20130701,4.97
20130702,3.54
20130703,3.23
20130704,7.4
20130705,5.56
20130706,3.61
20130707,3.8
20130708,5.03
20130709,2.11
20130710,8.49
20130711,8.22
20130712,3.42
20130713,7.89
20130714,7.65
20130715,8.85
20130716,7.04
20130717,4.14
20130718,6.44
20130719,6.56
20130720,5.53
20130721,5.8
20130722,5.12
20130723,2.19
20130724,5.75
20130725,5.21
20130726,4.77
20130727,4.36
20130728,7.16
20130729,8.76
20130730,8.3
20130731,8.88
20130801,4.22
20130802,7.96
20130803,9.61
20130804,3.54
20130805,4.64
20130806,3.33
20130807,2.56
20130808,4.41
20130809,5.23
20130810,9.42
20130811,3.89
20130812,7.02
20130813,6.37
20130814,5.24
20130815,8.29
20130816,5.57
20130817,8.71
20130818,11.57
20130819,10.5
20130820,6.48
20130821,6.96
20130822,5.86
20130823,10.64
20130824,9.85
20130825,7.09
20130826,8.51
20130827,8.65
20130828,12.19
20130829,12.78
20130830,15.32
20130831,15.6
20130901,14.01
20130902,15.44
20130903,14.97
20130904,7.88
20130905,15.88
20130906,9.4
20130907,10.24
20130908,12.8
20130909,11.15
20130910,7.85
20130911,3.02
20130912,9.52
20130913,14.46
20130914,14.38
20130915,14.91
20130916,13.34
20130917,18.87
20130918,15.94
20130919,7.82
20130920,7.07
20130921,6.9
20130922,3.99
20130923,14.93
20130924,13.1
20130925,4.29
20130926,17.13
20130927,10.95
20130928,6.22
20130929,15.35
20130930,20.37
20131001,19.82
20131002,18.65
20131003,7.09
20131004,15.52
20131005,13.98
20131006,11.52
20131007,7.46
20131008,3.86
20131009,18
20131010,11.84
20131011,5.99
20131012,9.59
20131013,9.13
20131014,3.77
20131015,17.17
20131016,14.05
20131017,11.45
20131018,5.38
20131019,23.05
20131020,20.38
20131021,14.82
20131022,6.17
20131023,20.2
20131024,4.08
20131025,9.31
20131026,7
20131027,10.78
20131028,21.84
20131029,23.94
20131030,10.4
20131031,11.57
20131101,19.88
20131102,15.13
20131103,28.77
20131104,22.44
20131105,14.49
20131106,27.55
20131107,26.42
20131108,25.85
20131109,16.29
20131110,23.78
20131111,23.81
20131112,29.47
20131113,27.07
20131114,24.26
20131115,19.97
20131116,14.68
20131117,7.87
20131118,29.15
20131119,23.23
20131120,16.34
20131121,10.61
20131122,25.51
20131123,24.57
20131124,27.39
20131125,5.3
20131126,7.89
20131127,13.89
20131128,13.15
20131129,12.68
20131130,12.18
20131201,19.68
20131202,29.6
20131203,29.57
20131204,19.76
20131205,20.88
20131206,16.24
20131207,10.78
20131208,9.14
20131209,15.66
20131210,17.1
20131211,13.43
20131212,20.54
20131213,29.49
20131214,28.63
20131215,32.02
20131216,16.8
20131217,22.45
20131218,15.7
20131219,27.7
20131220,27.49
20131221,16.41
20131222,27.63
20131223,21.2
20131224,9.08
20131225,17.25
20131226,20.08
20131227,27.79
20131228,19.63
20131229,11.95
20131230,12.16
20131231,20.68
20140101,12.2
20140102,15.38
20140103,8.38
20140104,15.32
20140105,21.78
20140106,24.63
20140107,9.11
20140108,17.28
20140109,26.87
20140110,19.64
20140111,21.87
20140112,13.68
20140113,16.45
20140114,19.23
20140115,29.87
20140116,5.33
20140117,21.4
20140118,29.01
20140119,29.97
20140120,12.07
20140121,17.76
20140122,13.09
20140123,17.46
20140124,25.44
20140125,26.82
20140126,6.98
20140127,27.06
20140128,26.06
20140129,19.86
20140130,25.2
20140131,28.44
20140201,24.01
20140202,28.4
20140203,24.76
20140204,15.56
20140205,26.77
20140206,28.33
20140207,11.67
20140208,26.67
20140209,27.92
20140210,28
20140211,16.31
20140212,12.04
20140213,10.96
20140214,17.74
20140215,21.29
20140216,25.16
20140217,19.78
20140218,11.21
20140219,12.9
20140220,24.1
20140221,24.23
20140222,18
20140223,15.67
20140224,15.4
20140225,24.57
20140226,23.72
20140227,21.31
20140228,11.63
20140301,22.3
20140302,14.38
20140303,11.1
20140304,11.94
20140305,19.15
20140306,23.52
20140307,18.21
20140308,20.52
20140309,22.04
20140310,20.91
20140311,17.22
20140312,14.54
20140313,16.9
20140314,20.81
20140315,12.57
20140316,6.58
20140317,9.73
20140318,15.98
20140319,20.06
20140320,15.28
20140321,20.5
20140322,19.55
20140323,17.98
20140324,15.23
20140325,10.71
20140326,19.11
20140327,18.56
20140328,9.19
20140329,9.12
20140330,9.63
20140331,13.7
20140401,16.12
20140402,13.42
20140403,15.75
20140404,12.26
20140405,10.24
20140406,14.13
20140407,6.98
20140408,6.56
20140409,6.19
20140410,6.98
20140411,8.12
20140412,8.67
20140413,3.95
20140414,4.78
20140415,4.09
20140416,11.2
20140417,2.19
20140418,3.43
20140419,9.66
20140420,4.89
20140421,6.92
20140422,7.32
20140423,10.11
20140424,5
20140425,3.95
20140426,11.54
20140427,5.82
20140428,6.15
20140429,10.78
20140430,11.51
20140501,9.49
20140502,6.12
20140503,9.43
20140504,6.87
20140505,3.41
20140506,6
20140507,2.93
20140508,5.2
20140509,8.24
20140510,9.49
20140511,6.63
20140512,6.01
20140513,5.81
20140514,5.8
20140515,8.29
20140516,8.45
20140517,4.91
20140518,6.96
20140519,5.23
20140520,5.51
20140521,2.04
20140522,4.87
20140523,1.42
20140524,2.29
20140525,3.8
20140526,7.34
20140527,5.34
20140528,6.35
20140529,5
20140530,7.51
20140531,7.71
20140601,7.71
20140602,6.03
20140603,6.51
20140604,5
20140605,3.23
20140606,2.55
20140607,2.39
20140608,1.92
20140609,3.02
20140610,2.56
20140611,1.8
20140612,6.74
20140613,7.18
20140614,5.89
20140615,4.77
20140616,2.19
20140617,3.38
20140618,3.29
20140619,4.49
20140620,3.63
20140621,1.95
20140622,7.25
20140623,4.59
20140624,3.31
20140625,1.81
20140626,4.26
20140627,2.19
20140628,4.51
20140629,5.55
20140630,4.45
20140701,5.21
20140702,4.48
20140703,4.29
20140704,4.35
20140705,4.15
20140706,6.17
20140707,5.17
20140708,6.8
20140709,4
20140710,3.46
20140711,2.56
20140712,2.23
20140713,5.59
20140714,4.13
20140715,4.33
20140716,7.71
20140717,8.11
20140718,3.18
20140719,8.06
20140720,8.15
20140721,8.26
20140722,8.42
20140723,7.22
20140724,4.84
20140725,5.02
20140726,4.85
20140727,6.62
20140728,7.75
20140729,2.64
20140730,3.53
20140731,3.26
20140801,4.14
20140802,2.56
20140803,4.32
20140804,7.41
20140805,5.38
20140806,8.99
20140807,2.79
20140808,7.31
20140809,8.91
20140810,7.68
20140811,2.35
20140812,6.14
20140813,5.11
20140814,3.53
20140815,9.54
20140816,9.43
20140817,7.82
20140818,8.9
20140819,5.31
20140820,8.48
20140821,12.49
20140822,12.08
20140823,12.61
20140824,12.52
20140825,6.33
20140826,13.45
20140827,12.69
20140828,12.58
20140829,13.57
20140830,14.2
20140831,14.4
20140901,13.66
20140902,14.95
20140903,14.41
20140904,13.29
20140905,10.09
20140906,14.57
20140907,10.34
20140908,12.82
20140909,5.84
20140910,10.48
20140911,8.63
20140912,12.48
20140913,8.43
20140914,15.84
20140915,7.75
20140916,4.03
20140917,10.4
20140918,10.5
20140919,7
20140920,11.98
20140921,11.01
20140922,18.71
20140923,13.54
20140924,18.46
20140925,9.99
20140926,6.41
20140927,6.24
20140928,18.06
20140929,20.54
20140930,20.3
20141001,19.68
20141002,5.64
20141003,8.25
20141004,9.8
20141005,9.87
20141006,11.82
20141007,18.24
20141008,11.79
20141009,15.87
20141010,19.98
20141011,19.99
20141012,18.54
20141013,17.47
20141014,20.45
20141015,22.69
20141016,20.16
20141017,14.1
20141018,11.6
20141019,14.58
20141020,13.31
20141021,6.96
20141022,16.07
20141023,22.26
20141024,19
20141025,19.88
20141026,8.31
20141027,22.42
20141028,15.36
20141029,5.25
20141030,9.86
20141031,13.27
20141101,13.32
20141102,12
20141103,14.2
20141104,19.17
20141105,15.92
20141106,20.75
20141107,24.88
20141108,25.7
20141109,20.55
20141110,10.65
20141111,8.13
20141112,16.26
20141113,24.32
20141114,20.95
20141115,16.91
20141116,21.55
20141117,10.29
20141118,19.22
20141119,10.98
20141120,18.16
20141121,9.33
20141122,6.24
20141123,21.78
20141124,25.92
20141125,9.76
20141126,22.51
20141127,13.25
20141128,18.43
20141129,16.04
20141130,18.84
20141201,23.92
20141202,31.22
20141203,22.75
20141204,9.01
20141205,25.36
20141206,18.1
20141207,17.62
20141208,26.11
20141209,14.54
20141210,6.46
20141211,10.46
20141212,25.04
20141213,27.52
20141214,32.1
20141215,31.63
20141216,31.08
20141217,10.04
20141218,14.68
20141219,15.26
20141220,12.3
20141221,13.5
20141222,28.13
20141223,31.41
20141224,31.69
20141225,23.05
20141226,24.51
20141227,13.76
20141228,21.61
20141229,18.2
20141230,19.12
20141231,8.58
20150101,27.7
20150102,22.69
20150103,27.06
20150104,26.66
20150105,30.79
20150106,27.16
20150107,30.67
20150108,26.66
20150109,30.2
20150110,29.57
20150111,22.76
20150112,25.38
20150113,30.25
20150114,25.04
20150115,21.03
20150116,8.69
20150117,23.27
20150118,23.04
20150119,19.49
20150120,21.32
20150121,30.49
20150122,30.95
20150123,30.37
20150124,30.96
20150125,30.11
20150126,29.16
20150127,30.54
20150128,25.5
20150129,25.97
20150130,17.24
20150131,12.26
20150201,18.68
20150202,17.6
20150203,18.54
20150204,8.57
20150205,9.91
20150206,26.5
20150207,25.48
20150208,23.82
20150209,10.78
20150210,27.31
20150211,27.02
20150212,26.96
20150213,26.49
20150214,17.96
20150215,27.02
20150216,26.15
20150217,22.87
20150218,26.66
20150219,16.42
20150220,25.12
20150221,12.22
20150222,20.93
20150223,13.52
20150224,16.88
20150225,18.83
20150226,13.26
20150227,23.91
20150228,19.71
20150301,16.38
20150302,23.18
20150303,10.71
20150304,13.97
20150305,13.64
20150306,7.66
20150307,6.64
20150308,11.31
20150309,17.56
20150310,20.81
20150311,17.9
20150312,15.41
20150313,12.77
20150314,19.05
20150315,19.32
20150316,19.35
20150317,20.97
20150318,20.45
20150319,19.63
20150320,8.8
20150321,16.72
20150322,7.8
20150323,14.38
20150324,8.69
20150325,10.88
20150326,12.38
20150327,15.26
20150328,9.81
20150329,6.2
20150330,12.75
20150331,15.37
20150401,16.93
20150402,10.12
20150403,10.3
20150404,9.1
20150405,16.03
20150406,5.47
20150407,9.17
20150408,5.84
20150409,8.89
20150410,7.8
20150411,12.16
20150412,6.2
20150413,6.71
20150414,14.82
20150415,13.44
20150416,14.17
20150417,6.98
20150418,13.72
20150419,10.14
20150420,8.5
20150421,3.32
20150422,9.37
20150423,12.55
20150424,12.15
20150425,4.21
20150426,4.28
20150427,3.72
20150428,6.17
20150429,5.66
20150430,11.27
20150501,6.72
20150502,10.23
20150503,10.25
20150504,8.75
20150505,3.96
20150506,2.43
20150507,7.18
20150508,4.44
20150509,6.02
20150510,9.03
20150511,3.17
20150512,5.44
20150513,5.81
20150514,3.81
20150515,5.1
20150516,7.83
20150517,7.51
20150518,4.31
20150519,6.32
20150520,4.79
20150521,3.48
20150522,5.65
20150523,8.33
20150524,3.32
20150525,7.95
20150526,5.43
20150527,6.48
20150528,7.84
20150529,5.53
20150530,2.83
20150531,4.58
20150601,3.73
20150602,7.1
20150603,6.87
20150604,7.13
20150605,5.33
20150606,5.16
20150607,4.79
20150608,3.85
20150609,3.47
20150610,2.64
20150611,5.06
20150612,2.09
20150613,2.87
20150614,3.39
20150615,5.38
20150616,5.45
20150617,4.12
20150618,1.41
20150619,1.95
20150620,4.68
20150621,3.33
20150622,7.2
20150623,6.67
20150624,7.24
20150625,7.51
20150626,3.45
20150627,5.51
20150628,3.84
20150629,2.97
20150630,5.73
20150701,4.52
20150702,5.28
20150703,2.72
20150704,6.08
20150705,5.2
20150706,3.91
20150707,6.9
20150708,8.59
20150709,7.73
20150710,8.63
20150711,8.53
20150712,8.52
20150713,8.36
20150714,3.65
20150715,1.72
20150716,5.41
20150717,7.28
20150718,1.82
20150719,9.13
20150720,3.38
20150721,6.27
20150722,7.84
20150723,6.15
20150724,8.53
20150725,7.45
20150726,3.26
20150727,3.64
20150728,5.83
20150729,7.46
20150730,7.55
20150731,6.27
20150801,4.45
20150802,7.2
20150803,1.76
20150804,3.36
20150805,8.7
20150806,8.5
20150807,2.91
20150808,10.7
20150809,9.67
20150810,11.84
20150811,11.27
20150812,10.58
20150813,4.46
20150814,4.29
20150815,10.13
20150816,12.83
20150817,7.73
20150818,4.11
20150819,8.22
20150820,12.62
20150821,11.86
20150822,8.05
20150823,8.85
20150824,4.15
20150825,6.97
20150826,14.07
20150827,7.48
20150828,5.87
20150829,4.56
20150830,13.47
20150831,12.5
20150901,3.63
20150902,8.37
20150903,12.58
20150904,7.89
20150905,7.8
20150906,10.28
20150907,14.63
20150908,13.72
20150909,12.77
20150910,6.7
20150911,8.55
20150912,14.53
20150913,9.43
20150914,10.93
20150915,3.13
20150916,7.39
20150917,7.51
20150918,12.44
20150919,13.83
20150920,19.47
20150921,20.1
20150922,14.84
20150923,17.68
20150924,20.61
20150925,20.76
20150926,21.24
20150927,16.28
20150928,20.84
20150929,16.16
20150930,17.65
20151001,7.06
20151002,12.2
20151003,17.97
20151004,11.95
20151005,18.25
20151006,21.62
20151007,20.09
20151008,14.8
20151009,13.85
20151010,19.36
20151011,15.87
20151012,7.32
20151013,14.18
20151014,20.02
20151015,23.23
20151016,18.66
20151017,9.39
20151018,17.66
20151019,18.75
20151020,14.96
20151021,7.14
20151022,21.62
20151023,10.23
20151024,25.35
20151025,16.12
20151026,24.49
20151027,7.53
20151028,7.89
20151029,22.18
20151030,22.72
20151031,23.24
20151101,24.68
20151102,21.09
20151103,12.95
20151104,16.06
20151105,29.43
20151106,27.77
20151107,25.19
20151108,11.15
20151109,23.92
20151110,20.37
20151111,14.05
20151112,21.5
20151113,26.68
20151114,15.87
20151115,15.47
20151116,20.35
20151117,17.66
20151118,30.13
20151119,20.92
20151120,9.82
20151121,12.28
20151122,19.15
20151123,14.48
20151124,13.02
20151125,14.28
20151126,30.42
20151127,7.6
20151128,23.06
20151129,23.9
20151130,29.73
20151201,9.72
20151202,13.24
20151203,14.77
20151204,23.73
20151205,14.64
20151206,28.93
20151207,24.07
20151208,20.97
20151209,25.87
20151210,10.52
20151211,15.86
20151212,7.32
20151213,16.85
20151214,14.03
20151215,16.66
20151216,22.49
20151217,21.19
20151218,26.95
20151219,27.43
20151220,8.13
20151221,32.34
20151222,21.49
20151223,28.44
20151224,29.68
20151225,32.92
20151226,32.94
20151227,33.64
20151228,34.2
20151229,33.65
20151230,31.44
20151231,34.71
20160101,31.53
20160102,6.37
20160103,13.49
20160104,34.6
20160105,34.09
20160106,29.03
20160107,23.05
20160108,16.11
20160109,21.57
20160110,26.34
20160111,31.94
20160112,24.99
20160113,20.65
20160114,27.36
20160115,19.73
20160116,7.54
20160117,15.36
20160118,11.19
20160119,13.01
20160120,24.96
20160121,18.19
20160122,16.34
20160123,23.9
20160124,9.93
20160125,24.38
20160126,10.13
20160127,8.14
20160128,23.43
20160129,27.52
20160130,27.53
20160131,30.24
20160201,29.58
20160202,27.45
20160203,29.35
20160204,24.66
20160205,20.38
20160206,28.82
20160207,28.84
20160208,26.83
20160209,22.84
20160210,26.42
20160211,28.06
20160212,26.12
20160213,27.54
20160214,27.62
20160215,24.05
20160216,18.55
20160217,4.88
20160218,11.23
20160219,9.39
20160220,20.05
20160221,23.11
20160222,24.64
20160223,19.35
20160224,13.18
20160225,9.27
20160226,22.79
20160227,10.57
20160228,21.05
20160229,17.88
20160301,23.58
20160302,24.78
20160303,16.63
20160304,21.41
20160305,11.86
20160306,12.17
20160307,11.23
20160308,13.95
20160309,21.66
20160310,8.66
20160311,23.15
20160312,15.1
20160313,15.08
20160314,12.07
20160315,17.62
20160316,5.76
20160317,18.71
20160318,14.73
20160319,7.39
20160320,12.06
20160321,12.54
20160322,14.76
20160323,4.9
20160324,15.23
20160325,14.78
20160326,16.23
20160327,16.84
20160328,15.04
20160329,15.92
20160330,16.71
20160331,16.2
20160401,4.81
20160402,6.45
20160403,8.24
20160404,17.58
20160405,15.22
20160406,12.81
20160407,11.44
20160408,10.76
20160409,11.86
20160410,11.38
20160411,11.58
20160412,8.2
20160413,15.78
20160414,11.46
20160415,15.25
20160416,12.28
20160417,10.63
20160418,13.03
20160419,11.48
20160420,13.34
20160421,11.47
20160422,7.54
20160423,3.77
20160424,11.58
20160425,8.78
20160426,8.75
20160427,8.32
20160428,11.87
20160429,7.51
20160430,9.77
20160501,4.24
20160502,5.28
20160503,7.29
20160504,4.92
20160505,8.82
20160506,9.72
20160507,11.11
20160508,9.28
20160509,3.68
20160510,4.09
20160511,2.17
20160512,6.26
20160513,5.17
20160514,4.42
20160515,5.64
20160516,2.29
20160517,9.23
20160518,2.63
20160519,4.85
20160520,2
20160521,7.11
20160522,4.12
20160523,5.36
20160524,3.28
20160525,6.21
20160526,3.52
20160527,5
20160528,2.62
20160529,5.2
20160530,5.48
20160531,6.03
20160601,8.56
20160602,7.19
20160603,5.36
20160604,4.9
20160605,6.03
20160606,7.69
20160607,7.4
20160608,7.91
20160609,3.08
20160610,2.47
20160611,4.57
20160612,1.68
20160613,4.22
20160614,5.03
20160615,2.37
20160616,5.62
20160617,5.56
20160618,6.03
20160619,3.45
20160620,3.31
20160621,2.43
20160622,3.54
20160623,1.78
20160624,4.07
20160625,5.26
20160626,4.83
20160627,6.13
20160628,4.47
20160629,5.23
20160630,7.71
20160701,7.87
20160702,5.36
20160703,4.82
20160704,4.45
20160705,6.32
20160706,5.7
20160707,6.48
20160708,6.31
20160709,8.19
20160710,7.55
20160711,7.45
20160712,5.83
20160713,1.65
20160714,5.14
20160715,4.4
20160716,4.21
20160717,2.54
20160718,5.84
20160719,1.62
20160720,3.76
20160721,5.86
20160722,8.87
20160723,2.36
20160724,3.44
20160725,5.48
20160726,8.42
20160727,8.68
20160728,2.49
20160729,5.96
20160730,2.24
20160731,4.25
20160801,6.47
20160802,9.16
20160803,4.81
20160804,4.41
20160805,10
20160806,11.58
20160807,11.63
20160808,11.61
20160809,12.16
20160810,12.3
20160811,12.46
20160812,3
20160813,8.85
20160814,10.19
20160815,9.46
20160816,12.15
20160817,8.55
20160818,11.95
20160819,11.68
20160820,10.09
20160821,5.29
20160822,10.34
20160823,10.31
20160824,4.86
20160825,8.12
20160826,3.27
20160827,5.22
20160828,11.8
20160829,8.51
20160830,11.1
20160831,6.26
20160901,9.25
20160902,10.75
20160903,15.22
20160904,3.72
20160905,12.1
20160906,10.99
20160907,6.52
20160908,9.96
20160909,17.04
20160910,18.16
20160911,16.38
20160912,6.9
20160913,14.74
20160914,16.11
20160915,16.76
20160916,2.55
20160917,18.17
20160918,17.71
20160919,18.08
20160920,19.66
20160921,20.19
20160922,18.06
20160923,19.58
20160924,9.63
20160925,4.91
20160926,9.55
20160927,13.67
20160928,13.39
20160929,17.24
20160930,14.85
20161001,11.44
20161002,16.5
20161003,20.02
20161004,16.56
20161005,15.06
20161006,9.28
20161007,20.49
20161008,6.12
20161009,20.6
20161010,17.87
20161011,17.34
20161012,11.31
20161013,17.83
20161014,8.26
20161015,24.66
20161016,18.64
20161017,21.88
20161018,16.33
20161019,21.35
20161020,9.71
20161021,20.53
20161022,26.74
20161023,19.94
20161024,9.3
20161025,17.64
20161026,18.02
20161027,16.81
20161028,8.03
20161029,9.83
20161030,26.2
20161031,20.19
20161101,12.71
20161102,19.29
20161103,18.9
20161104,15.93
20161105,16.51
20161106,11.4
20161107,15.28
20161108,24.48
20161109,6.47
20161110,6.89
20161111,6.68
20161112,17.37
20161113,16.01
20161114,8.44
20161115,16.92
20161116,12.26
20161117,18.14
20161118,27.37
20161119,23.59
20161120,19.77
20161121,18.33
20161122,31.51
20161123,21.91
20161124,25.62
20161125,10.43
20161126,16.55
20161127,11.6
20161128,14.22
20161129,7.42
20161201,29.93
20161202,31.64
20161203,18.97
20161204,25.96
20161205,31.64
20161206,14.52
20161207,7.73
20161208,17.36
20161209,24.66
20161210,14.83
20161211,18.53
20161212,22.21
20161213,18.3
20161214,18.6
20161215,13.03
20161216,27.05
20161217,33.01
20161218,14.57
20161219,26.67
20161220,33.95
20161221,30.41
20161222,9.79
20161223,19.6
20161224,27.67
20161225,22.76
20161226,23.18
20161227,9.87
20161228,31.61
20161229,29.28
20161230,29.52
20161231,9.94
20170101,17.19
20170102,18.09
20170103,7.6
20170104,21.36
20170105,30.12
20170106,11.5
20170107,16.18
20170108,12.77
20170109,10.93
20170110,20.6
20170111,20.17
20170112,15.28
20170113,26.46
20170114,13.94
20170115,22.36
20170116,19.76
20170117,13.09
20170118,5.07
20170119,17.58
20170120,29.06
20170121,7.98
20170122,10.37
20170123,26.24
20170124,23.17
20170125,21.39
20170126,9.29
20170127,15.95
20170128,29.92
20170129,17.16
20170130,26.47
20170131,8.37
20170201,12.13
20170202,7.22
20170203,26.56
20170204,14.95
20170205,28.76
20170206,15.71
20170207,10.21
20170208,27.79
20170209,22.86
20170210,11.76
20170211,23.63
20170212,17.14
20170213,16.32
20170214,20.07
20170215,25.42
20170216,25.95
20170217,17.65
20170218,19.09
20170219,21.43
20170220,16.21
20170221,19.71
20170222,17.94
20170223,22.55
20170224,23.65
20170225,22.55
20170226,22.55
20170227,24.98
20170228,20.89
20170301,23.24
20170302,21.44
20170303,10.61
20170304,15.51
20170305,14.86
20170306,11.89
20170307,6.39
20170308,23.52
20170309,23.04
20170310,12.07
20170311,4.46
20170312,8.54
20170313,7.94
20170314,18.26
20170315,21.65
20170316,19.45
20170317,20.11
20170318,15.84
20170319,11.48
20170320,16.48
20170321,10.4
20170322,16.79
20170323,19.24
20170324,11.01
20170325,9.72
20170326,7.46
20170327,12.95
20170328,18.51
20170329,16.32
20170330,15.29
20170331,11.51
20170401,9.02
20170402,5.28
20170403,10.95
20170404,14.92
20170405,6.49
20170406,8.21
20170407,17.09
20170408,7.6
20170409,15.35
20170410,12.61
20170411,4.44
20170412,2.75
20170413,4.27
20170414,7.26
20170415,9.53
20170416,12.08
20170417,13.87
20170418,9.42
20170419,8.96
20170420,13.37
20170421,10.89
20170422,11.19
20170423,9.3
20170424,12.33
20170425,9.75
20170426,7.19
20170427,9.45
20170428,6.06
20170429,6.89
20170430,3.44
20170501,12.37
20170502,5.71
20170503,3.05
20170504,4.97
20170505,9.22
20170506,4.98
20170507,7.93
20170508,6.02
20170509,5.29
20170510,3.07
20170511,2.69
20170512,9.96
20170513,10.45
20170514,5.35
20170515,4.6
20170516,5.53
20170517,3.67
20170518,7.14
20170519,3.85
20170520,6.85
20170521,8.3
20170522,4.55
20170523,4.16
20170524,5.69
20170525,6.96
20170526,5.11
20170527,4.88
20170528,8.21
20170529,6.14
20170530,4.32
20170531,4.34
20170601,6.83
20170602,7.13
20170603,5.52
20170604,2.36
20170605,7.91
20170606,7.22
20170607,6.65
20170608,6.53
20170609,6.27
20170610,4.58
20170611,6.12
20170612,4.72
20170613,2.41
20170614,7.72
20170615,4.89
20170616,3.66
20170617,4.86
20170618,3.79
20170619,4.55
20170620,4.95
20170621,6.43
20170622,3.96
20170623,3.21
20170624,4.14
20170625,6.34
20170626,4.99
20170627,5.59
20170628,3.53
20170629,4.4
20170630,2.1
20170701,2.04
20170702,4.19
20170703,5.38
20170704,5.99
20170705,5.66
20170706,4
20170707,4.38
20170708,4.93
20170709,5.12
20170710,5.29
20170711,4.7
20170712,8.46
20170713,5.04
20170714,6.54
20170715,8.17
20170716,2.6
20170717,5.51
20170718,7.1
20170719,6.61
20170720,4.49
20170721,1.76
20170722,8.77
20170723,8.06
20170724,3.43
20170725,6.22
20170726,5.28
20170727,5.68
20170728,9.93
20170729,10.09
20170730,9.79
20170731,4.35
20170801,7.92
20170802,10.5
20170803,9.85
20170804,10.73
20170805,10.73
20170806,3.87
20170807,8.98
20170808,3.59
20170809,2.06
20170810,5.54
20170811,4.76
20170812,8.61
20170813,3.43
20170814,5.69
20170815,6.02
20170816,9.61
20170817,4.18
20170818,5.72
20170819,6.37
20170820,10.05
20170821,13.32
20170822,13.26
20170823,10.2
20170824,7.98
20170825,11.88
20170826,6.87
20170827,9.94
20170828,4.76
20170829,10.7
20170830,10.16
20170831,7.93
20170901,9.25
20170902,15.67
20170903,15.07
20170904,12.25
20170905,3.67
20170906,12.03
20170907,4.9
20170908,6.91
20170909,7.14
20170910,10.24
20170911,15.34
20170912,7.17
20170913,6.46
20170914,8.5
20170915,3.9
20170916,10.52
20170917,1.78
20170918,3.98
20170919,17.95
20170920,10.85
20170921,14.11
20170922,18.73
20170923,14.06
20170924,11.98
20170925,2.45
20170926,6.97
20170927,15.92
20170928,16.1
20170929,12.35
20170930,19.88
20171001,13.47
20171002,12.06
20171003,15.99
20171004,12.13
20171005,18.98
20171006,10.62
20171007,3.31
20171008,9.7
20171009,13.32
20171010,13.29
20171011,12.28
20171012,16.8
20171013,15.67
20171014,10.88
20171015,13.73
20171016,19.33
20171017,12.49
20171018,22.81
20171019,21.43
20171020,11.84
20171021,12.09
20171022,15.51
20171023,13.28
20171024,17.33
20171025,7.76
20171026,16.31
20171027,22.97
20171028,25.58
20171029,13.1
20171030,19.72
20171031,22.66
20171101,17.78
20171102,20
20171103,10.62
20171104,17.49
20171105,9.42
20171106,24.13
20171107,15.55
20171108,14.33
20171109,23.23
20171110,16.03
20171111,26.91
20171112,20.76
20171113,24.72
20171114,24.98
20171115,25.12
20171116,8.25
20171117,26.97
20171118,28.24
20171119,29.96
20171120,30.29
20171121,23.65
20171122,26.81
20171123,26.25
20171124,15.79
20171125,22
20171126,17.81
20171127,26.21
20171128,30.38
20171129,28.08
20171130,20.22
20171201,28.87
20171202,27.5
20171203,29.25
20171204,30.69
20171205,30.36
20171206,28.36
20171207,31.42
20171208,31.04
20171209,11.54
20171210,26.41
20171211,29.79
20171212,19.71
20171213,14.34
20171214,28.81
20171215,24.7
20171216,28.78
20171217,22.53
20171218,30.44
20171219,8.71
20171220,30.27
20171221,14.12
20171222,23.7
20171223,24.22
20171224,25.72
20171225,26.82
20171226,28.06
20171227,33.05
20171228,26.71
20171229,31.62
20171230,24.08
20171231,12.5
20180101,20.3
20180102,20.1
20180103,28.28
20180104,16.2
20180105,8.34
20180106,29.87
20180107,22.67
20180108,22.65
20180109,8.53
20180110,6.62
20180111,6.38
20180112,12.14
20180113,21.85
20180114,29.27
20180115,25.14
20180116,20.15
20180117,7.58
20180118,25.03
20180119,21.52
20180120,23.01
20180121,25.44
20180122,18.5
20180123,25.88
20180124,24.89
20180125,21.18
20180126,26.4
20180127,26.38
20180128,28.56
20180129,27.21
20180130,26.84
20180131,12.45
20180201,12.24
20180202,15.24
20180203,27.92
20180204,13.26
20180205,19.94
20180206,21.77
20180207,27.44
20180208,27.87
20180209,27.82
20180210,19.15
20180211,5.5
20180212,26.65
20180213,12.04
20180214,18.66
20180215,13.91
20180216,24.48
20180217,8.46
20180218,21.61
20180219,16.43
20180220,2.32
20180221,11.19
20180222,24.25
20180223,19.53
20180224,19.02
20180225,16.52
20180226,21.9
20180227,12.12
20180228,7.86
20180301,15.23
20180302,8.34
20180303,10.61
20180304,13.66
20180305,16.03
20180306,11.77
20180307,17.89
20180308,22.35
20180309,22.22
20180310,20.7
20180311,20.65
20180312,15.89
20180313,12.77
20180314,10.69
20180315,13.61
20180316,15.07
20180317,15.37
20180318,14.55
20180319,10.3
20180320,13.84
20180321,8.43
20180322,9.21
20180323,5.15
20180324,12.48
20180325,10.73
20180326,14.91
20180327,8.89
20180328,17.23
20180329,13.86
20180330,14.87
20180331,6.17
20180401,11.23
20180402,6.05
20180403,10.76
20180404,15.4
20180405,16.14
20180406,12.12
20180407,14.63
20180408,8.68
20180409,6.96
20180410,2.17
20180411,14.89
20180412,5.81
20180413,8.29
20180414,8.57
20180415,7.38
20180416,7.5
20180417,8.36
20180418,10.69
20180419,8.2
20180420,3.4
20180421,7.12
20180422,10.55
20180423,10.36
20180424,8.69
20180425,9.43
20180426,10.77
20180427,4.23
20180428,3.92
20180429,5.89
20180430,2.41
20180501,10.77
20180502,9.69
20180503,6.52
20180504,7.7
20180505,3.79
20180506,7.94
20180507,5.49
20180508,4.88
20180509,9.96
20180510,3.56
20180511,3.08
20180512,6.84
20180513,2.27
20180514,9.85
20180515,4.86
20180516,2.63
20180517,5.49
20180518,3.98
20180519,6.27
20180520,4.52
20180521,4.98
20180522,2.73
20180523,5.39
20180524,4.53
20180525,8.42
20180526,5.22
20180527,8.58
20180528,8.54
20180529,7.73
20180530,3.76
20180531,5.94
20180601,8.02
20180602,7.52
20180603,5.4
20180604,4.79
20180605,5.45
20180606,7.79
20180607,6.67
20180608,7.51
20180609,5.43
20180610,4.46
20180611,4.89
20180612,2.72
20180613,7.88
20180614,4.13
20180615,3.99
20180616,3.28
20180617,5.08
20180618,3.02
20180619,7.9
20180620,7.68
20180621,7.49
20180622,3.55
20180623,4.84
20180624,2.33
20180625,3.08
20180626,7.91
20180627,7.57
20180628,6.26
20180629,4.13
20180630,5.36
20180701,2.67
20180702,6.86
20180703,5.59
20180704,5.86
20180705,4.23
20180706,3.21
20180707,2.42
20180708,1.01
20180709,2.68
20180710,4.86
20180711,4.93
20180712,6.28
20180713,6.91
20180714,5.7
20180715,3.33
20180716,3.8
20180717,7.8
20180718,5.02
20180719,4.9
20180720,5.51
20180721,2.28
20180722,3.49
20180723,4.9
20180724,3.62
20180725,6.38
20180726,4.93
20180727,4.51
20180728,4.52
20180729,6.14
20180730,8.5
20180731,4.34
20180801,6.27
20180802,1.82
20180803,8.35
20180804,8.24
20180805,7.91
20180806,7.66
20180807,5.3
20180808,1.82
20180809,8.5
20180810,11.3
20180811,11.27
20180812,6.7
20180813,6.85
20180814,2.83
20180815,10.56
20180816,4.21
20180817,6.65
20180818,12.94
20180819,11.54
20180820,3.25
20180821,5.36
20180822,9.94
20180823,11.07
20180824,12.23
20180825,7.82
20180826,9.25
20180827,9.07
20180828,10.7
20180829,3.44
20180830,11.41
20180831,11.25
20180901,11.74
20180902,6.17
20180903,6.11
20180904,13.28
20180905,16.3
20180906,13.61
20180907,16.89
20180908,17.02
20180909,16.07
20180910,14.36
20180911,16.07
20180912,15.87
20180913,10.23
20180914,12.28
20180915,16.39
20180916,8.17
20180917,4.57
20180918,16.91
20180919,16.15
20180920,17.13
20180921,6.89
20180922,19.25
20180923,13.88
20180924,10.27
20180925,15.46
20180926,11.38
20180927,11.28
20180928,14.28
20180929,14.39
20180930,9.67
20181001,12.88
20181002,15.89
20181003,16.15
20181004,12.07
20181005,13.06
20181006,15.89
20181007,21.05
20181008,18.57
20181009,16
20181010,13.38
20181011,5.09
20181012,8.43
20181013,23.4
20181014,23.89
20181015,23.75
20181016,13.05
20181017,11.89
20181018,19.25
20181019,13.98
20181020,14.17
20181021,22.04
20181022,22
20181023,20.1
20181024,12.5
20181025,10.65
20181026,14.02
20181027,16.68
20181028,17.44
20181029,8.5
20181030,9.47
20181031,20.15
20181101,23.5
20181102,19.64
20181103,5.2
20181104,13.7
20181105,19.23
20181106,18.54
20181107,16.59
20181108,3.35
20181109,5.4
20181110,15.58
20181111,27.99
20181112,28
20181113,27.57
20181114,22.94
20181115,26.54
20181116,15.75
20181117,20.13
20181118,18.93
20181119,25.33
20181120,18.06
20181121,24.89
20181122,24.99
20181123,25.65
20181124,14.06
20181125,19.18
20181126,11.8
20181127,19.09
20181128,16.29
20181129,23.2
20181130,23.95
20181201,12.98
20181202,22.22
20181203,20.8
20181204,17.57
20181205,7.88
20181206,26.09
20181207,28.43
20181208,28.24
20181209,26.13
20181210,24.95
20181211,8.92
20181212,19.17
20181213,16.91
20181214,16.69
20181215,26.99
20181216,29.46
20181217,27.38
20181218,15.7
20181219,16.16
20181220,13.71
20181221,13.04
20181222,19.39
20181223,28.13
20181224,30.42
20181225,17.94
20181226,30.54
20181227,29.54
20181228,30.42
20181229,14.16
20181230,10.68
20181231,17.19
20190101,20.34
20190102,13.61
20190103,23.02
20190104,27.17
20190105,29.95
20190106,22.92
20190107,26.58
20190108,30.14
20190109,22.56
20190110,21.13
20190111,25.65
20190112,30.16
20190113,16.23
20190114,21.78
20190115,29.95
20190116,30.32
20190117,25.76
20190118,26.05
20190119,13.32
20190120,22.13
20190121,12.83
20190122,11.67
20190123,14.46
20190124,28.3
20190125,19.55
20190126,25.26
20190127,16.68
20190128,21.29
20190129,26.68
20190130,25.33
20190131,24.8
20190201,12.54
20190202,28
20190203,27.36
20190204,26.75
20190205,10.32
20190206,20.81
20190207,21.18
20190208,20.17
20190209,14.96
20190210,24.94
20190211,25.02
20190212,16.25
20190213,23.53
20190214,21.76
20190215,24.14
20190216,22.52
20190217,18.91
20190218,23.03
20190219,17.71
20190220,9.53
20190221,14.33
20190222,17.01
20190223,20.08
20190224,12.46
20190225,24.27
20190226,21.08
20190227,10.37
20190228,23.59
20190301,23.04
20190302,22.89
20190303,22.54
20190304,16.33
20190305,10.86
20190306,10
20190307,11.72
20190308,13.63
20190309,16.29
20190310,16.56
20190311,9.78
20190312,7.5
20190313,9.56
20190314,11.41
20190315,8.55
20190316,7.65
20190317,15.25
20190318,16.09
20190319,15.29
20190320,16.14
20190321,14.07
20190322,12.39
20190323,14.41
20190324,15.46
20190325,6.54
20190326,4.77
20190327,7.42
20190328,17.88
20190329,16.25
20190330,16.63
20190331,15.33
20190401,8.57
20190402,17.16
20190403,16.92
20190404,11.46
20190405,9.33
20190406,16.28
20190407,14.79
20190408,15.77
20190409,12.5
20190410,10.79
20190411,4.82
20190412,12.59
20190413,14.71
20190414,13.28
20190415,13.23
20190416,14.5
20190417,12.89
20190418,10.58
20190419,11.84
20190420,4.43
20190421,8.91
20190422,9.44
20190423,11.22
20190424,8.55
20190425,7.88
20190426,9.06
20190427,2.99
20190428,9.62
20190429,7.32
20190430,11.88
20190501,9.86
20190502,4.71
20190503,7.89
20190504,6.59
20190505,8.33
20190506,8.64
20190507,8.97
20190508,4.36
20190509,3.08
20190510,9.1
20190511,6.03
20190512,2.52
20190513,6.54
20190514,6.53
20190515,4.99
20190516,3.21
20190517,8.04
20190518,4.41
20190519,4.91
20190520,6.64
20190521,7.78
20190522,6.56
20190523,7.15
20190524,6.7
20190525,5.05
20190526,5.61
20190527,4.51
20190528,2.15
20190529,2.87
20190530,1.74
20190531,3.31
20190601,3.86
20190602,7.94
20190603,5.29
20190604,2.35
20190605,4.35
20190606,3.48
20190607,7.41
20190608,3.77
20190609,6.27
20190610,4.53
20190611,2.36
20190613,4.85
20190614,5.03
20190615,3.95
20190616,3.61
20190617,3.48
20190618,4.61
20190619,5.23
20190620,3.77
20190621,5.44
20190622,5.45
20190623,3.25
20190624,5.03
20190625,4.26
20190626,4.84
20190627,5.35
20190628,7.03
20190629,3.3
20190630,3.64
20190701,3.1
20190702,2.69
20190703,2.22
20190704,6.25
20190705,7.31
20190706,7.3
20190707,4.64
20190708,3.37
20190709,4.58
20190710,2.32
20190711,6.26
20190712,1.34
20190713,5.22
20190714,1.22
20190715,5.65
20190716,3.93
20190717,1.95
20190718,5.16
20190719,1.47
20190720,5.48
20190721,4.19
20190722,5.06
20190723,5.7
20190724,4.06
20190725,6.04
20190726,5.85
20190727,6.77
20190728,2.07
20190729,6.89
20190730,5.01
20190731,6.78
20190801,8.82
20190802,2.3
20190803,4.29
20190804,2.92
20190805,5.45
20190806,4.36
20190807,4.36
20190808,7.54
20190809,7.2
20190810,1.34
20190811,3.73
20190812,5.72
20190813,6.42
20190814,7.39
20190815,7.68
20190816,5.76
20190817,4.72
20190818,12.49
20190819,11.31
20190820,5.91
20190821,10.33
20190822,8.15
20190823,11.78
20190824,9.6
20190825,5.08
20190826,4.77
20190827,9.59
20190828,8.15
20190829,7.8
20190830,10.75
20190831,11.02
20190901,11.34
20190902,12.57
20190903,12.49
20190904,3.26
20190905,4.94
20190906,6.06
20190907,16.33
20190908,8.64
20190909,15.59
20190910,16.97
20190911,10.8
20190912,7.65
20190913,5.26
20190914,2.33
20190915,12.76
20190916,5.43
20190917,12.18
20190918,15.48
20190919,17.6
20190920,17.65
20190921,17.84
20190922,10.87
20190923,6.41
20190924,14.61
20190925,6.57
20190926,7.1
20190927,8.3
20190928,7.51
20190929,9.28
20190930,6.4
20191001,16.04
20191002,8.55
20191003,12.98
20191004,13.67
20191005,8.91
20191006,19.47
20191007,17.81
20191008,7.15
20191009,8.23
20191010,3.53
20191011,11.92
20191012,19.5
20191013,21.4
20191014,13.95
20191015,18.88
20191016,24.07
20191017,9.58
20191018,2.84
20191019,21.27
20191020,17.98
20191021,11.71
20191022,8.44
20191023,25.04
20191024,14.77
20191025,12.05
20191026,23.08
20191027,11.75
20191028,17.81
20191029,18.73
20191030,11.39
20191031,20.21
20191101,16.4
20191102,22.72
20191103,24
20191104,21.69
20191105,21.76
20191106,8.24
20191107,8.32
20191108,26.29
20191109,12.37
20191110,7.38
20191111,17.5
20191112,22.34
20191113,12
20191114,15.65
20191115,18.03
20191116,4.65
20191117,24.78
20191118,15.8
20191119,10.58
20191120,20.98
20191121,22.87
20191122,26.82
20191123,24.36
20191124,14.03
20191125,30.9
20191126,29.04
20191127,28.25
20191128,29.96
20191129,28.63
20191130,28.84
20191201,7.1
20191202,6.39
20191203,5.58
20191204,3.99
20191205,16.87
20191206,11.44
20191207,9.24
20191208,5.75
20191209,30.59
20191210,30.14
20191211,27.06
20191212,30.75
20191213,17.93
20191214,18.34
20191215,14.21
20191216,9.43
20191217,9.2
20191218,29.57
20191219,11.17
20191220,9.76
20191221,20.68
20191222,22.21
20191223,32.22
20191224,20
20191225,22.9
20191226,22.64
20191227,14.84
20191228,25.32
20191229,23.96
20191230,24.96
20191231,24.46
20200101,16.37
20200102,19.46
20200103,24.88
20200104,17.73
20200105,8.97
20200106,15.86
20200107,25.74
20200108,14.35
20200109,16.49
20200110,26.49
20200111,28.79
20200112,7.13
20200113,31.04
20200114,31.4
20200115,29.41
20200116,31.09
20200117,28.12
20200118,28.7
20200119,27.8
20200120,27.3
20200121,25.82
20200122,21.66
20200123,25.1
20200124,28.67
20200125,14.79
20200126,19.15
20200127,22.42
20200128,24.19
20200129,12.03
20200130,25.69
20200131,25.82
20200201,18.56
20200202,5.7
20200203,23.22
20200204,7.78
20200205,17.77
20200206,18.34
20200207,20.92
20200208,17.41
20200209,27.11
20200210,27.2
20200211,23.02
20200212,22.9
20200213,17.03
20200214,24.52
20200215,21.16
20200216,7.33
20200217,8.71
20200218,14.33
20200219,19.96
20200220,19.88
20200221,12.4
20200222,12.61
20200223,24.88
20200224,21.55
20200225,20.28
20200226,20.46
20200227,13.26
20200228,8.62
20200229,23.78
20200301,19.56
20200302,13.04
20200303,7.48
20200304,16.53
20200305,23.19
20200306,22.25
20200307,14.88
20200308,9.69
20200309,18.11
20200310,15.67
20200311,18.9
20200312,17.58
20200313,13.31
20200314,19.68
20200315,12.19
20200316,18.39
20200317,20.5
20200318,17.77
20200319,11.98
20200320,15.01
20200321,3.18
20200322,13.57
20200323,9.41
20200324,10.37
20200325,9.61
20200326,12.26
20200327,8.99
20200328,17.65
20200329,6.23
20200330,14.06
20200331,12.29
20200401,14.23
20200402,15.64
20200403,14.61
20200404,15.11
20200405,12.96
20200406,7.76
20200407,5.67
20200408,9.57
20200409,11.47
20200410,14.23
20200411,12.02
20200412,6.48
20200413,4.55
20200414,10.57
20200415,6.33
20200416,8.04
20200417,3.35
20200418,9.14
20200419,6.3
20200420,5.51
20200421,9.47
20200422,9.63
20200423,3.2
20200424,10.15
20200425,4.69
20200426,10.08
20200427,2.47
20200428,11.53
20200429,9.18
20200430,8.35
20200501,7
20200502,3.24
20200503,5.96
20200504,1.79
20200505,4.6
20200506,9.25
20200507,5.34
20200508,5.7
20200509,4.76
20200510,4.17
20200511,2.64
20200512,4.11
20200513,6.13
20200514,6.02
20200515,6.82
20200516,5.12
20200517,6.06
20200518,6.46
20200519,6.14
20200520,8.25
20200521,5.8
20200522,5.43
20200523,3.75
20200524,1.47
20200525,5.01
20200526,7.82
20200527,6.86
20200528,6.35
20200529,4.04
20200530,6.78
20200531,6.54
20200601,6.1
20200602,5.82
20200603,4.23
20200604,2.24
20200605,5.92
20200606,2.81
20200607,3.85
20200608,3.97
20200609,4.67
20200610,5.79
20200611,4.17
20200612,3.77
20200613,4.15
20200614,4.18
20200615,2.32
20200616,2.39
20200617,5.77
20200618,1.88
20200619,4.15
20200620,6.58
20200621,6.62
20200622,6.1
20200623,6.02
20200624,5.55
20200625,6.5
20200626,5.73
20200627,4.68
20200628,4.62
20200629,3.23
20200630,7
20200701,7.22
20200702,7.03
20200703,6.72
20200704,2.04
20200705,3.03
20200706,4.86
20200707,3.65
20200708,4.43
20200709,6.85
20200710,5.96
20200711,3.46
20200712,2.45
20200713,5.97
20200714,5.2
20200715,4.62
20200716,3.92
20200717,6.84
20200718,6.75
20200719,2.99
20200720,6.01
20200721,2.76
20200722,4.87
20200723,3.43
20200724,5.52
20200725,6.07
20200726,5.32
20200727,8.56
20200728,3.3
20200729,4.69
20200730,3.69
20200731,3.97
20200801,4.27
20200802,5.77
20200803,4.57
20200804,6.69
20200805,8.82
20200806,5.56
20200807,5.9
20200808,10.49
20200809,6.72
20200810,7.29
20200811,10.2
20200812,9.83
20200813,10.45
20200814,10.88
20200815,10.7
20200816,10.34
20200817,12.34
20200818,8.28
20200819,3.4
20200820,5.56
20200821,3.7
20200822,6.26
20200823,7.8
20200824,7.64
20200825,7.5
20200826,12.21
20200827,12.15
20200828,9.57
20200829,5.52
20200830,7.34
20200831,10.37
20200901,4.61
20200902,15.22
20200903,13.64
20200904,8.88
20200905,4.79
20200906,5.3
20200907,16.51
20200908,15.08
20200909,7.87
20200910,7.75
20200911,15.61
20200912,16.82
20200913,9.07
20200914,8.83
20200915,6.45
20200916,11.7
20200917,1.55
20200918,12.11
20200919,15.01
20200920,10.37
20200921,9.28
20200922,15.06
20200923,14.19
20200924,15.37
20200925,15.09
20200926,10.04
20200927,10.65
20200928,6.65
20200929,9.52
20200930,13.5
20201001,13.89
20201002,14.14
20201003,8.79
20201004,19.37
20201005,20.54
20201006,7.86
20201007,14.64
20201008,15.1
20201009,20.92
20201010,5.2
20201011,4.25
20201012,16.41
20201013,13.71
20201014,19.93
20201015,24.38
20201016,17.87
20201017,12.79
20201018,13.26
20201019,5.36
20201020,16.69
20201021,21.23
20201022,25.64
20201023,22.71
20201024,22.42
20201025,17.12
20201026,7.84
20201027,8.85
20201028,15.79
20201029,4.38
20201030,8.69
20201031,11.17
20201101,22.65
20201102,9.4
20201103,6.65
20201104,14.65
20201105,10.85
20201106,8.89
20201107,7.6
20201108,10.17
20201109,27.26
20201110,22.87
20201111,28.9
20201112,26.19
20201113,22.87
20201114,19.09
20201115,20.07
20201116,21.06
20201117,17.43
20201118,17.5
20201119,25.93
20201120,24.55
20201121,15.57
20201122,27.89
20201123,20.28
20201124,24.23
20201125,14.69
20201126,26.59
20201127,19.93
20201128,25.82
20201129,26.74
20201130,4.95
20201201,31.2
20201202,20.88
20201203,23.04
20201204,10.85
20201205,10.3
20201206,17.57
20201207,26.76
20201208,15.95
20201209,11.73
20201210,31.31
20201211,17.18
20201212,15.64
20201213,27.72
20201214,26.57
20201215,22.3
20201216,32.36
20201217,29.22
20201218,21.46
20201219,26.41
20201220,17.35
20201221,12.22
20201222,25.32
20201223,5.58
20201224,21.47
20201225,16.19
20201226,21.2
20201227,22.05
20201228,32.91
20201229,30.73
20201230,29
20201231,25.28
20210101,20.85
20210102,15.59
20210103,13.83
20210104,28.17
20210105,11.92
20210106,20.91
20210107,14.77
20210108,19.08
20210109,25.67
20210110,23.91
20210111,26.97
20210112,30.68
20210113,29.37
20210114,28.71
20210115,30.03
20210116,27.12
20210117,13.42
20210118,10.86
20210119,7.38
20210120,8.1
20210121,6.7
20210122,17.02
20210123,11.3
20210124,21.99
20210125,21.14
20210126,28.83
20210127,27.23
20210128,21.16
20210129,26.12
20210130,29.2
20210131,28.97
20210201,27.41
20210202,25.99
20210203,28.44
20210204,21.84
20210205,26.83
20210206,22.57
20210207,21.99
20210208,14.25
20210209,7.78
20210210,20.36
20210211,22.05
20210212,26.77
20210213,20.4
20210214,16.56
20210215,18.35
20210216,26.32
20210217,26.38
20210218,23.99
20210219,24.45
20210220,25.81
20210221,26.1
20210222,24.03
20210223,17.78
20210224,10.99
20210225,11.23
20210226,16.79
20210227,21.47
20210228,17.45
20210301,8.08
20210302,9.17
20210303,13.04
20210304,12.64
20210305,13.9
20210306,17.33
20210307,15.83
20210308,10.34
20210309,11.98
20210310,10.71
20210311,17.21
20210312,17.52
20210313,21.29
20210314,19.81
20210315,7.42
20210316,16.2
20210317,19.47
20210318,20.57
20210319,19.56
20210320,8.51
20210321,19.42
20210322,12.62
20210323,13.91
20210324,16.55
20210325,15.9
20210326,15.97
20210327,8.56
20210328,4.52
20210329,8.22
20210330,15.91
20210331,9.34
20210401,17.32
20210402,3.87
20210403,13.49
20210404,8.67
20210405,8.73
20210406,13.78
20210407,15.23
20210408,14.05
20210409,8.35
20210410,3.77
20210411,6.31
20210412,2.27
20210413,3.17
20210414,13.91
20210415,5.1
20210416,5.18
20210417,14.07
20210418,7.85
20210419,8.35
20210420,4.9
20210421,12.22
20210422,7.48
20210423,3.24
20210424,8.77
20210425,4.27
20210426,7.19
20210427,9.49
20210428,9.74
20210429,8.69
20210430,3.17
20210501,10.85
20210502,9.42
20210503,9.56
20210504,5.23
20210505,5.73
20210506,9.97
20210507,6.1
20210508,3.09
20210509,4.82
20210510,4.75
20210511,3.13
20210512,5.78
20210513,8.5
20210514,8.01
20210515,8.28
20210516,1.63
20210517,5.89
20210518,3.77
20210519,2.63
20210520,5.55
20210521,4.43
20210522,7.83
20210523,5.31
20210524,8.12
20210525,8.07
20210526,7.86
20210527,5.92
20210528,3.21
20210529,1.31
20210530,0.59
20210531,4.75
20210601,7.37
20210602,4.97
20210603,5.31
20210604,3.23
20210605,3.72
20210606,1.55
20210607,2.29
20210608,5.54
20210609,5.01
20210610,6.74
20210611,2.99
20210612,3.42
20210613,1.67
20210614,3.1
20210615,2.73
20210616,3.76
20210617,3.52
20210618,5.72
20210619,2.25
20210620,5.77
20210621,6.48
20210622,6.6
20210623,5.3
20210624,3.33
20210625,2.23
20210626,1.3
20210627,1.97
20210628,2.73
20210629,6.85
20210630,6.48
20210701,6.07
20210702,6.4
20210703,3.29
20210704,4.82
20210705,2.96
20210706,1.12
20210707,4.62
20210708,3.56
20210709,3.01
20210710,5.37
20210711,5.24
20210712,6.45
20210713,3.61
20210714,3.95
20210715,3.19
20210716,0.4
20210717,1.16
20210718,2.22
20210719,4.95
20210720,3.79
20210721,3.19
20210722,2.63
20210723,5.71
20210724,6.1
20210725,2.55
20210726,1.64
20210727,4.14
20210728,5.73
20210729,8.58
20210730,3.44
20210731,7.82
20210801,3.49
20210802,7.22
20210803,5.21
20210804,8.71
20210805,3.89
20210806,9.47
20210807,5.81
20210808,1.86
20210809,10.04
20210810,5.39
20210811,4.24
20210812,6.03
20210813,7.26
20210814,5.18
20210815,7.19
20210816,6.49
20210817,1.91
20210818,11.07
20210819,8.8
20210820,11.27
20210821,10.06
20210822,7.19
20210823,5.03
20210824,7.32
20210825,8.44
20210826,4.54
20210827,5.7
20210828,4.09
20210829,6.41
20210830,13.91
20210831,14.37
20210901,14.33
20210902,13.27
20210903,10.81
20210904,7.58
20210905,8.56
20210906,6.11
20210907,5.82
20210908,9.54
20210909,5.77
20210910,1.37
20210911,9.46
20210912,9.35
20210913,2.14
20210914,15.35
20210915,14.48
20210916,15.75
20210917,17.84
20210918,10.71
20210919,9.73
20210920,12.31
20210921,2.9
20210922,6.88
20210923,5.31
20210924,13.26
20210925,2.09
20210926,14.3
20210927,13.69
20210928,18.82
20210929,8.97
20210930,14.6
20211001,12.81
20211002,13.68
20211003,14.56
20211004,6.25
20211005,13.44
20211006,4.66
20211007,16.15
20211008,10.67
20211009,14.36
20211010,15.37
20211011,6.58
20211012,14.97
20211013,17.21
20211014,21.67
20211015,20.79
20211016,19.06
20211017,5.1
20211018,12.07
20211019,9.49
20211020,23.25
20211021,23.29
20211022,23.49
20211023,15.54
20211024,9.86
20211025,20.68
20211026,6.6
20211027,16.56
20211028,14.02
20211029,15.35
20211030,20.22
20211031,14.22
20211101,18.85
20211102,21.64
20211103,26.61
20211104,24.76
20211105,22.63
20211106,27.07
20211107,23.87
20211108,26.59
20211109,21.36
20211110,19.8
20211111,13.16
20211112,15.31
20211113,15.55
20211114,10.18
20211115,21.27
20211116,12.52
20211117,17.68
20211118,24.54
20211119,26.54
20211120,23.95
20211121,4.01
20211122,25.78
20211123,31.07
20211124,25.13
20211125,25.82
20211126,19.69
20211127,5.54
20211128,5.63
20211129,28.34
20211130,27.41
20211201,26.67
20211202,24.75
20211203,8.65
20211204,8.2
20211205,8.44
20211206,5.89
20211207,17.39
20211208,21.02
20211209,8.95
20211210,19.52
20211211,16.36
20211212,12.71
20211213,18.81
20211214,9.91
20211215,16.1
20211216,26.91
20211217,19.95
20211218,18.43
20211219,28.88
20211220,19.22
20211221,12.86
20211222,22.58
20211223,29.56
20211224,32.77
20211225,13.28
20211226,16.78
20211227,20.71
20211228,9.59
20211229,24.86
20211230,18.63
20211231,26.34
20220101,30.28
20220102,29.55
20220103,27.08
20220104,25.56
20220105,31.02
20220106,19.94
20220107,22.96
20220108,18.09
20220109,15.64
20220110,22.15
20220111,24.36
20220112,27.1
20220113,29.92
20220114,32.1
20220115,31.28
20220116,31.78
20220117,30.93
20220118,30.34
20220119,11.99
20220120,18.5
20220121,28.99
20220122,31.03
20220123,28.82
20220124,29.84
20220125,9.15
20220126,19.95
20220127,31.41
20220128,22.42
20220129,30.91
20220130,27.94
20220131,29.12
20220201,19.99
20220202,5.71
20220203,13.45
20220204,4.68
20220205,6.91
20220206,18.44
20220207,22.17
20220208,27.69
20220209,2.71
20220210,8.03
20220211,17.63
20220212,3.36
20220213,9.09
20220214,27.47
20220215,25.24
20220216,22.87
20220217,22.85
20220218,21.4
20220219,7.32
20220220,25.43
20220221,25.55
20220222,17.31
20220223,16.08
20220224,24.14
20220225,23.57
20220226,23.52
20220227,18.3
20220228,22.07
20220301,22.53
20220302,24.93
20220303,22.36
20220304,17.03
20220305,17.82
20220306,15.46
20220307,19.62
20220308,22.48
20220309,22.47
20220310,22.79
20220311,8.45
20220312,19.95
20220313,22.33
20220314,22.46
20220315,21.47
20220316,22.11
20220317,18.8
20220318,17.67
20220319,14.13
20220320,11.88
20220321,4.2
20220322,6.61
20220323,13.06
20220324,11.12
20220325,19.4
20220326,19.42
20220327,19.22
20220328,18.97
20220329,17.07
20220330,14.74
20220331,14.71
20220401,12.32
20220402,14.98
20220403,17.67
20220404,17.26
20220405,5.54
20220406,5.4
20220407,17.05
20220408,8.56
20220409,13.53
20220410,13.4
20220411,8.49
20220412,5.42
20220413,14.86
20220414,15.14
20220415,9.62
20220416,5.83
20220417,15.1
20220418,14.14
20220419,12.22
20220420,4.3
20220421,7.02
20220422,10.35
20220423,8.11
20220424,6.17
20220425,9.95
20220426,9.5
20220427,10.49
20220428,9.71
20220429,10.34
20220430,9.51
20220501,4.44
20220502,5
20220503,8.29
20220504,10.39
20220505,6.92
20220506,10.16
20220507,6.33
20220508,2.32
20220509,6.59
20220510,10.77
20220511,10.02
20220512,6.74
20220513,3.95
20220514,2.87
20220515,1.98
20220516,5.36
20220517,3.39
20220518,5.06
20220519,1.45
20220520,2.07
20220521,4.48
20220522,3.07
20220523,7.79
20220524,5.73
20220525,3.43
20220526,7.14
20220527,6.66
20220528,4.27
20220529,4.29
20220530,2.31
20220531,5.87
20220601,1.33
20220602,2.15
20220603,3.61
20220604,7.39
20220605,2.66
20220606,6.35
20220607,2.42
20220608,1.55
20220609,1.43
20220610,2.33
20220611,3.05
20220612,0.78
20220613,1.41
20220614,1.55
20220615,3.15
20220616,3.84
20220617,2.82
20220618,2.14
20220619,6.89
20220620,7.51
20220621,6.44
20220622,6.09
20220623,4.78
20220624,2.51
20220625,4.4
20220626,4.17
20220627,3.63
20220628,2.92
20220629,3.93
20220630,3.86
20220701,5.57
20220702,4.45
20220703,3.96
20220704,4.61
20220705,2.54
20220706,7.12
20220707,3.31
20220708,1.72
20220709,1.66
20220710,4.15
20220711,3.26
20220712,3.21
20220713,2.87
20220714,7.59
20220715,5.18
20220716,6.77
20220717,4.05
20220718,1.94
20220719,2.24
20220720,3.72
20220721,5.74
20220722,8.5
20220723,7.43
20220724,6.73
20220725,1.56
20220726,5.1
20220727,3.55
20220728,4
20220729,5.58
20220730,2.06
20220731,7.85
20220801,7.42
20220802,3.58
20220803,7.28
20220804,7.52
20220805,5.37
20220806,1.1
20220807,7.63
20220808,4.2
20220809,4.4
20220810,11.23
20220811,11.37
20220812,10.68
20220813,10.96
20220814,8.17
20220815,6.62
20220816,1.92
20220817,1.95
20220818,2.07
20220819,3.9
20220820,4.04
20220821,3.98
20220822,9.17
20220823,6.58
20220824,8.05
20220825,7.23
20220826,11.11
20220827,13.23
20220828,13.68
20220829,13.77
20220830,9.45
20220831,7.24
20220901,6.34
20220902,5.34
20220903,6.65
20220904,9.71
20220905,8.56
20220906,15.34
20220907,16.32
20220908,13.76
20220909,15.67
20220910,16.39
20220911,15.06
20220912,5.93
20220913,5.99
20220914,17.82
20220915,14.09
20220916,14.02
20220917,10.42
20220918,15.08
20220919,10.14
20220920,3.67
20220921,5.25
20220922,17.44
20220923,16.43
20220924,18.57
20220925,17.11
20220926,16.1
20220927,9.93
20220928,6.26
20220929,8.11
20220930,7.91
20221001,15.07
20221002,12.2
20221003,17.87
20221004,15.31
20221005,10.18
20221006,19.13
20221007,22.5
20221008,22.61
20221009,9.33
20221010,8.29
20221011,15.99
20221012,13.42
20221013,19.44
20221014,23.96
20221015,16.64
20221016,18.81
20221017,18.01
20221018,17.17
20221019,16.07
20221020,20.24
20221021,25.59
20221022,13.95
20221023,20.23
20221024,12.19
20221025,8.23
20221026,12.93
20221027,11.09
20221028,6.38
20221029,4.53
20221030,14.81
20221031,15.71
20221101,25.23
20221102,5.26
20221103,17.04
20221104,17.74
20221105,21.11
20221106,26.49
20221107,22.92
20221108,25.73
20221109,27.36
20221110,28.34
20221111,18.63
20221112,15.87
20221113,26.3
20221114,24.94
20221115,27.57
20221116,19.21
20221117,13.87
20221118,19.7
20221119,11.29
20221120,19.87
20221121,8.88
20221122,7.69
20221123,16.52
20221124,9.53
20221125,15.47
20221126,12.54
20221127,8.25
20221128,20.96
20221129,12.04
20221130,18.03
20221201,19.86
20221202,25.26
20221203,27.61
20221204,22.23
20221205,18.5
20221206,22.76
20221207,28.54
20221208,27.68
20221209,8.22
20221210,26.22
20221211,9.77
20221212,26.97
20221213,28.52
20221214,24.7
20221215,16.79
20221216,15.05
20221217,24.84
20221218,14.77
20221219,14.59
20221220,13.2
20221221,21.39
20221222,16.28
20221223,21.64
20221224,25.78
20221225,27.8
20221226,31.14
20221227,23.79
20221228,28.47
20221229,30.99
20221230,20.93
20221231,28.99
20230101,29.4
20230102,24.09
20230103,23.47
20230104,17.33
20230105,13.41
20230106,15.83
20230107,14.6
20230108,27.1
20230109,31.19
20230110,19.24
20230111,27.1
20230112,32.27
20230113,10.84
20230114,21.26
20230115,20.3
20230116,28.27
20230117,26.54
20230118,24.87
20230119,30.2
20230120,17.14
20230121,29.52
20230122,19.76
20230123,26.47
20230124,27.36
20230125,27.2
20230126,7.81
20230127,25.16
20230128,28.79
20230129,14.59
20230130,12.72
20230131,13.54
20230201,13.33
20230202,12.28
20230203,14.15
20230204,17.59
20230205,7.43
20230206,16.33
20230207,20.08
20230208,19.78
20230209,24.4
20230210,25.22
20230211,25.86
20230212,26.07
20230213,24.94
20230214,14.82
20230215,20.24
20230216,18.63
20230217,25.89
20230218,16.86
20230219,15.96
20230220,21.45
20230221,19.26
20230222,7.82
20230223,15.49
20230224,25.01
20230225,22.34
20230226,16.24
20230227,13.66
20230228,23.95
20230301,19.98
20230302,16.67
20230303,10.58
20230304,18.43
20230305,12.45
20230306,21.08
20230307,13.78
20230308,4.91
20230309,6.77
20230310,17.54
20230311,16.31
20230312,16.61
20230313,14.64
20230314,18.18
20230315,18.87
20230316,10.43
20230317,5.27
20230318,18.21
20230319,19.22
20230320,8.24
20230321,7.31
20230322,19.29
20230323,18.81
20230324,8.2
20230325,8.29
20230326,12.51
20230327,11.14
20230328,8.89
20230329,13.36
20230330,17.34
20230331,14.62
20230401,9.98
20230402,13.06
20230403,16.51
20230404,13.07
20230405,7.27
20230406,10.22
20230407,15.86
20230408,14.94
20230409,8.55
20230410,4.65
20230411,4.91
20230412,4.46
20230413,1.72
20230414,12.9
20230415,13.31
20230416,10.92
20230417,12.58
20230418,2.29
20230419,11.16
20230420,8.29
20230421,2.8
20230422,10.14
20230423,9.03
20230424,12.35
20230425,3.75
20230426,7.66
20230427,9.72
20230428,10.14
20230429,6.91
20230430,5.96
20230501,8.55
20230502,2.27
20230503,2.88
20230504,7.98
20230505,5.11
20230506,8.37
20230507,3.06
20230508,4.17
20230509,1.2
20230510,3.8
20230511,8.32
20230512,9.4
20230513,4.71
20230514,3.23
20230515,7.27
20230516,4.31
20230517,3.4
20230518,4.11
20230519,4.39
20230520,6.38
20230521,3.72
20230522,5.87
20230523,5.83
20230524,7.12
20230525,2.86
20230526,3.87
20230527,5.25
20230528,5.35
20230529,1.43
20230530,2.06
20230531,4.84
20230601,3.2
20230602,4.74
20230603,6.28
20230604,2.18
20230605,7.41
20230606,6.73
20230607,7.06
20230608,5.16
20230609,6.48
20230610,7.11
20230611,4.48
20230612,6.39
20230613,3.97
20230614,4.21
20230615,3.41
20230616,3.46
20230617,6.43
20230618,5.23
20230619,3.92
20230620,5.51
20230621,5.93
20230622,2.6
20230623,3.72
20230624,2.59
20230625,4.03
20230626,1.02
20230627,5.23
20230628,3.92
20230629,4.95
20230630,2.52
20230701,3.4
20230702,2.76
20230703,1.48
20230704,2.61
20230705,3.13
20230706,6.31
20230707,3.6
20230708,3.55
20230709,3.16
20230710,3.97
20230711,3.2
20230712,4.61
20230713,1.78
20230714,2.75
20230715,5.7
20230716,1.76
20230717,3.57
20230718,4.82
20230719,4.35
20230720,6.81
20230721,8.29
20230722,7.16
20230723,2.79
20230724,5.6
20230725,4.79
20230726,8.51
20230727,6.24
20230728,7.96
20230729,7.77
20230730,6.84
20230731,4.03
20230801,5.19
20230802,3.58
20230803,7.46
20230804,4.71
20230805,5.07
20230806,5.92
20230807,7.21
20230808,7.12
20230809,8.37
20230810,10.45
20230811,8.81
20230812,5.21
20230813,6.17
20230814,8.42
20230815,6.99
20230816,8.53
20230817,9.59
20230818,8.69
20230819,1.84
20230820,5.25
20230821,10.88
20230822,11.47
20230823,9.8
20230824,9.15
20230825,11.77
20230826,7.28
20230827,9.85
