Date(NZST),Tmax(C),Tmin(C),Tgmin(C),Tmean(C)
20190101,25.6,14.3,12.5,20
20190102,26.9,16.6,15.8,21.8
20190103,24.8,16,13.2,20.4
20190104,23.1,13.3,10.2,18.2
20190105,22.1,8.4,5.4,15.3
20190106,25.8,14.4,14.5,20.1
20190107,27.2,13.7,13.3,20.5
20190108,23.1,9.6,6,16.4
20190109,24.5,9.2,6.4,16.9
20190110,26.5,15.8,13.3,21.2
20190111,27.3,15.5,13.8,21.4
20190112,23.8,8.7,6.1,16.3
20190113,26,10,6.8,18
20190114,22.2,10.5,9.9,16.4
20190115,22.2,7.7,5.5,15
20190116,29.3,6.2,2,17.8
20190117,28.6,10.2,7.2,19.4
20190118,27.7,14.9,12.7,21.3
20190119,28.7,15,12.8,21.9
20190120,23.9,12.2,10,18.1
20190121,20.7,12.9,12.8,16.8
20190122,17.5,11.6,10.3,14.6
20190123,20.6,13,14.6,16.8
20190124,24.1,10,7.9,17.1
20190125,21,8.1,5.3,14.6
20190126,21,10.2,7.2,15.6
20190127,23.3,13.8,12.2,18.6
20190128,28.2,16.4,17,22.3
20190129,27.5,13.3,10.4,20.4
20190130,31.1,13.2,9.9,22.2
20190131,30.8,14.4,12.6,22.6
20190201,32.1,16.2,16.2,24.2
20190202,23.3,6.6,2.9,15
20190203,25.6,7.1,3.9,16.4
20190204,26.9,10.9,9.1,18.9
20190205,27.1,13,10.7,20.1
20190206,23.2,15.2,15.8,19.2
20190207,26.6,13.3,12.5,20
20190208,26.2,12.5,9.2,19.4
20190209,24.9,15.1,14.9,20
20190210,22.3,12.8,9.5,17.6
20190211,26.6,9.4,7,18
20190212,27.9,13.1,13.1,20.5
20190213,25.2,14,12.3,19.6
20190214,28.8,11.6,8.2,20.2
20190215,28.5,12.9,10.5,20.7
20190216,22.7,11.9,8.2,17.3
20190217,23.9,9.2,5.5,16.6
20190218,22.7,12.3,10.6,17.5
20190219,24.2,14.7,13.4,19.5
20190220,27.4,15.4,13.9,21.4
20190221,23.4,15,11.1,19.2
20190222,26.1,16.2,14.1,21.2
20190223,25.6,8.8,4.4,17.2
20190224,20.5,9.5,6.7,15
20190225,18.3,5.2,2,11.8
20190226,22.4,4.5,1.2,13.5
20190227,22.2,8.3,7.5,15.3
20190228,19.2,5.9,2.7,12.6
20190301,21.1,2.8,-0.5,12
20190302,22.4,4.2,1.3,13.3
20190303,26.3,6.4,2.9,16.4
20190304,27.6,9.2,7.7,18.4
20190305,23.4,10,6.1,16.7
20190306,22,14.2,13.6,18.1
20190307,23.6,13.3,11,18.5
20190308,22,13,12,17.5
20190309,21.4,9.2,7,15.3
20190310,24.7,12.2,13.7,18.5
20190311,26.2,14.5,13.4,20.4
20190312,22.4,14.9,13.7,18.7
20190313,21.8,15.4,15.8,18.6
20190314,21.9,15.3,15.7,18.6
20190315,25.4,13.3,13.1,19.4
20190316,21.6,15.2,16,18.4
20190317,21,14.3,12.2,17.7
20190318,26.6,16.3,15.6,21.5
20190319,26.4,13.3,10.9,19.9
20190320,27.2,14.8,15.2,21
20190321,27.4,14.7,11.4,21.1
20190322,25.4,15,12.1,20.2
20190323,24.4,13,11.3,18.7
20190324,23.8,11.6,8.3,17.7
20190325,25.4,13.8,11.5,19.6
20190326,21.8,15.9,16.3,18.9
20190327,19.4,15.4,15.5,17.4
20190328,19.3,7.2,4.8,13.3
20190329,22.4,8,5.5,15.2
20190330,24.2,9.1,10.5,16.7
20190331,26.1,12.8,11.1,19.5
20190401,24.8,14.1,14,19.5
20190402,19.9,6.4,3.2,13.2
20190403,17.8,2.9,-0.4,10.4
20190404,19.5,4.4,1.7,12
20190405,18,6,6.5,12
20190406,16.5,2.4,-2.1,9.5
20190407,16.2,4.2,0.5,10.2
20190408,19.9,2.3,-0.1,11.1
20190409,21.6,5.6,3.2,13.6
20190410,19.2,9.2,7.5,14.2
20190411,21,13.2,12.8,17.1
20190412,15.8,9.7,6.2,12.8
20190413,19.3,1.6,-1.4,10.5
20190414,18.4,2.6,1.2,10.5
20190415,19.2,3.2,-0.2,11.2
20190416,20.5,6.2,4.2,13.4
20190417,20.5,4.7,2.3,12.6
20190418,20.1,6.3,3.8,13.2
20190419,20,7.6,3,13.8
20190420,19.1,7.2,3.3,13.2
20190421,14.4,8.5,9.6,11.5
20190422,16.8,9.1,7.2,13
20190423,19.6,5.1,1.9,12.4
20190424,21.2,6.4,3.9,13.8
20190425,19.1,7.6,5.3,13.4
20190426,18.4,9.7,7,14.1
20190427,19.9,9.2,4.6,14.6
20190428,17.2,7,3.8,12.1
20190429,16.4,8.6,9.6,12.5
20190430,13.8,0.6,-2.6,7.2
20190501,14.7,-0.3,-2.5,7.2
20190502,16.2,1.9,3.4,9.1
20190503,15,7,8.2,11
20190504,18.6,7.9,2.9,13.3
20190505,16.7,10.2,8.3,13.5
20190506,19,8.1,4.7,13.6
20190507,20,8.1,7,14.1
20190508,20.1,5.7,2.7,12.9
20190509,14.6,8.4,9.8,11.5
20190510,16.6,11.5,9.8,14.1
20190511,19.1,11.9,10.7,15.5
20190512,17.4,9.8,5.2,13.6
20190513,14.5,7.3,3.7,10.9
20190514,16.1,7.9,6.4,12
20190515,15.4,8.4,8.5,11.9
20190516,13.3,8,5.7,10.7
20190517,11,5.2,1,8.1
20190518,14,4.5,1.9,9.3
20190519,13.4,5.8,7.4,9.6
20190520,12.5,6.9,4.6,9.7
20190521,14.4,5.7,1.6,10.1
20190522,15.2,4.8,2.6,10
20190523,14.2,6,2.7,10.1
20190524,15.9,6.7,2.7,11.3
20190525,15.6,7.1,2.8,11.4
20190526,13.2,6,5.2,9.6
20190527,15.3,6.4,3.6,10.9
20190528,15.6,9.5,10.9,12.6
20190529,13.4,7.3,3.6,10.4
20190530,13.8,8.7,10.2,11.3
20190531,14.3,7.4,5.6,10.9
20190601,10.7,4,1,7.4
20190602,9.3,0.4,-2.5,4.9
20190603,11.3,-3.7,-6.1,3.8
20190604,6.7,-2.7,-2.6,2
20190605,8.4,0.7,-1.6,4.6
20190606,8.1,-2.7,-5.2,2.7
20190607,9.4,-1.5,-1.9,4
20190608,10.4,0.6,0,5.5
20190609,12.4,2.7,1,7.6
20190610,11.4,3,3.3,7.2
20190611,11.1,5.1,5.3,8.1
20190612,10.2,6.1,8.3,8.2
20190613,-,-,4.8,-
20190614,-,-,5.4,-
20190615,-,-,6.2,-
20190616,-,-,2.3,-
20190617,-,-,2.6,-
20190618,-,-,-1,-
20190619,-,-,-3,-
20190620,-,-,-2.4,-
20190621,-,-,0.3,-
20190622,-,-,-0.4,-
20190623,-,-,0.7,-
20190624,-,-,-0.6,-
20190625,-,-,-2.9,-
20190626,-,-,-3.7,-
20190627,-,-,-2,-
20190628,-,-,-4.4,-
20190629,9.9,-1.1,-4.2,4.4
20190630,7.5,1.5,-1.2,4.5
20190701,7.4,-0.5,-3.5,3.5
20190702,8.5,1.3,1,4.9
20190703,13.8,4.4,5.7,9.1
20190704,16.7,5.2,1.6,11
20190705,12.2,0.8,-0.7,6.5
20190706,11.7,-1.3,-3.4,5.2
20190707,13.7,-2.3,-5,5.7
20190708,6.9,-1.9,-1.3,2.5
20190709,9.4,4.4,2,6.9
20190710,11.1,3.9,2.6,7.5
20190711,10.5,4.9,2.8,7.7
20190712,14.6,2.5,0,8.6
20190713,10.4,4.7,3.2,7.6
20190714,15,5.4,6.4,10.2
20190715,11,3.8,1.8,7.4
20190716,11.3,4.1,5.4,7.7
20190717,11.7,5.4,3,8.6
20190718,8,2.8,2.2,5.4
20190719,11.2,2.9,4.7,7.1
20190720,9.3,6,6.6,7.7
20190721,12.1,6.4,6.4,9.3
20190722,13.2,3.1,3,8.2
20190723,13,3.7,3.9,8.4
20190724,12.3,2.2,-0.5,7.3
20190725,10,2.6,-0.3,6.3
20190726,14.5,0.4,-1.4,7.5
20190727,12.6,1.4,-1.1,7
20190728,13.6,3.1,0.7,8.4
20190729,11.4,4.4,3.5,7.9
20190730,12.9,5.2,7.8,9.1
20190731,13.4,2.2,-0.3,7.8
20190801,11.6,-2.5,-4.9,4.6
20190802,11.3,-1.8,-0.7,4.8
20190803,7.8,1.3,-0.1,4.6
20190804,8.5,1.1,-0.6,4.8
20190805,4.5,-0.2,-0.1,2.2
20190806,5.3,0.5,1.1,2.9
20190807,9.9,2.3,1,6.1
20190808,10.2,3.7,1.5,7
20190809,13.2,4.6,5.5,8.9
20190810,14,4.7,3.1,9.4
20190811,8.5,5.3,6.4,6.9
20190812,9.8,3.2,2,6.5
20190813,11.3,3.9,2.7,7.6
20190814,11.4,5.3,4.6,8.4
20190815,11.6,2.7,1,7.2
20190816,12.3,4.4,2.7,8.4
20190817,12.1,5.3,7.5,8.7
20190818,11.1,-1.2,-5.1,5
20190819,12.9,-3.2,-6.3,4.9
20190820,12.9,-1.6,-1.4,5.7
20190821,12.1,3.3,0.2,7.7
20190822,13.1,5.2,5.1,9.2
20190823,13.3,4,2.1,8.7
20190824,14.8,1.3,-1.3,8.1
20190825,14.1,2,3.3,8.1
20190826,12.7,5.1,7.3,8.9
20190827,12.2,4.7,3.2,8.5
20190828,13.4,4.6,1.3,9
20190829,14.1,5,4.7,9.6
20190830,14.3,4.6,2.2,9.5
20190831,13,4.3,1.1,8.7
20190901,13.4,0.4,-2.2,6.9
20190902,17.1,2.4,4.8,9.8
20190903,16.2,0.5,-0.9,8.4
20190904,18.6,2,4.7,10.3
20190905,11.8,7.1,7.4,9.5
20190906,13.7,7.6,7.4,10.7
20190907,13.2,-0.8,-3,6.2
20190908,16.6,0.6,-1,8.6
20190909,13,2.5,0.9,7.8
20190910,14,-3.3,-8.5,5.4
20190911,17.2,2.5,0.2,9.9
20190912,14.7,3.7,-1,9.2
20190913,14.4,6.7,5.2,10.6
20190914,14,7.9,7.5,11
20190915,9.8,6.6,6.5,8.2
20190916,14.6,5.1,3.5,9.9
20190917,13.6,7.5,7.4,10.6
20190918,12.2,1.5,-0.9,6.9
20190919,13.9,3.3,0.6,8.6
20190920,16.8,2.7,-0.5,9.8
20190921,20.1,3.7,2,11.9
20190922,17.7,7.8,9,12.8
20190923,15.9,7.9,7.1,11.9
20190924,14.5,7.1,4.2,10.8
20190925,14,4.4,2.5,9.2
20190926,9.1,0.7,0,4.9
20190927,9.4,3.4,5.6,6.4
20190928,13.3,7.8,6.5,10.6
20190929,15,8.2,7.5,11.6
20190930,18,9,10.3,13.5
20191001,14.8,4.4,2.6,9.6
20191002,13.7,3.2,-0.8,8.5
20191003,10.3,-0.2,-2.3,5.1
20191004,12.8,2.8,-0.3,7.8
20191005,14.6,5.3,3.1,10
20191006,13.1,-0.8,-2.7,6.2
20191007,16.4,2.9,-0.6,9.7
20191008,17.6,2.1,-2.1,9.9
20191009,14.4,5.3,7.8,9.9
20191010,17.1,7,3.5,12.1
20191011,14.1,9.2,8.2,11.7
20191012,15.8,6,4.1,10.9
20191013,18.8,5.7,3.1,12.3
20191014,18.8,7.4,5.3,13.1
20191015,17.4,7.5,6.8,12.5
20191016,19.6,3.1,-1.1,11.4
20191017,21.2,7.5,2.6,14.4
20191018,16.8,9.7,10.1,13.3
20191019,14.1,7.5,4.1,10.8
20191020,19.7,8.2,3.6,14
20191021,18.9,9.2,7.7,14.1
20191022,13.4,4.1,1.5,8.8
20191023,11,3,1.2,7
20191024,15.8,5,2.3,10.4
20191025,13,5.3,5.6,9.2
20191026,13.3,6.1,4.1,9.7
20191027,20.3,5.8,3.8,13.1
20191028,17.5,9.4,8.4,13.5
20191029,17.6,6.7,5.7,12.2
20191030,14.6,5.6,3.5,10.1
20191031,16.1,6.7,5.8,11.4
20191101,15.3,7.3,7.1,11.3
20191102,16.2,8.3,5.3,12.3
20191103,22.4,9.5,7.6,16
20191104,26.7,8,5.2,17.4
20191105,22.5,7.6,4.5,15.1
20191106,19.8,12.9,13.1,16.4
20191107,18.8,12.4,10.4,15.6
20191108,19.4,14.3,14.8,16.9
20191109,21.8,15.1,14.5,18.5
20191110,19.8,14.4,15.2,17.1
20191111,19,9.1,10.1,14.1
20191112,17.2,3.8,0.6,10.5
20191113,19.6,4.6,1,12.1
20191114,15.5,10.1,9.8,12.8
20191115,15.8,6.7,3.6,11.3
20191116,17.5,9.3,10.1,13.4
20191117,16.1,8,5.3,12.1
20191118,20.2,6.3,2.4,13.3
20191119,14,4.7,1.6,9.4
20191120,13,7.6,5.6,10.3
20191121,15.3,5.9,4,10.6
20191122,17.5,6.6,3.6,12.1
20191123,21.9,8.4,5.1,15.2
20191124,25.1,11.2,8.2,18.2
20191125,23.3,7.5,2.1,15.4
20191126,24.5,5.7,2.3,15.1
20191127,26.4,5.5,1.5,16
20191128,23.7,11.6,13,17.7
20191129,24.9,11,7.3,18
20191130,27.3,11.6,8.3,19.5
20191201,26.6,13.4,10.7,20
20191202,18.6,13.2,11.9,15.9
20191203,19.2,15.2,15.3,17.2
20191204,17.3,11.3,10.9,14.3
20191205,15.8,8.4,8.7,12.1
20191206,17.5,8.8,6.5,13.2
20191207,17.9,14.2,13.8,16.1
20191208,20.1,10.3,8.8,15.2
20191209,16.2,6.8,3.8,11.5
20191210,18.7,4.2,0.8,11.5
20191211,22.3,8.7,7,15.5
20191212,25.1,8.3,5.2,16.7
20191213,27.5,9.1,6.1,18.3
20191214,20.7,7.3,4.6,14
20191215,19,5.2,2.5,12.1
20191216,18.3,12,12.5,15.2
20191217,18,13.2,13.8,15.6
20191218,19.2,8.3,8.6,13.8
20191219,20.6,8.3,7,14.5
20191220,16.8,9.8,10.5,13.3
20191221,14.2,4.4,2.5,9.3
20191222,19.6,8.2,6.9,13.9
20191223,23,8.9,7.1,16
20191224,24.7,8.6,6.1,16.7
20191225,22,11.4,11.3,16.7
20191226,22.6,8.5,6.1,15.6
20191227,22.7,9.6,6.3,16.2
20191228,19.4,7.2,4.6,13.3
20191229,17.5,9.4,8.6,13.5
20191230,20.7,10.4,9.5,15.6
20191231,23.8,12.9,11.8,18.4
20200101,24.2,9.8,7.2,17
20200102,23.8,10.5,8.5,17.2
20200103,24.2,12.3,8.5,18.3
20200104,20.2,9,7.4,14.6
20200105,17.5,8,5,12.8
20200106,17.3,8.2,5.9,12.8
20200107,14.7,8,7.9,11.4
20200108,20.5,7.5,5.7,14
20200109,17.7,6.9,4.1,12.3
20200110,20,7.9,4.1,14
20200111,21,6.4,3.5,13.7
20200112,22.6,10.7,13.8,16.7
20200113,18.6,9.1,7.1,13.9
20200114,22,6.9,4.1,14.5
20200115,24.8,10,7.9,17.4
20200116,25.1,11.1,8.6,18.1
20200117,26.5,10.3,8.3,18.4
20200118,26.8,12.8,12.6,19.8
20200119,25.7,11.2,8.2,18.5
20200120,28.7,13.7,12.8,21.2
20200121,29.2,12.6,11.5,20.9
20200122,27.7,13.6,12.3,20.7
20200123,25.6,12.9,10.2,19.3
20200124,28.5,15.6,12.7,22.1
20200125,29.3,14.6,12.5,22
20200126,26.8,13.4,11.6,20.1
20200127,28.6,16.8,16.9,22.7
20200128,26.7,16.6,16.4,21.7
20200129,29.3,15.7,15.6,22.5
20200130,22.6,12.2,10.3,17.4
20200131,23,11.9,9.8,17.5
20200201,25.2,9,7.8,17.1
20200202,24.7,13.2,13.7,19
20200203,22.8,16,13.9,19.4
20200204,27,18.2,17.3,22.6
20200205,22.2,11.9,11.9,17.1
20200206,18.7,10.2,9,14.5
20200207,20.9,8.6,5.9,14.8
20200208,21.4,11.8,11.5,16.6
20200209,18.3,4.7,1.9,11.5
20200210,22.6,7.4,7.3,15
20200211,26.7,11.7,10.4,19.2
20200212,26.6,11.6,8.5,19.1
20200213,24.9,13.2,11.1,19.1
20200214,24.6,10.3,8.4,17.5
20200215,27.5,12.9,11.1,20.2
20200216,27.2,14.2,14.6,20.7
20200217,21.1,16.3,16,18.7
20200218,23,17.5,17.4,20.3
20200219,25.3,14,13.1,19.7
20200220,25.2,10.7,8.1,18
20200221,25.2,12.8,10.5,19
20200222,22.9,13.2,13.4,18.1
20200223,19.2,6.4,4.6,12.8
20200224,22.5,7.9,5.7,15.2
20200225,23,10.5,7.6,16.8
20200226,24.5,10.4,7.4,17.5
20200227,26.8,11,8.1,18.9
20200228,22.6,13.8,13.4,18.2
20200229,20.9,13.7,13.2,17.3
20200301,20.9,6,4.6,13.5
20200302,24.7,7.8,10.5,16.3
20200303,25.9,13.4,14.9,19.7
20200304,22.3,11.4,9.6,16.9
20200305,20.4,11.1,10.2,15.8
20200306,23.5,6.1,3.5,14.8
20200307,23.9,7.8,6,15.9
20200308,22.3,9.8,10,16.1
20200309,21.4,13.9,13.5,17.7
20200310,23.2,12.7,10.3,18
20200311,22.6,12.1,11.4,17.4
20200312,23.8,12.1,11,18
20200313,23.4,11.2,8.4,17.3
20200314,22.8,9.4,6.6,16.1
20200315,23.2,7.8,4.4,15.5
20200316,20.8,9.3,6.8,15.1
20200317,21.9,5.5,0.6,13.7
20200318,20.9,3.4,1.5,12.2
20200319,21.2,6.2,5.3,13.7
20200320,19.2,10.5,7.1,14.9
20200321,20.7,9.1,6,14.9
20200322,17.3,10.2,8.6,13.8
20200323,21.2,11,10,16.1
20200324,17.9,3.6,0.7,10.8
20200325,12.8,6.5,8.4,9.7
20200326,16.8,9.2,8.6,13
20200327,18.7,6.9,4.6,12.8
20200328,16.4,3.1,0.1,9.8
20200329,18.8,4.6,1.7,11.7
20200330,16.7,5.7,3.4,11.2
20200331,22.2,5.9,4.1,14.1
20200401,21,4.2,2.3,12.6
20200402,21.6,3.4,0.4,12.5
20200403,22.7,4.7,6,13.7
20200404,21.3,6.2,3,13.8
20200405,23.2,5.7,3,14.5
20200406,22,10,9.4,16
20200407,19.4,12.1,12.3,15.8
20200408,18.6,9.1,7,13.9
20200409,15.1,6.5,5.3,10.8
20200410,15.9,1,-1.1,8.5
20200411,19.8,4.5,4.4,12.2
20200412,17.1,9.4,10.9,13.3
20200413,18.5,9.6,8.2,14.1
20200414,12,1.6,-0.8,6.8
20200415,13.3,2,1.2,7.7
20200416,11.8,3.3,5.3,7.6
20200417,15.7,7.3,6.2,11.5
20200418,14.4,9,9.7,11.7
20200419,16.4,8.3,6.9,12.4
20200420,13.6,7.8,6.2,10.7
20200421,13.8,3.5,1.9,8.7
20200422,14.6,4.5,3.6,9.6
20200423,17.9,8.1,7,13
20200424,13.4,7.5,4.1,10.5
20200425,17.4,5.5,2.9,11.5
20200426,14.3,4.9,2,9.6
20200427,16,6.4,4.1,11.2
20200428,16.1,6.9,4.7,11.5
20200429,16.7,2.4,0.8,9.6
20200430,15.2,1.5,-0.6,8.4
20200501,15.7,2.6,4.7,9.2
20200502,17.4,8.2,7.1,12.8
20200503,16.7,10.2,10.9,13.5
20200504,18.8,9,8.3,13.9
20200505,12.5,7.7,8.1,10.1
20200506,10.9,-1.2,-3,4.9
20200507,12.9,-0.3,1.5,6.3
20200508,12.7,6,8,9.4
20200509,17.2,3.9,1.5,10.6
20200510,12.9,5.6,3.3,9.3
20200511,12.8,6.7,3.9,9.8
20200512,13.6,9.1,10.2,11.4
20200513,16.2,6.8,5.3,11.5
20200514,14.6,7.6,6.7,11.1
20200515,15.8,5.2,2.2,10.5
20200516,15.6,5.2,3.8,10.4
20200517,13.1,3,0.3,8.1
20200518,13.6,0.5,-1.2,7.1
20200519,13.4,1.4,0.2,7.4
20200520,13.7,1.8,0,7.8
20200521,14.5,0,-1.9,7.3
20200522,11.7,1.9,-1.3,6.8
20200523,14.4,2.7,0.5,8.6
20200524,11.1,3.5,3,7.3
20200525,9.4,4,5.3,6.7
20200526,13.8,4.8,1.8,9.3
20200527,16.7,-0.9,-2.8,7.9
20200528,12.6,0,-1.6,6.3
20200529,12.7,-0.1,-2.4,6.3
20200530,9.1,1.8,0.2,5.5
20200531,13.5,-0.1,-2.3,6.7
20200601,12.1,0.2,-1.3,6.2
20200602,14.2,0.5,-1.1,7.4
20200603,14.1,0.7,-0.1,7.4
20200604,11.7,5,7,8.4
20200605,11.9,2.7,0.4,7.3
20200606,14.3,2.7,2.4,8.5
20200607,10.2,2,0,6.1
20200608,8.8,2.1,0.6,5.5
20200609,10.5,3.8,3.2,7.2
20200610,12.4,5.2,1.6,8.8
20200611,14.3,4.6,4.6,9.5
20200612,13,5.2,6.7,9.1
20200613,12.1,0.1,-0.8,6.1
20200614,10.5,0.2,-1.3,5.4
20200615,6.2,1.1,0,3.7
20200616,15.1,3.1,4.7,9.1
20200617,15.1,9.8,8.8,12.5
20200618,17.3,7.8,8.7,12.6
20200619,11.6,7.1,6.4,9.4
20200620,12.6,0.8,-0.8,6.7
20200621,15.3,-1.1,-2.3,7.1
20200622,13.1,0.3,-1.2,6.7
20200623,13.2,0.7,-0.5,7
20200624,13.6,1.3,-0.5,7.5
20200625,12.8,-1.8,-4.4,5.5
20200626,16.2,-1.3,-2.1,7.5
20200627,14.8,1.9,1.7,8.4
20200628,16.7,6.4,6,11.6
20200629,14.5,3.6,2.6,9.1
20200630,10.2,1,0.4,5.6
20200701,11.4,-4.7,-6.4,3.4
20200702,10.3,-4.6,-7.4,2.9
20200703,12.6,-5.6,-8,3.5
20200704,10.8,-5,-6.2,2.9
20200705,10.7,3.2,4.1,7
20200706,11.8,7.5,8,9.7
20200707,14.1,-0.5,-2.3,6.8
20200708,8.7,1.8,0.9,5.3
20200709,9.4,-3.2,-5,3.1
20200710,8.8,-3.5,-5.6,2.7
20200711,9.8,-2.6,-2.2,3.6
20200712,9.2,2.4,0.6,5.8
20200713,12.5,4.5,3.6,8.5
20200714,13.5,2.8,-1.4,8.2
20200715,10.7,0.2,-1.3,5.5
20200716,9.2,-2.2,-3.7,3.5
20200717,7.7,-1.6,-3.4,3.1
20200718,15,-2.4,-4.7,6.3
20200719,13.5,-1.3,-2.8,6.1
20200720,9.6,0,-1,4.8
20200721,16,7.3,8.9,11.7
20200722,13,3.3,1.7,8.2
20200723,11.2,3.6,2.3,7.4
20200724,7.5,-0.1,-1.4,3.7
20200725,9.5,0.7,0.7,5.1
20200726,11.1,1.6,1.2,6.4
20200727,13,1,-1.2,7
20200728,14.4,-2.2,-3.9,6.1
20200729,7.3,0.2,0.7,3.8
20200730,12.1,5.5,5.2,8.8
20200731,11.4,5.1,3.8,8.3
20200801,13.5,6.7,5.8,10.1
20200802,14.8,7.9,7.3,11.4
20200803,15.8,7.5,6.2,11.7
20200804,13.9,7.7,7.8,10.8
20200805,15.4,6.5,4.1,11
20200806,15.7,6.6,4.7,11.2
20200807,16.1,3.2,1.2,9.7
20200808,11.4,3.1,0,7.3
20200809,14.7,1.8,-1.3,8.3
20200810,12.6,3.8,2.7,8.2
20200811,14,4.5,1.7,9.3
20200812,13.2,1.3,0,7.3
20200813,14.8,0.7,-2.4,7.8
20200814,14.4,2.8,0.3,8.6
20200815,15.7,2.8,0.1,9.3
20200816,14.4,-1.9,-4.8,6.3
20200817,15.2,0.1,-1.4,7.7
20200818,14.9,-2.7,-5.4,6.1
20200819,13,-0.1,0.9,6.5
20200820,12.1,7.3,5.5,9.7
20200821,13.8,8.6,8.4,11.2
20200822,11.7,6.5,5.7,9.1
20200823,14.6,3.4,1.1,9
20200824,15,4.8,2.9,9.9
20200825,14.3,2.4,-0.7,8.4
20200826,12.9,-0.2,-2.7,6.4
20200827,12.7,2.4,-0.8,7.6
20200828,13.1,2.5,-0.7,7.8
20200829,13.4,4.1,3.3,8.8
20200830,13,4.3,1.4,8.7
20200831,14.5,5.9,3.2,10.2
20200901,15.7,8.3,6,12
20200902,12.5,3,1.1,7.8
20200903,13.2,-1.9,-5,5.7
20200904,15.2,0.6,0.7,7.9
20200905,12.7,5.2,4.2,9
20200906,15.2,8.6,9.6,11.9
20200907,15.1,3.8,1,9.5
20200908,17.8,0.4,-2.1,9.1
20200909,17,2.8,1.8,9.9
20200910,13,6.4,3.2,9.7
20200911,14.2,-0.8,-3.3,6.7
20200912,14,-2.7,-6.4,5.7
20200913,15.4,2.7,0.1,9.1
20200914,13.4,6.7,6.4,10.1
20200915,15.3,6.8,5.7,11.1
20200916,12,2.8,0.1,7.4
20200917,13.2,5.1,7.7,9.2
20200918,12.8,6.4,6.2,9.6
20200919,12,6.3,5.7,9.2
20200920,15.9,3.9,0.9,9.9
20200921,15.1,3,1.3,9.1
20200922,14.5,5.5,2,10
20200923,16.6,9.6,9.2,13.1
20200924,19.4,8.7,4,14.1
20200925,18.4,7.6,4.1,13
20200926,16.5,4.3,1.1,10.4
20200927,15.4,9.2,9.3,12.3
20200928,15.4,2.8,1.6,9.1
20200929,10.3,-0.3,-0.1,5
20200930,8.6,0.3,0.1,4.5
20201001,12,1.8,-0.3,6.9
20201002,13.7,2.5,-0.9,8.1
20201003,16.7,5.8,7.4,11.3
20201004,17,8.1,6.6,12.6
20201005,20.2,6.6,3.1,13.4
20201006,20.8,6.4,2.5,13.6
20201007,16.3,6.3,4.9,11.3
20201008,13.7,5.7,3.2,9.7
20201009,16,3.3,0.1,9.7
20201010,18.2,4.5,6,11.4
20201011,12,7.4,8.6,9.7
20201012,14.1,10.8,8,12.5
20201013,19.8,8,5.1,13.9
20201014,17.2,6.9,3.5,12.1
20201015,16.2,0.4,-3.6,8.3
20201016,14.5,-1.6,-4.2,6.5
20201017,15.3,4.6,6.9,10
20201018,15.7,7.5,8.7,11.6
20201019,17.6,10.1,10.4,13.9
20201020,15.1,7,4.4,11.1
20201021,17.1,4.1,1.2,10.6
20201022,18.2,3.1,0.7,10.7
20201023,21,4.8,0.1,12.9
20201024,21,3.3,0.1,12.2
20201025,23.6,5.9,6,14.8
20201026,22.2,15,14.6,18.6
20201027,17.6,11.7,12.7,14.7
20201028,16.6,8.2,7.7,12.4
20201029,19.6,10.4,12.1,15
20201030,15.9,12.6,13.2,14.3
20201031,19.1,14.3,13.3,16.7
20201101,18.9,8.6,7.2,13.8
20201102,18,8.1,6.7,13.1
20201103,15.5,9.8,9.6,12.7
20201104,16.2,10.2,11.7,13.2
20201105,21.8,15.1,14.3,18.5
20201106,19,12.6,10.8,15.8
20201107,19.3,13,11.9,16.2
20201108,17.4,9.1,9.5,13.3
20201109,15.3,2.4,-1,8.9
20201110,18.2,5.2,1,11.7
20201111,19.5,5.3,1.6,12.4
20201112,23.4,7.2,3.1,15.3
20201113,22.6,9.6,5.4,16.1
20201114,22.3,10.2,10.4,16.3
20201115,20,7.2,3.5,13.6
20201116,22.8,11.9,11.8,17.4
20201117,21.4,8.1,6.2,14.8
20201118,21.6,12.9,12.5,17.3
20201119,17.8,6.2,3.5,12
20201120,22.1,6,2.9,14.1
20201121,22.7,10,7.1,16.4
20201122,17.5,6.6,3.9,12.1
20201123,19.8,4.9,1.1,12.4
20201124,19,6.4,4.7,12.7
20201125,20.3,10.1,9.3,15.2
20201126,20.6,7.1,3.2,13.9
20201127,26.5,9,6.3,17.8
20201128,18.2,3.6,1,10.9
20201129,20.1,9,8.8,14.6
20201130,24,11.1,10.2,17.6
20201201,15.6,5.9,2.2,10.8
20201202,23.8,11.4,9.8,17.6
20201203,19.3,9.4,7.2,14.4
20201204,17.3,8.5,5.2,12.9
20201205,17,10,7.3,13.5
20201206,15.7,8.4,5.4,12.1
20201207,19.5,11.2,11,15.4
20201208,23.7,14.3,14.4,19
20201209,21.7,12,12.2,16.9
20201210,20.1,12.2,11.1,16.2
20201211,23.3,11.4,8.3,17.4
20201212,14.8,8.2,8.2,11.5
20201213,15.2,9.1,9.6,12.2
20201214,20.8,11.2,7.7,16
20201215,24.7,13.5,13.8,19.1
20201216,24.4,11.3,9,17.9
20201217,23.9,10.4,8,17.2
20201218,25.8,14.1,11,20
20201219,24.7,12.3,8.5,18.5
20201220,23.5,13.2,11.6,18.4
20201221,23.5,14.4,12.8,19
20201222,22.1,13.3,13.2,17.7
20201223,23.1,13.8,13.8,18.5
20201224,16.8,14,12.6,15.4
20201225,20.8,9.3,6.6,15.1
20201226,18.8,6.9,4.7,12.9
20201227,19.5,4.7,3.4,12.1
20201228,18.3,3.6,1,11
20201229,21.7,7.1,4.3,14.4
20201230,22.4,7.6,5.4,15
20201231,25.8,10.2,8.8,18
20210101,25.9,10.8,7.6,18.4
20210102,23.9,14.8,14.6,19.4
20210103,20.4,11.1,10,15.8
20210104,17.4,9.3,6.6,13.4
20210105,23.7,9.7,5.8,16.7
20210106,21,12,14.9,16.5
20210107,27.1,15,12.1,21.1
20210108,23.9,10,6.8,17
20210109,24.6,15.6,14.8,20.1
20210110,24.1,11.8,7.7,18
20210111,21.4,12.1,8.8,16.8
20210112,23.9,9.6,7,16.8
20210113,26.3,9.5,5.8,17.9
20210114,26.9,12.1,8.9,19.5
20210115,27.3,14,10.2,20.7
20210116,26.6,13.8,12.8,20.2
20210117,29,14.6,12.7,21.8
20210118,21.1,10.2,9.9,15.7
20210119,16.1,10.6,8.9,13.4
20210120,17.6,7,6.7,12.3
20210121,11.2,7.7,7.8,9.5
20210122,13.1,8.7,9.2,10.9
20210123,18.7,9.5,6.7,14.1
20210124,18.8,11.4,10,15.1
20210125,20.4,10.9,9.4,15.7
20210126,24,9.8,7.1,16.9
20210127,28.4,12.3,10.9,20.4
20210128,30.9,12.3,10.1,21.6
20210129,17.4,7.3,4.5,12.4
20210130,20.5,4.8,1.6,12.7
20210131,22.7,7.4,4.1,15.1
20210201,24.6,8.2,5.7,16.4
20210202,26.2,11.9,8.1,19.1
20210203,27.4,9.5,7,18.5
20210204,26.6,10.4,6.5,18.5
20210205,27.4,10.1,7.7,18.8
20210206,26.4,11.9,8.1,19.2
20210207,25.4,11.2,8.2,18.3
20210208,27.5,10.8,6.4,19.2
20210209,23.8,14.1,12.4,19
20210210,19.9,11.3,10.4,15.6
20210211,19.4,7.8,5.7,13.6
20210212,18.9,8,5.9,13.5
20210213,23.3,7.3,4.3,15.3
20210214,22.2,9.8,7.1,16
20210215,22.1,9.7,7.5,15.9
20210216,25,10.8,6.8,17.9
20210217,21.3,4.9,1.5,13.1
20210218,25.3,9.1,7.1,17.2
20210219,25.2,10.1,8.1,17.7
20210220,26.3,11.1,8.1,18.7
20210221,27.2,7.5,5.5,17.4
20210222,28.1,6.8,4.1,17.5
20210223,27.6,10.2,8.8,18.9
20210224,23.6,14,15.1,18.8
20210225,20.4,15.5,15.6,18
20210226,23.4,15.8,15.8,19.6
20210227,25.5,15.8,15.7,20.7
20210228,26.8,13.2,11.3,20
20210301,25.4,14.4,13.8,19.9
20210302,20.4,14.6,14.4,17.5
20210303,20.6,14.9,14.2,17.8
20210304,20,11.8,9.4,15.9
20210305,18.5,8.2,5.6,13.4
20210306,18.9,8.6,6.9,13.8
20210307,19.7,9,7.3,14.4
20210308,18.9,9.7,9.7,14.3
20210309,15.5,10.4,9.7,13
20210310,19.2,11.6,10.3,15.4
20210311,21.2,11.4,9.2,16.3
20210312,23.8,12.4,11.2,18.1
20210313,23.9,10.5,8.4,17.2
20210314,23.4,9.8,7.4,16.6
20210315,24.1,7.5,4.5,15.8
20210316,17.8,10.1,11.5,14
20210317,17.9,4.7,2.7,11.3
20210318,20.7,6,2.9,13.4
20210319,21.6,8.9,6.9,15.3
20210320,23.7,11.5,8.2,17.6
20210321,19.3,9.8,6.4,14.6
20210322,22.8,10.4,7.7,16.6
20210323,19.8,11.6,12.4,15.7
20210324,22.1,10.4,7.4,16.3
20210325,22.4,9.5,6.7,16
20210326,23,8.8,5.4,15.9
20210327,22.8,10.1,6.4,16.5
20210328,20.8,13,15.2,16.9
20210329,18.8,13.8,12.9,16.3
20210330,19.8,10.7,9,15.3
20210331,24.2,10.5,8.7,17.4
20210401,23.6,9.5,6.5,16.6
20210402,21.8,7.7,5.7,14.8
20210403,14.5,5.5,3.2,10
20210404,19.7,6.2,6.3,13
20210405,18.7,9.5,10.3,14.1
20210406,22.8,9.9,7.3,16.4
20210407,19,7.8,6.6,13.4
20210408,22.8,6.1,3,14.5
20210409,21.4,6,2.8,13.7
20210410,19.4,9.9,11.5,14.7
20210411,17.9,13.4,12.2,15.7
20210412,18.2,11.3,9.2,14.8
20210413,17.3,12.4,11.5,14.9
20210414,14.2,5.7,2.7,10
20210415,18.2,7.4,4,12.8
20210416,14.9,9.4,7.3,12.2
20210417,17.2,6,2.8,11.6
20210418,16.6,7.3,4.9,12
20210419,14.3,7.8,7.5,11.1
20210420,17.7,7.9,5,12.8
20210421,13.9,9.1,9.3,11.5
20210422,18.1,5.4,1.8,11.8
20210423,18.2,7.8,5.6,13
20210424,14.5,8.1,5.2,11.3
20210425,17,6.1,2.1,11.6
20210426,14.4,5.1,3,9.8
20210427,13.6,6.2,4.3,9.9
20210428,13.6,2.3,-1.4,8
20210429,14.7,2.3,0.1,8.5
20210430,15.8,4.3,6.1,10.1
20210501,14.8,6.3,2,10.6
20210502,17.3,4.5,2.6,10.9
20210503,15.6,1.3,-1,8.5
20210504,14.5,4,2.2,9.3
20210505,14.8,8,5.8,11.4
20210506,18.3,10.1,9,14.2
20210507,18,5.4,4.1,11.7
20210508,15.8,6.7,6.1,11.3
20210509,17.2,10.1,11.3,13.7
20210510,20.4,13.2,13,16.8
20210511,18.4,14.1,14.7,16.3
20210512,18.2,7.3,7.2,12.8
20210513,12.9,-1,-3.8,6
20210514,11.9,-1.2,-2.9,5.4
20210515,12.3,0.1,1.2,6.2
20210516,16.7,6.8,3.7,11.8
20210517,13.1,8.1,7.2,10.6
20210518,12.8,4.7,2.8,8.8
20210519,8.2,4.7,4.7,6.5
20210520,10.9,6.9,8.3,8.9
20210521,14.3,4,0.6,9.2
20210522,13.4,5.4,5.7,9.4
20210523,14.4,1.8,-0.3,8.1
20210524,11.1,0.2,-1.1,5.7
20210525,16.2,-1.3,-5.2,7.5
20210526,12.6,-2.5,-5.3,5.1
20210527,10.7,-1.9,-4,4.4
20210528,10.5,-0.7,-0.2,4.9
20210529,10.7,4.9,3.6,7.8
20210530,9.6,4.9,3.7,7.3
20210531,8.4,4.9,2.2,6.7
20210601,12.7,0.7,-1.1,6.7
20210602,13.6,1.2,-0.6,7.4
20210603,13.5,1,-1,7.3
20210604,10.9,2.3,-0.9,6.6
20210605,9,3.5,1.8,6.3
20210606,13.6,5.2,6.2,9.4
20210607,13.4,9.8,9.6,11.6
20210608,13.2,5.3,4.7,9.3
20210609,14,2.4,1.6,8.2
20210610,12,2.7,1,7.4
20210611,13.7,3.4,0.8,8.6
20210612,12.3,6.6,3.5,9.5
20210613,12.8,7.9,7.7,10.4
20210614,14.3,10.2,10.9,12.3
20210615,15.6,8.8,6.8,12.2
20210616,15,9.7,7.4,12.4
20210617,14.1,8.6,7.1,11.4
20210618,13.8,5.7,5.8,9.8
20210619,12.4,0.6,-1.6,6.5
20210620,8.8,-0.4,-1,4.2
20210621,14,-0.3,-0.2,6.9
20210622,15.5,-2.3,-5.2,6.6
20210623,12,-1.4,-4.4,5.3
20210624,10.3,-0.6,-1.3,4.9
20210625,11,3.3,2.7,7.2
20210626,14.6,9.2,9.7,11.9
20210627,15.3,10.7,10.4,13
20210628,12.8,7.4,7.1,10.1
20210629,7.8,-0.5,-3.9,3.7
20210630,8.8,-3.3,-6.4,2.8
20210701,8.6,-2.9,-4.7,2.9
20210702,8.8,-1.3,-4,3.8
20210703,11.5,-1,-4.6,5.3
20210704,4.2,-1.1,-2.1,1.6
20210705,8.3,-2.2,-4.8,3.1
20210706,5.1,-1.7,-1.3,1.7
20210707,12.2,4.8,5.1,8.5
20210708,11.2,2.8,-0.2,7
20210709,8.4,3.4,1.7,5.9
20210710,7.2,3.8,2.6,5.5
20210711,10,-1,-2.9,4.5
20210712,8.4,-2,-4.2,3.2
20210713,7.7,-1.9,-2.9,2.9
20210714,3.5,-2.2,-2.9,0.7
20210715,6.7,-1.9,-1,2.4
20210716,12.9,6,6.5,9.5
20210717,14.4,11.5,12,13
20210718,13.6,7,4.9,10.3
20210719,11.9,4,-0.2,8
20210720,11.8,4.9,1.5,8.4
20210721,10.8,4,1.9,7.4
20210722,11.4,5.4,6.3,8.4
20210723,12.1,1.6,-0.7,6.9
20210724,11.4,2.1,1.7,6.8
20210725,10.8,2.3,-0.7,6.6
20210726,10.9,4.7,5.7,7.8
20210727,12.5,7.1,7.3,9.8
20210728,11.2,5.1,2.2,8.2
20210729,12.3,5.3,2.5,8.8
20210730,15.6,5.6,2.9,10.6
20210731,13.6,3.8,1.3,8.7
20210801,15.6,4.6,1.9,10.1
20210802,12.1,6.2,7.1,9.2
20210803,15.1,5.7,5.2,10.4
20210804,11.8,-3.4,-7.4,4.2
20210805,12.7,-1.6,-0.8,5.6
20210806,10.5,3.3,-0.5,6.9
20210807,14.4,4.9,1,9.7
20210808,11.3,3.4,0.7,7.4
20210809,5.9,-0.4,-4.4,2.8
20210810,9.4,-4.1,-7,2.7
20210811,8.5,-1.5,-0.7,3.5
20210812,11.2,5.7,6.1,8.5
20210813,13.7,6.1,2.8,9.9
20210814,12.9,4.7,1.9,8.8
20210815,11,2.4,-0.6,6.7
20210816,11.9,3.9,3.6,7.9
20210817,13.6,6.3,7.5,10
20210818,9.5,4,3.6,6.8
20210819,12.8,1.9,-1.2,7.4
20210820,13.4,4.4,5.2,8.9
20210821,12.5,0.1,-3.9,6.3
20210822,13.8,1.3,-1.3,7.6
20210823,14.8,4.1,5.5,9.5
20210824,13.8,7.9,5.9,10.9
20210825,14.9,6.4,3.6,10.7
20210826,14.8,6.7,3,10.8
20210827,12.4,9,10,10.7
20210828,17.4,10.3,9.8,13.9
20210829,14.4,7.2,4.3,10.8
20210830,15.5,5.3,2.7,10.4
20210831,16.5,-1.3,-4.7,7.6
20210901,16.7,-1.1,-4.1,7.8
20210902,15.8,3,-0.7,9.4
20210903,17.2,1.5,-1.5,9.4
20210904,15.6,5.5,2.7,10.6
20210905,14.6,4.8,0.3,9.7
20210906,14.4,6.3,3.5,10.4
20210907,13.7,9,8.6,11.4
20210908,13.2,4,3.8,8.6
20210909,11.7,4,4,7.9
20210910,13.1,5.3,6.5,9.2
20210911,13,4.8,3.1,8.9
20210912,11.4,4.3,2.4,7.9
20210913,13.4,5.2,7.6,9.3
20210914,12.1,1.6,-1,6.9
20210915,14.4,1.4,-2,7.9
20210916,15,0.4,-1.8,7.7
20210917,15.8,1.4,-4,8.6
20210918,16,2.4,-1.9,9.2
20210919,12.7,6.4,6.2,9.6
20210920,14.1,7.4,5,10.8
20210921,15.2,7.4,6,11.3
20210922,12.4,8.2,7.6,10.3
20210923,13.7,9.4,8.7,11.6
20210924,17,7.5,3.9,12.3
20210925,17,5.9,2.9,11.5
20210926,13.4,5.9,3.2,9.7
20210927,12.5,0.5,-2.4,6.5
20210928,15.3,-0.5,-2.7,7.4
20210929,14.8,1.8,-1.6,8.3
20210930,13.2,5.7,5,9.5
20211001,12.6,4.7,1.3,8.7
20211002,15.4,7.1,5,11.3
20211003,17,6.6,4,11.8
20211004,17.8,9.1,9.2,13.5
20211005,16.2,9.3,6.4,12.8
20211006,18.3,10.2,9,14.3
20211007,15,11.3,12,13.2
20211008,19.8,9.4,6.4,14.6
20211009,18.6,8.7,6,13.7
20211010,16.9,7.9,4.8,12.4
20211011,17.2,7.7,5.5,12.5
20211012,13.1,5.9,3.8,9.5
20211013,13.6,2.2,-0.8,7.9
20211014,15,1.3,-1.1,8.2
20211015,18.3,1.3,-0.6,9.8
20211016,18.8,5.3,5.2,12.1
20211017,17.1,8.2,6.4,12.7
20211018,15.3,11.6,10.5,13.5
20211019,17.3,8.5,5.3,12.9
20211020,15.5,6,3.1,10.8
20211021,20.1,7.2,5.6,13.7
20211022,21.9,5.7,3.5,13.8
20211023,24.3,7.6,5.8,16
20211024,21.3,10,10.7,15.7
20211025,18.5,12.6,11.6,15.6
20211026,22.4,10,7,16.2
20211027,16.8,13.3,13.5,15.1
20211028,21.6,9.1,7.4,15.4
20211029,21.4,10.6,8.8,16
20211030,18.8,11.7,12.3,15.3
20211031,21.6,8.6,6.8,15.1
20211101,15.9,8.8,8.8,12.4
20211102,18.4,10.2,8.7,14.3
20211103,19.8,4.5,2,12.2
20211104,17.4,3.2,-0.1,10.3
20211105,24.2,6.7,5.2,15.5
20211106,25.2,6.9,4.6,16.1
20211107,26,11,9.5,18.5
20211108,25.8,8,5.1,16.9
20211109,23.7,10.1,7.1,16.9
20211110,24,12.6,-0.2,18.3
20211111,22.2,11.1,8.1,16.7
20211112,21.2,14.3,14,17.8
20211113,19.5,15.9,15.3,17.7
20211114,22.6,13.4,11.9,18
20211115,18,9.5,6.8,13.8
20211116,19,10.6,10.3,14.8
20211117,14.6,7.1,6.6,10.9
20211118,16.1,6,3.2,11.1
20211119,19.2,5.7,2.5,12.5
20211120,20.7,7.6,4.1,14.2
20211121,20.9,8.9,5.6,14.9
20211122,16,9.8,6.6,12.9
20211123,21.9,12.7,12.1,17.3
20211124,23.6,10.2,7.3,16.9
20211125,22.5,9,6.7,15.8
20211126,23.9,11.1,10.5,17.5
20211127,21.2,12.7,10.2,17
20211128,17.4,12.6,12.7,15
20211129,18.6,13.4,11.6,16
20211130,28,15.9,15.2,22
20211201,26.6,13.3,11.6,20
20211202,25.8,13.8,11.6,19.8
20211203,27.1,16.2,16.2,21.7
20211204,19.1,14,13.8,16.6
20211205,17.8,15.6,15.7,16.7
20211206,18.8,14,14,16.4
20211207,14.8,10.8,10.7,12.8
20211208,19.5,9.1,5,14.3
20211209,21.5,12.6,14.1,17.1
20211210,20.5,12.9,11.2,16.7
20211211,24.4,15.9,15.6,20.2
20211212,23.1,14.2,14.3,18.7
20211213,19.4,13.5,12.4,16.5
20211214,22.5,14.4,14,18.5
20211215,20.3,13,13,16.7
20211216,24.4,10.5,8.4,17.5
20211217,25.7,14.9,14.3,20.3
20211218,19.6,9.9,8.2,14.8
20211219,18.2,11.3,9.5,14.8
20211220,22.7,9.5,7,16.1
20211221,20.7,11,8.1,15.9
20211222,19.8,13.7,13.3,16.8
20211223,23.3,13.6,10.3,18.5
20211224,23.2,9.9,8,16.6
20211225,22.7,10.4,8.9,16.6
20211226,20.8,9.5,7.4,15.2
20211227,21.9,11.9,8.6,16.9
20211228,21.9,13.7,13.5,17.8
20211229,17.7,11.6,11.6,14.7
20211230,20.6,10.7,9,15.7
20211231,19.7,10.5,8.2,15.1
20220101,21.6,11.3,9.5,16.5
20220102,27.5,11.3,8.6,19.4
20220103,31.2,14,12.8,22.6
20220104,28.9,13.1,11.8,21
20220105,28.4,13.1,11,20.8
20220106,28.9,15.5,14.3,22.2
20220107,26.8,13,9.9,19.9
20220108,24.2,12.2,9.8,18.2
20220109,23.1,14.2,11.8,18.7
20220110,22,13.5,12.2,17.8
20220111,24.6,16.6,16.9,20.6
20220112,26,14.3,13.1,20.2
20220113,23.1,8.2,5.5,15.7
20220114,26.9,9.8,6.5,18.4
20220115,27.6,11.2,9.3,19.4
20220116,29.1,11.7,10.1,20.4
20220117,29,13.5,11.1,21.3
20220118,27.9,15.6,13.4,21.8
20220119,26.8,17.5,16.1,22.2
20220120,24,11,10.3,17.5
20220121,19.3,8.2,6.2,13.8
20220122,25.7,9.9,7.6,17.8
20220123,28.2,11.3,9.6,19.8
20220124,26.7,9.9,6.9,18.3
20220125,27.5,11.3,8.2,19.4
20220126,19,16.3,16.3,17.7
20220127,23.2,9.5,7.2,16.4
20220128,24.6,10,8.2,17.3
20220129,24.5,10.6,7.9,17.6
20220130,26.8,10.8,7.5,18.8
20220131,27.4,10.7,7.6,19.1
20220201,30.3,12.5,10.2,21.4
20220202,28.6,16.8,17,22.7
20220203,20.5,17.7,17.7,19.1
20220204,24.2,17.8,17.4,21
20220205,20.3,15.2,15.6,17.8
20220206,17.1,12.5,12.7,14.8
20220207,22.5,8.9,7.7,15.7
20220208,27,11.7,11.9,19.4
20220209,32.5,18.1,16.9,25.3
20220210,21.6,18.8,18.7,20.2
20220211,22.6,14.9,14.3,18.8
20220212,23.7,16,15.7,19.9
20220213,18.5,8.8,8.6,13.7
20220214,14.2,8,6.9,11.1
20220215,23,8.5,7.1,15.8
20220216,24.7,10.6,8.1,17.7
20220217,22.7,10.7,7.6,16.7
20220218,24.8,9.4,7.1,17.1
20220219,24.1,12.1,11.5,18.1
20220220,19.8,9.7,8.6,14.8
20220221,24.2,9.3,7.4,16.8
20220222,25.6,10.6,10.2,18.1
20220223,23.4,13.6,13.4,18.5
20220224,23.3,13.7,13.6,18.5
20220225,25.4,8.9,6,17.2
20220226,24.6,11.2,8.8,17.9
20220227,24.8,12.6,10,18.7
20220228,23.7,10.8,9,17.3
20220301,24.6,13.4,13.6,19
20220302,24.7,10.4,8.8,17.6
20220303,25.2,7.3,5.2,16.3
20220304,26.1,11.2,11.2,18.7
20220305,24.2,14.8,14.6,19.5
20220306,25.4,11.3,8,18.4
20220307,24.2,11,8.9,17.6
20220308,26.8,10.9,7.9,18.9
20220309,26.7,10.5,7.5,18.6
20220310,27.4,11.6,8,19.5
20220311,28.4,13.7,10,21.1
20220312,23,13.4,10,18.2
20220313,22.6,12.4,10.2,17.5
20220314,25.6,6,2.6,15.8
20220315,25.4,8.2,5.1,16.8
20220316,25.1,7.2,3.8,16.2
20220317,24.6,7,3.6,15.8
20220318,22.8,6.4,3.4,14.6
20220319,20.7,8.4,6,14.6
20220320,20.4,10.2,8.5,15.3
20220321,22.9,11.9,11.9,17.4
20220322,17.7,10.5,9.3,14.1
20220323,20.3,11.2,11.8,15.8
20220324,24.8,13.7,13.2,19.3
20220325,22.2,10.5,8.9,16.4
20220326,24.6,6.6,3.9,15.6
20220327,26,6,2.5,16
20220328,27.2,8.6,5.4,17.9
20220329,25.9,10.3,11.4,18.1
20220330,24.9,11.4,8.8,18.2
20220331,25.4,9.8,6.8,17.6
20220401,24.6,11.8,9.4,18.2
20220402,23.6,13.4,10.9,18.5
20220403,24.2,7.6,4.3,15.9
20220404,24.5,5.7,2.2,15.1
20220405,24.6,8.5,6.4,16.6
20220406,18.4,11.9,12.7,15.2
20220407,17.9,7.1,4.6,12.5
20220408,19,7.2,5.8,13.1
20220409,16.4,6.3,3.5,11.4
20220410,20.6,7.2,3.6,13.9
20220411,20.1,9.7,6.6,14.9
20220412,18.3,8.8,5.4,13.6
20220413,17.4,5.3,3,11.4
20220414,19.8,1,-2,10.4
20220415,19.7,6.8,6,13.3
20220416,18.8,8,4.4,13.4
20220417,18.7,7.6,5.6,13.2
20220418,20.9,4.2,0.4,12.6
20220419,21,3,0.6,12
20220420,21.4,6.3,7.9,13.9
20220421,20.2,15.3,16.2,17.8
20220422,21.5,10.8,9.2,16.2
20220423,15,6.5,5.3,10.8
20220424,14.6,7.2,7.4,10.9
20220425,15.5,9.1,8.2,12.3
20220426,16.5,6.9,3.5,11.7
20220427,17.5,4.2,1.7,10.9
20220428,18.9,6.3,3.6,12.6
20220429,19.5,8,5.2,13.8
20220430,18.7,5,2.8,11.9
20220501,18.9,7.1,8.9,13
20220502,17,13.4,12.4,15.2
20220503,18.6,13.1,11.1,15.9
20220504,20.6,10.3,9.6,15.5
20220505,18.8,10.2,9.7,14.5
20220506,18.7,8.3,6.8,13.5
20220507,19.2,6.8,3.9,13
20220508,16.2,9.6,9,12.9
20220509,16.3,11.9,11.7,14.1
20220510,18.9,7.8,6.7,13.4
20220511,17.8,-0.2,-2.6,8.8
20220512,15.8,1.1,1.5,8.5
20220513,13.2,6.2,3.8,9.7
20220514,13.1,8.2,7,10.7
20220515,14.7,9.8,10.5,12.3
20220516,15.3,11.9,11.8,13.6
20220517,17.7,9.4,8.9,13.6
20220518,15.1,9,7.6,12.1
20220519,15.8,8.1,5.2,12
20220520,14.6,8,7.3,11.3
20220521,9.2,3.1,0.7,6.2
20220522,9.8,4.8,5.5,7.3
20220523,11.3,2.6,0,7
20220524,11.8,3.4,3.3,7.6
20220525,13.6,6.8,5.8,10.2
20220526,12.2,4.6,2.2,8.4
20220527,12.9,1.6,0.3,7.3
20220528,11.9,1.1,-1.3,6.5
20220529,10.3,1.7,1.2,6
20220530,8.9,3.7,3.7,6.3
20220531,12.4,8.6,9.5,10.5
20220601,18,10.1,8.2,14.1
20220602,13.7,9.8,8.8,11.8
20220603,11.9,6.9,6.5,9.4
20220604,11,0.7,-1.5,5.9
20220605,11.4,0.7,-1,6.1
20220606,12.6,1.7,1.6,7.2
20220607,16.7,2.7,0.3,9.7
20220608,13.6,7,3,10.3
20220609,10.9,7.7,5.4,9.3
20220610,10,6.1,4.7,8.1
20220611,10.8,5.2,3.6,8
20220612,10,3.2,-0.4,6.6
20220613,10.8,5.1,3.4,8
20220614,8.3,4.3,1.9,6.3
20220615,10.2,5.7,5,8
20220616,10.1,6,3.9,8.1
20220617,10.8,5.9,5.2,8.4
20220618,8.7,5.5,4.7,7.1
20220619,9.5,2.6,-0.7,6.1
20220620,12.2,-1.7,-3.6,5.3
20220621,12.4,-3.5,-6.1,4.5
20220622,8.1,-3.3,-5.4,2.4
20220623,7.6,-3.1,-5.7,2.3
20220624,5.7,-2.9,-3.4,1.4
20220625,8,0.6,1.7,4.3
20220626,13.2,7.1,5.8,10.2
20220627,13,3.9,1.2,8.5
20220628,10.5,4.5,3.9,7.5
20220629,10.2,4.3,0.8,7.3
20220630,10,3.8,0.7,6.9
20220701,9.5,0.7,-2.1,5.1
20220702,10.7,1.6,0.5,6.2
20220703,11.6,4.5,2.2,8.1
20220704,11.9,4.2,1,8.1
20220705,9.2,2.8,2.3,6
20220706,7.4,3.1,-0.4,5.3
20220707,12.6,0.5,-1.1,6.6
20220708,9.2,1,1.1,5.1
20220709,13.6,9,9.7,11.3
20220710,12.3,4.9,4.3,8.6
20220711,9.2,0.9,-1.1,5.1
20220712,8.3,1.2,0.6,4.8
20220713,11.9,6.5,5.4,9.2
20220714,11.7,5.1,3.3,8.4
20220715,14.1,2,0.1,8.1
20220716,10.6,0.1,-2.4,5.4
20220717,9.7,0.1,-2.9,4.9
20220718,11.1,1.7,2.9,6.4
20220719,12.4,10.6,10,11.5
20220720,13,8.1,7.2,10.6
20220721,12.4,4.8,1.6,8.6
20220722,11.6,-3.1,-6.5,4.3
20220723,10.8,-2.4,-4,4.2
20220724,12.4,2,-1.4,7.2
20220725,11.8,0.8,-1.8,6.3
20220726,7.2,2.8,3,5
20220727,14.2,6.5,5.5,10.4
20220728,12.8,6.9,3.8,9.9
20220729,12.2,6.7,5.7,9.5
20220730,13.1,3,0.5,8.1
20220731,6.2,3.7,2.9,5
20220801,11.6,0.6,-1.1,6.1
20220802,11.7,1.6,2.7,6.7
20220803,11.9,6.9,6.1,9.4
20220804,15.4,3.6,0.6,9.5
20220805,14.6,2.1,-0.6,8.4
20220806,13.9,4.7,5.9,9.3
20220807,14.5,8.7,6.6,11.6
20220808,15.6,3,0.8,9.3
20220809,9.2,3.7,3.1,6.5
20220810,8.8,-1.1,-3.6,3.9
20220811,13.2,-4.1,-7.6,4.6
20220812,12.3,-2.1,-5.6,5.1
20220813,12.8,-3.7,-6.4,4.6
20220814,12.8,-2.1,-2.4,5.4
20220815,11.4,-0.6,-2.2,5.4
20220816,11.9,0.6,0.4,6.3
20220817,13.7,8.2,8.8,11
20220818,15.9,11.7,12.3,13.8
20220819,16.4,12.2,11.3,14.3
20220820,16.4,12.3,13.8,14.4
20220821,14.9,7.8,6.8,11.4
20220822,13,4,0.9,8.5
20220823,14.2,3,0.5,8.6
20220824,13.6,5.1,4.3,9.4
20220825,13.5,7.4,7.7,10.5
20220826,15.7,6.8,5.4,11.3
20220827,17.8,-0.2,-2.9,8.8
20220828,17.8,3.2,2.3,10.5
20220829,16.8,4.1,0.6,10.5
20220830,16.6,5.9,1.9,11.3
20220831,14.1,4.2,1.7,9.2
20220901,14.8,6.1,7.6,10.5
20220902,14.4,8.8,7.9,11.6
20220903,14,10.6,10.3,12.3
20220904,15.5,4.4,0.6,10
20220905,12.1,5.5,4.5,8.8
20220906,11.3,-1.4,-5.3,5
20220907,11.6,2.1,-0.2,6.9
20220908,13,2.9,1.3,8
20220909,16.2,1.7,-0.8,9
20220910,16.8,0.1,-2.4,8.5
20220911,18.3,0.9,-1.1,9.6
20220912,18.1,5.8,3.5,12
20220913,13.5,6.7,4.7,10.1
20220914,12.4,0.7,-2.9,6.6
20220915,12.5,-2.8,-5.3,4.9
20220916,14,0.4,1.6,7.2
20220917,15.2,4.5,1.1,9.9
20220918,13.9,3.8,0.5,8.9
20220919,16.7,8.6,7.8,12.7
20220920,17.6,6.3,3.7,12
20220921,11.9,8.3,7.1,10.1
20220922,13,3.2,0.7,8.1
20220923,19.7,1.9,-0.9,10.8
20220924,20.7,4.6,1.2,12.7
20220925,20,7.4,3.4,13.7
20220926,20.4,7.1,4.8,13.8
20220927,20.8,8.9,9.5,14.9
20220928,17.3,10,9.8,13.7
20220929,14.2,10.9,11.8,12.6
20220930,18.7,9.2,9.5,14
20221001,14.8,4.5,1.7,9.7
20221002,17.7,6.3,6.8,12
20221003,18.2,9.8,9.9,14
20221004,19,3.1,-0.9,11.1
20221005,16.9,5.6,3.3,11.3
20221006,10.1,-1,-3.9,4.6
20221007,10.8,-2.9,-5.6,4
20221008,18.2,0.9,-1.6,9.6
20221009,17.4,5.1,0.3,11.3
20221010,15.5,8.6,8.4,12.1
20221011,15.3,8,4.1,11.7
20221012,17.1,6.3,3.2,11.7
20221013,17.3,6.5,2.6,11.9
20221014,19.7,0.9,-2.7,10.3
20221015,20.6,4.8,0.7,12.7
20221016,17.9,7.3,2.8,12.6
20221017,19.1,8.8,6.3,14
20221018,18.8,5.1,2.1,12
20221019,15.4,5.7,2.5,10.6
20221020,14.4,6.6,5.7,10.5
20221021,17,6.9,5,12
20221022,19,7.5,7.3,13.3
20221023,18.1,6.3,3.3,12.2
20221024,19.8,8.1,5.4,14
20221025,18.5,7.4,7.4,13
20221026,12.9,8.1,8.7,10.5
20221027,16.5,7.3,5,11.9
20221028,17.1,11,11,14.1
20221029,16.6,14.4,14.5,15.5
20221030,17.4,10.3,5.9,13.9
20221031,19.3,9.8,6.4,14.6
20221101,20.7,10.2,7.5,15.5
20221102,20.1,11.4,9.7,15.8
20221103,17,12.3,11.9,14.7
20221104,18,6.6,3.4,12.3
20221105,18.3,9.4,8.2,13.9
20221106,18.1,5,1.6,11.6
20221107,21.6,7.8,3.2,14.7
20221108,20.9,6,3.2,13.5
20221109,24.8,8.6,4.3,16.7
20221110,23.9,9.6,5.7,16.8
20221111,25,6.1,2.7,15.6
20221112,24.1,10.9,8.2,17.5
20221113,22.8,12.4,13.3,17.6
20221114,22,8.4,4.8,15.2
20221115,25.2,9.2,5.9,17.2
20221116,26.5,9.2,5.5,17.9
20221117,24.1,12.2,11,18.2
20221118,22.2,12.8,12,17.5
20221119,24.6,14,14.1,19.3
20221120,19.4,10.7,8.8,15.1
20221121,22.6,13.1,12.3,17.9
20221122,17.2,8.6,3.9,12.9
20221123,17.5,8.8,6.8,13.2
20221124,17.2,8.4,7.1,12.8
20221125,12.4,6.8,4.4,9.6
20221126,15.5,7.7,5.5,11.6
20221127,15.7,10.3,10.4,13
20221128,14.6,4.9,0.8,9.8
20221129,18.2,8.2,6.4,13.2
20221130,19.6,11.2,11.5,15.4
20221201,17.8,9.5,6.8,13.7
20221202,19.3,9.6,8.8,14.5
20221203,18.4,5.3,2.7,11.9
20221204,21.2,8.3,5.1,14.8
20221205,20.5,11.6,11,16.1
20221206,21,10.5,9.2,15.8
20221207,21.9,12,9.4,17
20221208,25.2,11.4,8.4,18.3
20221209,24.4,12.2,12.3,18.3
20221210,17,13,11.2,15
20221211,22.1,9.4,6.6,15.8
20221212,17.4,11,8.1,14.2
20221213,23,9.8,7.2,16.4
20221214,26.7,12.3,9.9,19.5
20221215,27.4,15.3,15.3,21.4
20221216,24.5,16.5,16.9,20.5
20221217,23.3,13.5,11.8,18.4
20221218,25,14.4,12.9,19.7
20221219,24.6,12.2,12,18.4
20221220,20.9,10.3,8.9,15.6
20221221,19.8,11.2,9.4,15.5
20221222,23.4,8.5,5.3,16
20221223,21.6,12.2,11.1,16.9
20221224,24.1,10.8,8.4,17.5
20221225,25.3,9.8,6.8,17.6
20221226,24.9,11,8.8,18
20221227,29.1,10.9,8.2,20
20221228,29.2,14.8,14.1,22
20221229,28.1,11.8,10.3,20
20221230,27.9,12,10.4,20
20221231,23.9,10,6.5,17
20230101,27.1,13.5,10.8,20.3
20230102,28,15.7,12.1,21.9
20230103,27.9,13.7,11,20.8
20230104,26.7,14.8,13.3,20.8
20230105,26.2,15.9,15.6,21.1
20230106,22.5,16.9,17,19.7
20230107,23.8,16.1,14.6,20
20230108,24.9,14.2,13.2,19.6
20230109,29.6,9.3,6.6,19.5
20230110,31.5,12.1,9.1,21.8
20230111,28.7,15.3,13.4,22
20230112,25,11.9,9.1,18.5
20230113,28.4,14.2,11,21.3
20230114,21.2,15.5,14.8,18.4
20230115,28.1,15.4,14.2,21.8
20230116,27.1,14.2,11.9,20.7
20230117,27.8,12.5,9.1,20.2
20230118,27.4,15.4,14.5,21.4
20230119,28.7,13.5,10.3,21.1
20230120,29.2,11.6,9,20.4
20230121,24.2,11,8,17.6
20230122,27,13.6,10.4,20.3
20230123,21.8,8,5.8,14.9
20230124,25.8,10.2,6.2,18
20230125,26.8,10.6,7,18.7
20230126,27.5,14.7,11,21.1
20230127,20.3,13.2,9.3,16.8
20230128,27,13.9,12,20.5
20230129,27.7,15.3,13.1,21.5
20230130,27.2,17.5,16.7,22.4
20230131,27.6,16.1,15.3,21.9
20230201,25.4,16.2,15.5,20.8
20230202,24.8,17.3,16.8,21.1
20230203,23.4,17.9,17.7,20.7
20230204,26.9,18,16.5,22.5
20230205,28.9,16.6,16.7,22.8
20230206,22.2,13.9,10.6,18.1
20230207,22.7,13.5,11.1,18.1
20230208,23.1,12.8,12.2,18
20230209,20.5,9,5.2,14.8
20230210,20.3,8.8,5.6,14.6
20230211,23.1,7.4,4.1,15.3
20230212,26.4,11.8,10.1,19.1
20230213,27.8,10.2,8.2,19
20230214,27.8,13.8,10.2,20.8
20230215,23.5,11.7,8.8,17.6
20230216,25.9,14.1,13.4,20
20230217,24.2,7.6,5,15.9
20230218,28.2,11.5,8.3,19.9
20230219,24.4,10.1,6.7,17.3
20230220,25.2,10.9,8.3,18.1
20230221,28.3,13.9,13.2,21.1
20230222,28.3,16.8,16.2,22.6
20230223,22.9,9.6,9.2,16.3
20230224,19.8,4.9,0.5,12.4
20230225,21.9,5,2.3,13.5
20230226,23.6,9.2,9.5,16.4
20230227,24.5,12,10.7,18.3
20230228,23.7,10.1,8.9,16.9
20230301,27.4,10.9,8.4,19.2
20230302,25.2,13.3,11.2,19.3
20230303,26.2,12.2,11,19.2
20230304,23,14.4,12.8,18.7
20230305,23.2,10.1,6.4,16.7
20230306,17.7,3.8,0.3,10.8
20230307,22.4,5.1,2.1,13.8
20230308,21.2,8.5,10.1,14.9
20230309,19.8,14.6,13.6,17.2
20230310,19.7,14,12.8,16.9
20230311,22.2,9.7,7.1,16
20230312,22.2,10.4,8.1,16.3
20230313,22.7,11.7,13.2,17.2
20230314,18.6,6.2,3.4,12.4
20230315,21.6,7,4.3,14.3
20230316,23.4,8.9,8.5,16.2
20230317,21,13.2,14.1,17.1
20230318,20.7,9.1,6.2,14.9
20230319,20.4,9.4,7.6,14.9
20230320,22.3,10.9,9.5,16.6
20230321,-,10.3,-,-
20230322,14.6,4.5,1.7,9.6
20230323,19,2.3,-0.1,10.7
20230324,21.6,3.2,3.9,12.4
20230325,17.1,8.4,9.6,12.8
20230326,18.4,11.2,12.1,14.8
20230327,19.4,9.6,6.9,14.5
20230328,18.6,10.9,9,14.8
20230329,15.3,1.5,-1.5,8.4
20230330,13.9,1.1,-1.9,7.5
20230331,20.4,3.1,1,11.8
20230401,19.6,4.9,6.6,12.3
20230402,20.6,11.9,10.7,16.3
20230403,20.9,8.4,5.5,14.7
20230404,19.3,2.9,0.4,11.1
20230405,20.5,5.7,4.6,13.1
20230406,17.5,10.3,10.9,-
20230407,17,2.5,-0.7,9.8
20230408,20.3,2.5,-0.5,11.4
20230409,18.6,2.5,0.5,10.6
20230410,16.7,8.7,9.2,12.7
20230411,18.3,11.5,11,14.9
20230412,15.7,10.5,8.6,13.1
20230413,15.7,10.7,9.8,13.2
20230414,13.3,7.1,5.2,10.2
20230415,21.2,4,0.8,12.6
20230416,20.6,4.8,1.4,12.7
20230417,19.7,3.3,0.3,11.5
20230418,21.1,8.6,8.9,14.9
20230419,17.1,11.7,12.2,14.4
20230420,20.6,10.5,8.2,15.6
20230421,18.7,11.5,13.4,-
20230422,17.5,12.6,10.3,15.1
20230423,20.7,9.1,8.2,14.9
20230424,19.2,7.2,4.4,13.2
20230425,15.4,2.1,-0.6,8.8
20230426,12,5.8,7.1,-
20230427,14.8,4.4,1.9,9.6
20230428,17.1,4.6,2.4,10.9
20230429,17.4,4.6,1.8,11
20230430,16.7,5.8,5.3,11.3
20230501,14.8,7.4,7.4,11.1
20230502,21.6,10.3,11.1,-
20230503,18.3,14.5,14.4,16.4
20230504,19.2,12.6,11.3,15.9
20230505,20.7,10.4,8.6,15.6
20230506,17.8,11.6,10.6,14.7
20230507,20.5,12.7,13.1,16.6
20230508,17.9,13.8,13.7,15.9
20230509,19.7,14.5,14.8,17.1
20230510,16.8,9.8,9.7,13.3
20230511,11.2,2.6,-0.1,6.9
20230512,12.5,0.9,-1.7,6.7
20230513,15,1.2,-1.8,8.1
20230514,11.4,3.4,5.1,-
20230515,11.7,6.5,5.3,9.1
20230516,14.5,3.1,1.1,8.8
20230517,10.5,3.1,4.4,-
20230518,11.5,7.8,7.7,9.7
20230519,15.8,8.3,7.1,12.1
20230520,15.8,9.3,5.9,12.6
20230521,17.3,8.6,6.8,13
20230522,13.8,5.7,1.7,9.8
20230523,15.2,3.1,-0.1,9.2
20230524,14.4,4,3.6,9.2
20230525,14.9,2.9,1,8.9
20230526,10.2,4.4,4.9,7.3
20230527,14.8,7.4,8.1,-
20230528,16.6,8.3,5.2,12.5
20230529,17.1,7.1,3.4,12.1
20230530,15.1,7.2,3.3,11.2
20230531,13.2,5.4,1.3,9.3
20230601,12.9,6.3,5.4,9.6
20230602,14.4,8.1,5.4,11.3
20230603,13.4,5.5,3.6,9.5
20230604,13,3.5,1,8.3
20230605,11.2,3.3,-0.2,7.3
20230606,13,-1,-3.9,6
20230607,12.2,-2.3,-4.3,5
20230608,11.2,-1.9,-4,4.7
20230609,8.9,-3.5,-4.5,2.7
20230610,9.2,-4,-5.3,2.6
20230611,10.1,-3.3,-4.2,3.4
20230612,8.4,-0.9,-0.8,3.8
20230613,13.2,1,-2.3,7.1
20230614,9.6,-0.2,-3.1,4.7
20230615,9.6,-0.2,-2.6,4.7
20230616,7.2,-2.1,-3.2,2.6
20230617,6.4,-4.1,-5.3,1.2
20230618,11.3,-3.6,-3.6,3.9
20230619,11.8,2.2,0.5,7
20230620,12.4,3.3,1.1,7.9
20230621,15.7,2,-0.7,8.9
20230622,17,1.5,-0.4,9.3
20230623,10.9,2.4,0.4,6.7
20230624,14.6,3.4,2.3,9
20230625,13.5,5.9,4.8,9.7
20230626,14.4,6.3,5.4,10.4
20230627,10.8,5.4,3.9,8.1
20230628,13.3,6.1,5.8,9.7
20230629,13.6,6.4,5.6,10
20230630,13.1,4.2,2.8,8.7
20230701,8.2,0.2,-1,4.2
20230702,7,0.7,0.4,3.9
20230703,4.8,1.2,-0.4,3
20230704,8.8,2.9,0.2,5.9
20230705,9.7,5.4,5,7.6
20230706,11.1,4.9,4.4,8
20230707,11.7,-1.2,-3.5,5.3
20230708,7.4,-0.3,0.1,3.6
20230709,12.3,6.3,4.5,9.3
20230710,10.7,6.4,6.2,8.6
20230711,11.5,5.9,2.9,8.7
20230712,11.4,5.1,2.3,8.3
20230713,11.1,4.6,3,7.9
20230714,8.7,4.8,5.4,-
20230715,12.3,8,8.4,10.2
20230716,14.3,4.4,2.5,9.4
20230717,10.1,2.7,-0.8,6.4
20230718,11,4.9,5.4,8
20230719,14.2,7,5.2,10.6
20230720,12.6,5.3,2.2,9
20230721,15.2,0.5,-3.8,7.9
20230722,13.2,-3.3,-7.1,5
20230723,11.8,-0.5,-3.8,5.7
20230724,7.1,0.8,0.3,4
20230725,15.1,-1,-3.5,7.1
20230726,11.3,-0.4,-3.2,5.5
20230727,12.3,0.8,-2,6.6
20230728,11.2,-1.8,-3.7,4.7
20230729,12.1,-1.5,-4.2,5.3
20230730,12.3,-0.5,-3.4,5.9
20230731,12.5,-0.4,-2.2,6.1
20230801,11.7,2.9,2.4,7.3
20230802,14.4,3.1,0.4,8.8
20230803,8.8,-3.4,-4.7,2.7
20230804,10.1,-2.5,-5,3.8
20230805,11,0.7,0,5.9
20230806,11,5.2,5.1,8.1
20230807,13.7,6.6,4.9,10.2
20230808,13.7,-1.1,-3.3,6.3
20230809,8.9,0.6,-1.8,4.8
20230810,11.5,1.4,1.1,6.5
20230811,10.2,-3.7,-5.5,3.3
20230812,11.4,-2.8,-3.7,4.3
20230814,14.3,5.6,3,10
20230815,12.3,2.1,-1.2,7.2
20230816,10.1,3.9,3.4,7
20230817,12.4,-1.1,-2.1,5.7
20230818,13,-0.4,-1.5,6.3
20230819,13.1,0.9,-1.6,7
20230821,13,6.1,4.6,9.6
20230822,15.7,-2,-4.5,6.9
20230824,13.7,4.6,0.2,9.2
20230825,13.7,2.3,-0.8,8
20230826,15.7,4.4,1.7,10.1
20230827,14.7,6,2.7,10.4
